insert into Directors(id,familyName,givenNames) values (1,'Cameron','James');
insert into Movies(id,title,year) values (1,'The Abyss',1989);
insert into Directs(director,movie) values (1,1);
insert into Movies(id,title,year) values (2,'Aliens',1986);
insert into Directs(director,movie) values (1,2);
insert into Movies(id,title,year) values (3,'Avatar',2009);
insert into Directs(director,movie) values (1,3);
insert into Movies(id,title,year) values (4,'Ghosts of the Abyss',2003);
insert into Directs(director,movie) values (1,4);
insert into Movies(id,title,year) values (5,'Terminator 2: Judgment Day',1991);
insert into Directs(director,movie) values (1,5);
insert into Movies(id,title,year) values (6,'The Terminator',1984);
insert into Directs(director,movie) values (1,6);
insert into Movies(id,title,year) values (7,'Titanic',1997);
insert into Directs(director,movie) values (1,7);
insert into Movies(id,title,year) values (8,'True Lies',1994);
insert into Directs(director,movie) values (1,8);
insert into Movies(id,title,year) values (9,'Xenogenesis',1978);
insert into Directs(director,movie) values (1,9);
insert into Directors(id,familyName,givenNames) values (2,'von Trier','Lars');
insert into Movies(id,title,year) values (10,'Antichrist',2009);
insert into Directs(director,movie) values (2,10);
insert into Movies(id,title,year) values (11,'Dancer in the Dark',2000);
insert into Directs(director,movie) values (2,11);
insert into Movies(id,title,year) values (12,'Dogville',2003);
insert into Directs(director,movie) values (2,12);
insert into Movies(id,title,year) values (13,'Epidemic',1987);
insert into Directs(director,movie) values (2,13);
insert into Movies(id,title,year) values (14,'Europa',1991);
insert into Directs(director,movie) values (2,14);
insert into Movies(id,title,year) values (15,'Medea',1988);
insert into Directs(director,movie) values (2,15);
insert into Directors(id,familyName,givenNames) values (3,'Park','Chan-wook');
insert into Movies(id,title,year) values (16,'Boksuneun naui geot',2002);
insert into Directs(director,movie) values (3,16);
insert into Movies(id,title,year) values (17,'Chinjeolhan geumjassi',2005);
insert into Directs(director,movie) values (3,17);
insert into Movies(id,title,year) values (18,'Gongdong gyeongbi guyeok JSA',2000);
insert into Directs(director,movie) values (3,18);
insert into Movies(id,title,year) values (19,'Moon Is the Sun''s Dream',1992);
insert into Directs(director,movie) values (3,19);
insert into Movies(id,title,year) values (20,'Oldboy',2003);
insert into Directs(director,movie) values (3,20);
insert into Movies(id,title,year) values (21,'Saibogujiman kwenchana',2006);
insert into Directs(director,movie) values (3,21);
insert into Movies(id,title,year) values (22,'Saminjo',1997);
insert into Directs(director,movie) values (3,22);
insert into Movies(id,title,year) values (23,'Simpan',1999);
insert into Directs(director,movie) values (3,23);
insert into Movies(id,title,year) values (24,'Thirst',2009);
insert into Directs(director,movie) values (3,24);
insert into Directors(id,familyName,givenNames) values (4,'Spielberg','Steven');
insert into Movies(id,title,year) values (25,'1941',1979);
insert into Directs(director,movie) values (4,25);
insert into Movies(id,title,year) values (26,'Amistad',1997);
insert into Directs(director,movie) values (4,26);
insert into Movies(id,title,year) values (27,'Artificial Intelligence: AI',2001);
insert into Directs(director,movie) values (4,27);
insert into Movies(id,title,year) values (28,'Catch Me If You Can',2002);
insert into Directs(director,movie) values (4,28);
insert into Movies(id,title,year) values (29,'Close Encounters of the Third Kind',1977);
insert into Directs(director,movie) values (4,29);
insert into Movies(id,title,year) values (30,'The Color Purple',1985);
insert into Directs(director,movie) values (4,30);
insert into Movies(id,title,year) values (31,'E.T.: The Extra-Terrestrial',1982);
insert into Directs(director,movie) values (4,31);
insert into Movies(id,title,year) values (32,'Empire of the Sun',1987);
insert into Directs(director,movie) values (4,32);
insert into Movies(id,title,year) values (33,'Hook',1991);
insert into Directs(director,movie) values (4,33);
insert into Movies(id,title,year) values (34,'Indiana Jones and the Kingdom of the Crystal Skull',2008);
insert into Directs(director,movie) values (4,34);
insert into Movies(id,title,year) values (35,'Indiana Jones and the Last Crusade',1989);
insert into Directs(director,movie) values (4,35);
insert into Movies(id,title,year) values (36,'Indiana Jones and the Temple of Doom',1984);
insert into Directs(director,movie) values (4,36);
insert into Movies(id,title,year) values (37,'Jaws',1975);
insert into Directs(director,movie) values (4,37);
insert into Movies(id,title,year) values (38,'Jurassic Park',1993);
insert into Directs(director,movie) values (4,38);
insert into Movies(id,title,year) values (39,'The Lost World: Jurassic Park',1997);
insert into Directs(director,movie) values (4,39);
insert into Movies(id,title,year) values (40,'Minority Report',2002);
insert into Directs(director,movie) values (4,40);
insert into Movies(id,title,year) values (41,'Raiders of the Lost Ark',1981);
insert into Directs(director,movie) values (4,41);
insert into Movies(id,title,year) values (42,'Saving Private Ryan',1998);
insert into Directs(director,movie) values (4,42);
insert into Movies(id,title,year) values (43,'Schindler''s List',1993);
insert into Directs(director,movie) values (4,43);
insert into Movies(id,title,year) values (44,'The Terminal',2004);
insert into Directs(director,movie) values (4,44);
insert into Directors(id,familyName,givenNames) values (5,'Lynch','David');
insert into Movies(id,title,year) values (45,'Blue Velvet',1986);
insert into Directs(director,movie) values (5,45);
insert into Movies(id,title,year) values (46,'Dune',1984);
insert into Directs(director,movie) values (5,46);
insert into Movies(id,title,year) values (47,'The Elephant Man',1980);
insert into Directs(director,movie) values (5,47);
insert into Movies(id,title,year) values (48,'Eraserhead',1977);
insert into Directs(director,movie) values (5,48);
insert into Movies(id,title,year) values (49,'Inland Empire',2006);
insert into Directs(director,movie) values (5,49);
insert into Movies(id,title,year) values (50,'Lost Highway',1997);
insert into Directs(director,movie) values (5,50);
insert into Movies(id,title,year) values (51,'Mulholland Dr.',2001);
insert into Directs(director,movie) values (5,51);
insert into Movies(id,title,year) values (52,'Rabbits',2002);
insert into Directs(director,movie) values (5,52);
insert into Movies(id,title,year) values (53,'Twin Peaks: Fire Walk with Me',1992);
insert into Directs(director,movie) values (5,53);
insert into Movies(id,title,year) values (54,'Wild at Heart',1990);
insert into Directs(director,movie) values (5,54);
insert into Directors(id,familyName,givenNames) values (6,'Coen','Joel');
insert into Movies(id,title,year) values (55,'Barton Fink',1991);
insert into Directs(director,movie) values (6,55);
insert into Movies(id,title,year) values (56,'The Big Lebowski',1998);
insert into Directs(director,movie) values (6,56);
insert into Movies(id,title,year) values (57,'Blood Simple.',1984);
insert into Directs(director,movie) values (6,57);
insert into Movies(id,title,year) values (58,'Burn After Reading',2008);
insert into Directs(director,movie) values (6,58);
insert into Movies(id,title,year) values (59,'Fargo',1996);
insert into Directs(director,movie) values (6,59);
insert into Movies(id,title,year) values (60,'The Hudsucker Proxy',1994);
insert into Directs(director,movie) values (6,60);
insert into Movies(id,title,year) values (61,'Intolerable Cruelty',2003);
insert into Directs(director,movie) values (6,61);
insert into Movies(id,title,year) values (62,'The Ladykillers',2004);
insert into Directs(director,movie) values (6,62);
insert into Movies(id,title,year) values (63,'No Country for Old Men',2007);
insert into Directs(director,movie) values (6,63);
insert into Movies(id,title,year) values (64,'O Brother, Where Art Thou?',2000);
insert into Directs(director,movie) values (6,64);
insert into Movies(id,title,year) values (65,'Raising Arizona',1987);
insert into Directs(director,movie) values (6,65);
insert into BelongsTo(movie,genre) values (25,'Comedy');
insert into BelongsTo(movie,genre) values (25,'War');
insert into BelongsTo(movie,genre) values (1,'Action');
insert into BelongsTo(movie,genre) values (1,'Adventure');
insert into BelongsTo(movie,genre) values (1,'Sci-Fi');
insert into BelongsTo(movie,genre) values (1,'Thriller');
insert into BelongsTo(movie,genre) values (1,'Drama');
insert into BelongsTo(movie,genre) values (2,'Action');
insert into BelongsTo(movie,genre) values (2,'Horror');
insert into BelongsTo(movie,genre) values (2,'Sci-Fi');
insert into BelongsTo(movie,genre) values (2,'Thriller');
insert into BelongsTo(movie,genre) values (26,'Drama');
insert into BelongsTo(movie,genre) values (26,'History');
insert into BelongsTo(movie,genre) values (26,'Mystery');
insert into BelongsTo(movie,genre) values (10,'Drama');
insert into BelongsTo(movie,genre) values (10,'Horror');
insert into BelongsTo(movie,genre) values (27,'Adventure');
insert into BelongsTo(movie,genre) values (27,'Drama');
insert into BelongsTo(movie,genre) values (27,'Sci-Fi');
insert into BelongsTo(movie,genre) values (3,'Action');
insert into BelongsTo(movie,genre) values (3,'Sci-Fi');
insert into BelongsTo(movie,genre) values (3,'Thriller');
insert into BelongsTo(movie,genre) values (55,'Comedy');
insert into BelongsTo(movie,genre) values (55,'Drama');
insert into BelongsTo(movie,genre) values (56,'Comedy');
insert into BelongsTo(movie,genre) values (56,'Crime');
insert into BelongsTo(movie,genre) values (57,'Crime');
insert into BelongsTo(movie,genre) values (57,'Drama');
insert into BelongsTo(movie,genre) values (57,'Thriller');
insert into BelongsTo(movie,genre) values (45,'Crime');
insert into BelongsTo(movie,genre) values (45,'Drama');
insert into BelongsTo(movie,genre) values (45,'Mystery');
insert into BelongsTo(movie,genre) values (45,'Thriller');
insert into BelongsTo(movie,genre) values (16,'Crime');
insert into BelongsTo(movie,genre) values (16,'Drama');
insert into BelongsTo(movie,genre) values (16,'Thriller');
insert into BelongsTo(movie,genre) values (58,'Comedy');
insert into BelongsTo(movie,genre) values (58,'Crime');
insert into BelongsTo(movie,genre) values (28,'Biography');
insert into BelongsTo(movie,genre) values (28,'Crime');
insert into BelongsTo(movie,genre) values (28,'Drama');
insert into BelongsTo(movie,genre) values (17,'Crime');
insert into BelongsTo(movie,genre) values (17,'Drama');
insert into BelongsTo(movie,genre) values (17,'Thriller');
insert into BelongsTo(movie,genre) values (29,'Adventure');
insert into BelongsTo(movie,genre) values (29,'Drama');
insert into BelongsTo(movie,genre) values (29,'Sci-Fi');
insert into BelongsTo(movie,genre) values (30,'Drama');
insert into BelongsTo(movie,genre) values (11,'Musical');
insert into BelongsTo(movie,genre) values (11,'Drama');
insert into BelongsTo(movie,genre) values (12,'Drama');
insert into BelongsTo(movie,genre) values (12,'Thriller');
insert into BelongsTo(movie,genre) values (12,'Mystery');
insert into BelongsTo(movie,genre) values (46,'Action');
insert into BelongsTo(movie,genre) values (46,'Adventure');
insert into BelongsTo(movie,genre) values (46,'Sci-Fi');
insert into BelongsTo(movie,genre) values (46,'Fantasy');
insert into BelongsTo(movie,genre) values (47,'Biography');
insert into BelongsTo(movie,genre) values (47,'Drama');
insert into BelongsTo(movie,genre) values (47,'History');
insert into BelongsTo(movie,genre) values (32,'Drama');
insert into BelongsTo(movie,genre) values (32,'War');
insert into BelongsTo(movie,genre) values (13,'Drama');
insert into BelongsTo(movie,genre) values (13,'Horror');
insert into BelongsTo(movie,genre) values (48,'Drama');
insert into BelongsTo(movie,genre) values (48,'Fantasy');
insert into BelongsTo(movie,genre) values (48,'Horror');
insert into BelongsTo(movie,genre) values (48,'Sci-Fi');
insert into BelongsTo(movie,genre) values (31,'Adventure');
insert into BelongsTo(movie,genre) values (31,'Drama');
insert into BelongsTo(movie,genre) values (31,'Family');
insert into BelongsTo(movie,genre) values (31,'Fantasy');
insert into BelongsTo(movie,genre) values (31,'Sci-Fi');
insert into BelongsTo(movie,genre) values (14,'Drama');
insert into BelongsTo(movie,genre) values (14,'War');
insert into BelongsTo(movie,genre) values (59,'Crime');
insert into BelongsTo(movie,genre) values (59,'Drama');
insert into BelongsTo(movie,genre) values (59,'Thriller');
insert into BelongsTo(movie,genre) values (4,'Documentary');
insert into BelongsTo(movie,genre) values (4,'Short');
insert into BelongsTo(movie,genre) values (4,'Family');
insert into BelongsTo(movie,genre) values (18,'Drama');
insert into BelongsTo(movie,genre) values (18,'Thriller');
insert into BelongsTo(movie,genre) values (18,'War');
insert into BelongsTo(movie,genre) values (33,'Adventure');
insert into BelongsTo(movie,genre) values (33,'Family');
insert into BelongsTo(movie,genre) values (33,'Fantasy');
insert into BelongsTo(movie,genre) values (60,'Comedy');
insert into BelongsTo(movie,genre) values (60,'Drama');
insert into BelongsTo(movie,genre) values (60,'Fantasy');
insert into BelongsTo(movie,genre) values (60,'Romance');
insert into BelongsTo(movie,genre) values (34,'Action');
insert into BelongsTo(movie,genre) values (34,'Adventure');
insert into BelongsTo(movie,genre) values (35,'Action');
insert into BelongsTo(movie,genre) values (35,'Adventure');
insert into BelongsTo(movie,genre) values (36,'Action');
insert into BelongsTo(movie,genre) values (36,'Adventure');
insert into BelongsTo(movie,genre) values (49,'Crime');
insert into BelongsTo(movie,genre) values (49,'Drama');
insert into BelongsTo(movie,genre) values (49,'Mystery');
insert into BelongsTo(movie,genre) values (61,'Comedy');
insert into BelongsTo(movie,genre) values (61,'Romance');
insert into BelongsTo(movie,genre) values (61,'Crime');
insert into BelongsTo(movie,genre) values (37,'Adventure');
insert into BelongsTo(movie,genre) values (37,'Horror');
insert into BelongsTo(movie,genre) values (37,'Thriller');
insert into BelongsTo(movie,genre) values (38,'Action');
insert into BelongsTo(movie,genre) values (38,'Adventure');
insert into BelongsTo(movie,genre) values (38,'Sci-Fi');
insert into BelongsTo(movie,genre) values (38,'Thriller');
insert into BelongsTo(movie,genre) values (62,'Comedy');
insert into BelongsTo(movie,genre) values (62,'Crime');
insert into BelongsTo(movie,genre) values (62,'Thriller');
insert into BelongsTo(movie,genre) values (50,'Crime');
insert into BelongsTo(movie,genre) values (50,'Drama');
insert into BelongsTo(movie,genre) values (50,'Mystery');
insert into BelongsTo(movie,genre) values (50,'Thriller');
insert into BelongsTo(movie,genre) values (39,'Action');
insert into BelongsTo(movie,genre) values (39,'Adventure');
insert into BelongsTo(movie,genre) values (39,'Horror');
insert into BelongsTo(movie,genre) values (39,'Sci-Fi');
insert into BelongsTo(movie,genre) values (39,'Thriller');
insert into BelongsTo(movie,genre) values (15,'Drama');
insert into BelongsTo(movie,genre) values (40,'Action');
insert into BelongsTo(movie,genre) values (40,'Crime');
insert into BelongsTo(movie,genre) values (40,'Mystery');
insert into BelongsTo(movie,genre) values (40,'Sci-Fi');
insert into BelongsTo(movie,genre) values (40,'Thriller');
insert into BelongsTo(movie,genre) values (19,'Crime');
insert into BelongsTo(movie,genre) values (19,'Romance');
insert into BelongsTo(movie,genre) values (19,'Thriller');
insert into BelongsTo(movie,genre) values (51,'Drama');
insert into BelongsTo(movie,genre) values (51,'Mystery');
insert into BelongsTo(movie,genre) values (51,'Thriller');
insert into BelongsTo(movie,genre) values (63,'Crime');
insert into BelongsTo(movie,genre) values (63,'Drama');
insert into BelongsTo(movie,genre) values (63,'Thriller');
insert into BelongsTo(movie,genre) values (64,'Comedy');
insert into BelongsTo(movie,genre) values (64,'Adventure');
insert into BelongsTo(movie,genre) values (64,'Crime');
insert into BelongsTo(movie,genre) values (20,'Crime');
insert into BelongsTo(movie,genre) values (20,'Drama');
insert into BelongsTo(movie,genre) values (20,'Mystery');
insert into BelongsTo(movie,genre) values (20,'Thriller');
insert into BelongsTo(movie,genre) values (52,'Comedy');
insert into BelongsTo(movie,genre) values (52,'Drama');
insert into BelongsTo(movie,genre) values (52,'Fantasy');
insert into BelongsTo(movie,genre) values (52,'Horror');
insert into BelongsTo(movie,genre) values (52,'Mystery');
insert into BelongsTo(movie,genre) values (41,'Action');
insert into BelongsTo(movie,genre) values (41,'Adventure');
insert into BelongsTo(movie,genre) values (65,'Action');
insert into BelongsTo(movie,genre) values (65,'Adventure');
insert into BelongsTo(movie,genre) values (65,'Comedy');
insert into BelongsTo(movie,genre) values (65,'Crime');
insert into BelongsTo(movie,genre) values (65,'Mystery');
insert into BelongsTo(movie,genre) values (21,'Comedy');
insert into BelongsTo(movie,genre) values (21,'Drama');
insert into BelongsTo(movie,genre) values (21,'Romance');
insert into BelongsTo(movie,genre) values (22,'Comedy');
insert into BelongsTo(movie,genre) values (22,'Crime');
insert into BelongsTo(movie,genre) values (42,'Action');
insert into BelongsTo(movie,genre) values (42,'Drama');
insert into BelongsTo(movie,genre) values (42,'War');
insert into BelongsTo(movie,genre) values (43,'Biography');
insert into BelongsTo(movie,genre) values (43,'Drama');
insert into BelongsTo(movie,genre) values (43,'History');
insert into BelongsTo(movie,genre) values (43,'War');
insert into BelongsTo(movie,genre) values (23,'Short');
insert into BelongsTo(movie,genre) values (23,'Drama');
insert into BelongsTo(movie,genre) values (44,'Drama');
insert into BelongsTo(movie,genre) values (44,'Romance');
insert into BelongsTo(movie,genre) values (44,'Comedy');
insert into BelongsTo(movie,genre) values (5,'Action');
insert into BelongsTo(movie,genre) values (5,'Sci-Fi');
insert into BelongsTo(movie,genre) values (5,'Thriller');
insert into BelongsTo(movie,genre) values (6,'Action');
insert into BelongsTo(movie,genre) values (6,'Sci-Fi');
insert into BelongsTo(movie,genre) values (6,'Thriller');
insert into BelongsTo(movie,genre) values (24,'Drama');
insert into BelongsTo(movie,genre) values (24,'Horror');
insert into BelongsTo(movie,genre) values (7,'Drama');
insert into BelongsTo(movie,genre) values (7,'Romance');
insert into BelongsTo(movie,genre) values (8,'Action');
insert into BelongsTo(movie,genre) values (8,'Adventure');
insert into BelongsTo(movie,genre) values (8,'Comedy');
insert into BelongsTo(movie,genre) values (8,'Romance');
insert into BelongsTo(movie,genre) values (8,'Thriller');
insert into BelongsTo(movie,genre) values (53,'Drama');
insert into BelongsTo(movie,genre) values (53,'Fantasy');
insert into BelongsTo(movie,genre) values (53,'Horror');
insert into BelongsTo(movie,genre) values (53,'Mystery');
insert into BelongsTo(movie,genre) values (53,'Thriller');
insert into BelongsTo(movie,genre) values (54,'Adventure');
insert into BelongsTo(movie,genre) values (54,'Comedy');
insert into BelongsTo(movie,genre) values (54,'Crime');
insert into BelongsTo(movie,genre) values (54,'Drama');
insert into BelongsTo(movie,genre) values (54,'Romance');
insert into BelongsTo(movie,genre) values (54,'Thriller');
insert into BelongsTo(movie,genre) values (9,'Short');
insert into BelongsTo(movie,genre) values (9,'Sci-Fi');
insert into Actors(id,familyname,givenNames,gender) values (1,'13','Nick','m');
insert into AppearsIn(actor,movie,role) values (1,49,'Archaeologist');
insert into Actors(id,familyname,givenNames,gender) values (2,'Abagnale Jr.','Frank','m');
insert into AppearsIn(actor,movie,role) values (2,28,'French Policeman');
insert into Actors(id,familyname,givenNames,gender) values (3,'Abbott','Dalton','m');
insert into AppearsIn(actor,movie,role) values (3,5,'Infant John Connor');
insert into Actors(id,familyname,givenNames,gender) values (4,'Abby','Joe','m');
insert into AppearsIn(actor,movie,role) values (4,8,'Man on Escalator');
insert into Actors(id,familyname,givenNames,gender) values (5,'Abercrombie','Ian','m');
insert into AppearsIn(actor,movie,role) values (5,49,'Henry the Butler');
insert into AppearsIn(actor,movie,role) values (5,39,'Hammond''s Butler');
insert into Actors(id,familyname,givenNames,gender) values (6,'Abernathy','Lewis','m');
insert into AppearsIn(actor,movie,role) values (6,4,'Himself');
insert into AppearsIn(actor,movie,role) values (6,7,'Lewis Bodine');
insert into Actors(id,familyname,givenNames,gender) values (7,'Adams','Stan','m');
insert into AppearsIn(actor,movie,role) values (7,60,'Emcee');
insert into Actors(id,familyname,givenNames,gender) values (8,'Adelo','George','m');
insert into AppearsIn(actor,movie,role) values (8,63,'Mexican in Bathtub');
insert into Actors(id,familyname,givenNames,gender) values (9,'Adelstein','Paul','m');
insert into AppearsIn(actor,movie,role) values (9,61,'Wrigley');
insert into Actors(id,familyname,givenNames,gender) values (10,'Adkins','Seth','m');
insert into AppearsIn(actor,movie,role) values (10,7,'Slovakian 3 Year Old Boy');
insert into Actors(id,familyname,givenNames,gender) values (11,'Adoti','Razaaq','m');
insert into AppearsIn(actor,movie,role) values (11,26,'Yamba');
insert into Actors(id,familyname,givenNames,gender) values (12,'Adsit','Scott','m');
insert into AppearsIn(actor,movie,role) values (12,44,'Cab Driver');
insert into Actors(id,familyname,givenNames,gender) values (13,'Ahn','Yeon-suk','m');
insert into AppearsIn(actor,movie,role) values (13,20,'Young Woo-jin');
insert into Actors(id,familyname,givenNames,gender) values (14,'Aiello','Rick','m');
insert into AppearsIn(actor,movie,role) values (14,53,'Cliff Howard');
insert into Actors(id,familyname,givenNames,gender) values (15,'Aiken','Loclann','m');
insert into AppearsIn(actor,movie,role) values (15,42,'Soldier on the Beach');
insert into Actors(id,familyname,givenNames,gender) values (16,'Akbas','Hayati','m');
insert into AppearsIn(actor,movie,role) values (16,44,'Turkish man');
insert into Actors(id,familyname,givenNames,gender) values (17,'Akrawi','Mike','m');
insert into AppearsIn(actor,movie,role) values (17,8,'Jihad Cameraman');
insert into Actors(id,familyname,givenNames,gender) values (18,'Alacchi','Carl','m');
insert into AppearsIn(actor,movie,role) values (18,44,'Passenger');
insert into Actors(id,familyname,givenNames,gender) values (19,'Albanese','Michael','m');
insert into AppearsIn(actor,movie,role) values (19,5,'SWAT officer');
insert into Actors(id,familyname,givenNames,gender) values (20,'Albinus','Jens','m');
insert into AppearsIn(actor,movie,role) values (20,11,'Morty');
insert into Actors(id,familyname,givenNames,gender) values (21,'Alcott','Todd','m');
insert into AppearsIn(actor,movie,role) values (21,60,'Mailroom Screamer');
insert into Actors(id,familyname,givenNames,gender) values (22,'Aldredge','Tom','m');
insert into AppearsIn(actor,movie,role) values (22,61,'Herb Myerson');
insert into Actors(id,familyname,givenNames,gender) values (23,'Alexander','Markus','m');
insert into AppearsIn(actor,movie,role) values (23,40,'Captain of Industry');
insert into Actors(id,familyname,givenNames,gender) values (24,'Alexander','Richard','m');
insert into AppearsIn(actor,movie,role) values (24,65,'Policeman in Arizona House');
insert into Actors(id,familyname,givenNames,gender) values (25,'Alexi-Malle','Adam','m');
insert into AppearsIn(actor,movie,role) values (25,27,'Crowd Member');
insert into Actors(id,familyname,givenNames,gender) values (26,'Allen','Carl','m');
insert into AppearsIn(actor,movie,role) values (26,44,'Drums');
insert into Actors(id,familyname,givenNames,gender) values (27,'Allen','Gary','m');
insert into AppearsIn(actor,movie,role) values (27,60,'Board Member');
insert into Actors(id,familyname,givenNames,gender) values (28,'Allen','James','m');
insert into AppearsIn(actor,movie,role) values (28,8,'Colonel');
insert into Actors(id,familyname,givenNames,gender) values (29,'Allen','Sean Michael','m');
insert into AppearsIn(actor,movie,role) values (29,39,'Tourist #2');
insert into Actors(id,familyname,givenNames,gender) values (30,'Alonso','Laz','m');
insert into AppearsIn(actor,movie,role) values (30,3,'Tsu''Tey');
insert into Actors(id,familyname,givenNames,gender) values (31,'Alter','Jeremy','m');
insert into AppearsIn(actor,movie,role) values (31,49,'Stage Manager');
insert into Actors(id,familyname,givenNames,gender) values (32,'Alter','Scout','m');
insert into AppearsIn(actor,movie,role) values (32,49,'Billy Side''s Son');
insert into Actors(id,familyname,givenNames,gender) values (33,'Altruda','Joseph L.','m');
insert into AppearsIn(actor,movie,role) values (33,49,'Bassist');
insert into AppearsIn(actor,movie,role) values (33,53,'Band Member at Roadhouse');
insert into Actors(id,familyname,givenNames,gender) values (34,'Alva','William','m');
insert into AppearsIn(actor,movie,role) values (34,44,'Chess Player');
insert into Actors(id,familyname,givenNames,gender) values (35,'Alvarado Jr.','Angel H.','m');
insert into AppearsIn(actor,movie,role) values (35,63,'Norteno Band');
insert into Actors(id,familyname,givenNames,gender) values (36,'Amakye','Willie','m');
insert into AppearsIn(actor,movie,role) values (36,26,'Folowa');
insert into Actors(id,familyname,givenNames,gender) values (37,'Amico','Robert','m');
insert into AppearsIn(actor,movie,role) values (37,33,'Pirate');
insert into Actors(id,familyname,givenNames,gender) values (38,'Anagnos','Philip','m');
insert into AppearsIn(actor,movie,role) values (38,53,'Student');
insert into Actors(id,familyname,givenNames,gender) values (39,'Ananicz','Stephen','m');
insert into AppearsIn(actor,movie,role) values (39,58,'Gym Guy');
insert into Actors(id,familyname,givenNames,gender) values (40,'Anastasio','Chris','m');
insert into AppearsIn(actor,movie,role) values (40,1,'Truck Driver');
insert into AppearsIn(actor,movie,role) values (40,37,'Out of Towner');
insert into Actors(id,familyname,givenNames,gender) values (41,'Anderson','Carl','m');
insert into AppearsIn(actor,movie,role) values (41,30,'Reverend Samuel');
insert into Actors(id,familyname,givenNames,gender) values (42,'Anderson','David','m');
insert into AppearsIn(actor,movie,role) values (42,29,'Air Traffic Controller');
insert into Actors(id,familyname,givenNames,gender) values (43,'Anderson','J. Todd','m');
insert into AppearsIn(actor,movie,role) values (43,59,'Victim in the Field');
insert into Actors(id,familyname,givenNames,gender) values (44,'Anderson','Michael J.','m');
insert into AppearsIn(actor,movie,role) values (44,51,'Mr. Roque');
insert into AppearsIn(actor,movie,role) values (44,53,'Man from Another Place');
insert into Actors(id,familyname,givenNames,gender) values (45,'Anderson','Paul Thomas','m');
insert into AppearsIn(actor,movie,role) values (45,40,'Passenger on train');
insert into Actors(id,familyname,givenNames,gender) values (46,'Anderson','Scott G.','m');
insert into AppearsIn(actor,movie,role) values (46,7,'Frederick Fleet');
insert into Actors(id,familyname,givenNames,gender) values (47,'Andersson','Kris','m');
insert into AppearsIn(actor,movie,role) values (47,7,'Dancer');
insert into Actors(id,familyname,givenNames,gender) values (48,'Andersson','Ulf','m');
insert into AppearsIn(actor,movie,role) values (48,12,'Additional Cast');
insert into Actors(id,familyname,givenNames,gender) values (49,'Andres','Bill','m');
insert into AppearsIn(actor,movie,role) values (49,65,'Reporter');
insert into Actors(id,familyname,givenNames,gender) values (50,'Angel','Jack','m');
insert into AppearsIn(actor,movie,role) values (50,27,'Teddy');
insert into Actors(id,familyname,givenNames,gender) values (51,'Antonio Garcia','Eduardo','m');
insert into AppearsIn(actor,movie,role) values (51,63,'''Agua'' Man');
insert into Actors(id,familyname,givenNames,gender) values (52,'Antonio','Jim','m');
insert into AppearsIn(actor,movie,role) values (52,28,'Victor Griffith');
insert into Actors(id,familyname,givenNames,gender) values (53,'Antoon','Jason','m');
insert into AppearsIn(actor,movie,role) values (53,40,'Rufus Riley at Cyber Parlor');
insert into Actors(id,familyname,givenNames,gender) values (54,'Anvar','Cas','m');
insert into AppearsIn(actor,movie,role) values (54,44,'CBP Officer');
insert into Actors(id,familyname,givenNames,gender) values (55,'Appiah','Edward','m');
insert into AppearsIn(actor,movie,role) values (55,26,'Followolo');
insert into Actors(id,familyname,givenNames,gender) values (56,'Appiano','Peter','m');
insert into AppearsIn(actor,movie,role) values (56,43,'Auschwitz Guard');
insert into Actors(id,familyname,givenNames,gender) values (57,'Applegate','Royce D.','m');
insert into AppearsIn(actor,movie,role) values (57,61,'Mr. Gutman');
insert into AppearsIn(actor,movie,role) values (57,64,'Man with Bullhorn');
insert into Actors(id,familyname,givenNames,gender) values (58,'Arai','Hiro','m');
insert into AppearsIn(actor,movie,role) values (58,32,'Japanese Sergeant/Airfield');
insert into Actors(id,familyname,givenNames,gender) values (59,'Aranas','Raul','m');
insert into AppearsIn(actor,movie,role) values (59,58,'Manolo');
insert into Actors(id,familyname,givenNames,gender) values (60,'Arendt','Jeremy','m');
insert into AppearsIn(actor,movie,role) values (60,65,'Arizona Quint');
insert into Actors(id,familyname,givenNames,gender) values (61,'Armendariz Jr.','Pedro','m');
insert into AppearsIn(actor,movie,role) values (61,26,'Gen. Espatero');
insert into Actors(id,familyname,givenNames,gender) values (62,'Armstrong','Bryce','m');
insert into AppearsIn(actor,movie,role) values (62,33,'Lost Boy in Play');
insert into Actors(id,familyname,givenNames,gender) values (63,'Armstrong','William','m');
insert into AppearsIn(actor,movie,role) values (63,2,'Lydecker');
insert into Actors(id,familyname,givenNames,gender) values (64,'Arneson','Charlie','m');
insert into AppearsIn(actor,movie,role) values (64,4,'1st Officer Murdoch');
insert into Actors(id,familyname,givenNames,gender) values (65,'Arneson','Ed','m');
insert into AppearsIn(actor,movie,role) values (65,5,'SWAT officer');
insert into Actors(id,familyname,givenNames,gender) values (66,'Arnold','Bret A.','m');
insert into AppearsIn(actor,movie,role) values (66,5,'Future Coda Man');
insert into Actors(id,familyname,givenNames,gender) values (67,'Arnold','Tom','m');
insert into AppearsIn(actor,movie,role) values (67,8,'Albert Gibson');
insert into Actors(id,familyname,givenNames,gender) values (68,'Aronson','Ian','m');
insert into AppearsIn(actor,movie,role) values (68,28,'Bellboy');
insert into Actors(id,familyname,givenNames,gender) values (69,'Ashbrook','Dana','m');
insert into AppearsIn(actor,movie,role) values (69,53,'Bobby Briggs');
insert into Actors(id,familyname,givenNames,gender) values (70,'Asher','Cass','m');
insert into AppearsIn(actor,movie,role) values (70,44,'Ticket Counter Passenger');
insert into Actors(id,familyname,givenNames,gender) values (71,'Ashong','Derrick N.','m');
insert into AppearsIn(actor,movie,role) values (71,26,'Buakei');
insert into Actors(id,familyname,givenNames,gender) values (72,'Ashton','Richard','m');
insert into AppearsIn(actor,movie,role) values (72,7,'Carpenter John Hutchinson');
insert into Actors(id,familyname,givenNames,gender) values (73,'Asmussen','Troels','m');
insert into AppearsIn(actor,movie,role) values (73,11,'Dancer');
insert into Actors(id,familyname,givenNames,gender) values (74,'Assbock','Joachim Paul','m');
insert into AppearsIn(actor,movie,role) values (74,43,'Klaus Tauber, Gestapo Clerk');
insert into Actors(id,familyname,givenNames,gender) values (75,'Assmann','Hans-Jorg','m');
insert into AppearsIn(actor,movie,role) values (75,43,'Julius Madritsch');
insert into Actors(id,familyname,givenNames,gender) values (76,'Assogba','Luc','m');
insert into AppearsIn(actor,movie,role) values (76,26,'Gbatui');
insert into Actors(id,familyname,givenNames,gender) values (77,'Aten','Wayne','m');
insert into AppearsIn(actor,movie,role) values (77,33,'Umpire');
insert into Actors(id,familyname,givenNames,gender) values (78,'Atkinson','Keith','m');
insert into AppearsIn(actor,movie,role) values (78,29,'Dirty Tricks #2');
insert into Actors(id,familyname,givenNames,gender) values (79,'Attenborough','Richard','m');
insert into AppearsIn(actor,movie,role) values (79,38,'John Hammond');
insert into AppearsIn(actor,movie,role) values (79,39,'John Hammond');
insert into Actors(id,familyname,givenNames,gender) values (80,'Austin','David','m');
insert into AppearsIn(actor,movie,role) values (80,28,'Party Guy');
insert into Actors(id,familyname,givenNames,gender) values (81,'Austin','Don','m');
insert into AppearsIn(actor,movie,role) values (81,40,'Pre-Crime Officer');
insert into Actors(id,familyname,givenNames,gender) values (82,'Avant','Clarence','m');
insert into AppearsIn(actor,movie,role) values (82,30,'African Musician');
insert into Actors(id,familyname,givenNames,gender) values (83,'Avrahami','Uri','m');
insert into AppearsIn(actor,movie,role) values (83,43,'Chaim Nowak');
insert into Actors(id,familyname,givenNames,gender) values (84,'Aykroyd','Dan','m');
insert into AppearsIn(actor,movie,role) values (84,25,'Sgt. Frank Tree');
insert into AppearsIn(actor,movie,role) values (84,36,'Earl Weber');
insert into Actors(id,familyname,givenNames,gender) values (85,'Babendure','Jeremy','m');
insert into AppearsIn(actor,movie,role) values (85,65,'Scamp with Squirt Gun');
insert into Actors(id,familyname,givenNames,gender) values (86,'Badalamenti','Angelo','m');
insert into AppearsIn(actor,movie,role) values (86,45,'Piano Player');
insert into AppearsIn(actor,movie,role) values (86,51,'Luigi Castigliani');
insert into Actors(id,familyname,givenNames,gender) values (87,'Badalucco','Michael','m');
insert into AppearsIn(actor,movie,role) values (87,64,'George Nelson');
insert into Actors(id,familyname,givenNames,gender) values (88,'Bahr','John','m');
insert into AppearsIn(actor,movie,role) values (88,37,'Beach Guitarist');
insert into Actors(id,familyname,givenNames,gender) values (89,'Baines','Brian','m');
insert into AppearsIn(actor,movie,role) values (89,7,'Noble Sailor');
insert into Actors(id,familyname,givenNames,gender) values (90,'Bair','John D.','m');
insert into AppearsIn(actor,movie,role) values (90,26,'Senator');
insert into Actors(id,familyname,givenNames,gender) values (91,'Baker','Jesse','m');
insert into AppearsIn(actor,movie,role) values (91,4,'2nd Officer Lightoller');
insert into Actors(id,familyname,givenNames,gender) values (92,'Baker','Justin','m');
insert into AppearsIn(actor,movie,role) values (92,4,'Harold Bride');
insert into Actors(id,familyname,givenNames,gender) values (93,'Baker','Kenny','m');
insert into AppearsIn(actor,movie,role) values (93,47,'Plumed Dwarf');
insert into Actors(id,familyname,givenNames,gender) values (94,'Baker','Robert','m');
insert into AppearsIn(actor,movie,role) values (94,34,'M.P. Sergeant');
insert into AppearsIn(actor,movie,role) values (94,62,'Quarterback');
insert into Actors(id,familyname,givenNames,gender) values (95,'Balaban','Bob','m');
insert into AppearsIn(actor,movie,role) values (95,29,'David Laughlin');
insert into Actors(id,familyname,givenNames,gender) values (96,'Baldridge','Mike','m');
insert into AppearsIn(actor,movie,role) values (96,28,'Terry');
insert into Actors(id,familyname,givenNames,gender) values (97,'Bale','Christian','m');
insert into AppearsIn(actor,movie,role) values (97,32,'Jim ''Jamie'' Graham');
insert into Actors(id,familyname,givenNames,gender) values (98,'Ballard','J.G.','m');
insert into AppearsIn(actor,movie,role) values (98,32,'Guest at masquerade party');
insert into Actors(id,familyname,givenNames,gender) values (99,'Balogun','Abdul-Fatai','m');
insert into AppearsIn(actor,movie,role) values (99,26,'Amistad African Extra');
insert into Actors(id,familyname,givenNames,gender) values (100,'Bandemer','John','m');
insert into AppearsIn(actor,movie,role) values (100,59,'Bismarck Cop #2');
insert into Actors(id,familyname,givenNames,gender) values (101,'Bandhu','Pun','m');
insert into AppearsIn(actor,movie,role) values (101,58,'Doug Magruder');
insert into Actors(id,familyname,givenNames,gender) values (102,'Bangura','Ahmed','m');
insert into AppearsIn(actor,movie,role) values (102,26,'Amistad African Extra');
insert into Actors(id,familyname,givenNames,gender) values (103,'Barb','Nicholas Edwin','m');
insert into AppearsIn(actor,movie,role) values (103,40,'Homework Boy');
insert into Actors(id,familyname,givenNames,gender) values (104,'Bardem','Javier','m');
insert into AppearsIn(actor,movie,role) values (104,63,'Anton Chigurh');
insert into Actors(id,familyname,givenNames,gender) values (105,'Barker','Paul','m');
insert into AppearsIn(actor,movie,role) values (105,27,'Flesh Fair Band Member');
insert into Actors(id,familyname,givenNames,gender) values (106,'Barnes','Jehshua','m');
insert into AppearsIn(actor,movie,role) values (106,51,'Young actor');
insert into Actors(id,familyname,givenNames,gender) values (107,'Barnett','John','m');
insert into AppearsIn(actor,movie,role) values (107,42,'Soldier on the Beach');
insert into Actors(id,familyname,givenNames,gender) values (108,'Barns','Carver','m');
insert into AppearsIn(actor,movie,role) values (108,65,'Reporter');
insert into Actors(id,familyname,givenNames,gender) values (109,'Barr','Jean-Marc','m');
insert into AppearsIn(actor,movie,role) values (109,11,'Norman');
insert into AppearsIn(actor,movie,role) values (109,12,'The Man with the Big Hat');
insert into AppearsIn(actor,movie,role) values (109,14,'Leopold Kessler');
insert into Actors(id,familyname,givenNames,gender) values (110,'Barry','Jason','m');
insert into AppearsIn(actor,movie,role) values (110,7,'Tommy Ryan');
insert into Actors(id,familyname,givenNames,gender) values (111,'Barry','Tony','m');
insert into AppearsIn(actor,movie,role) values (111,17,'StepFather, Australian');
insert into Actors(id,familyname,givenNames,gender) values (112,'Barselou','Paul','m');
insert into AppearsIn(actor,movie,role) values (112,8,'Old Guy in Bathroom');
insert into Actors(id,familyname,givenNames,gender) values (113,'Bartold','Norman','m');
insert into AppearsIn(actor,movie,role) values (113,29,'Ohio Tollbooth Attendant');
insert into Actors(id,familyname,givenNames,gender) values (114,'Barton','Robert','m');
insert into AppearsIn(actor,movie,role) values (114,31,'Ultrasound Man');
insert into Actors(id,familyname,givenNames,gender) values (115,'Barwood','Hal','m');
insert into AppearsIn(actor,movie,role) values (115,29,'Harry Wallclage (Returnee #2 Flt. 19)');
insert into Actors(id,familyname,givenNames,gender) values (116,'Basco','Dante','m');
insert into AppearsIn(actor,movie,role) values (116,33,'Rufio');
insert into Actors(id,familyname,givenNames,gender) values (117,'Bashoff','Blake','m');
insert into AppearsIn(actor,movie,role) values (117,40,'Pre-Crime Public Service Announcer');
insert into Actors(id,familyname,givenNames,gender) values (118,'Bass Jr.','Eugene','m');
insert into AppearsIn(actor,movie,role) values (118,39,'Attorney');
insert into Actors(id,familyname,givenNames,gender) values (119,'Bates','Catfish','m');
insert into AppearsIn(actor,movie,role) values (119,40,'Tenement Snitch');
insert into Actors(id,familyname,givenNames,gender) values (120,'Bau','Joseph','m');
insert into AppearsIn(actor,movie,role) values (120,43,'Himself - Schindler Mourner');
insert into Actors(id,familyname,givenNames,gender) values (121,'Bauer','Robert','m');
insert into AppearsIn(actor,movie,role) values (121,53,'Johnny Horne');
insert into Actors(id,familyname,givenNames,gender) values (122,'Bauersfeld','Erik','m');
insert into AppearsIn(actor,movie,role) values (122,27,'Gardener');
insert into Actors(id,familyname,givenNames,gender) values (123,'Beach','Michael','m');
insert into AppearsIn(actor,movie,role) values (123,1,'Barnes');
insert into Actors(id,familyname,givenNames,gender) values (124,'Beacock','Brian','m');
insert into AppearsIn(actor,movie,role) values (124,51,'Backup Singer #1');
insert into Actors(id,familyname,givenNames,gender) values (125,'Beagle','E. Hampton','m');
insert into AppearsIn(actor,movie,role) values (125,25,'Phone Man');
insert into Actors(id,familyname,givenNames,gender) values (126,'Bean','Reathel','m');
insert into AppearsIn(actor,movie,role) values (126,11,'Judge');
insert into Actors(id,familyname,givenNames,gender) values (127,'Beaton','Martin','m');
insert into AppearsIn(actor,movie,role) values (127,42,'Jean''s Son');
insert into Actors(id,familyname,givenNames,gender) values (128,'Beatty','Ned','m');
insert into AppearsIn(actor,movie,role) values (128,25,'Ward Douglas');
insert into Actors(id,familyname,givenNames,gender) values (129,'Beaudin','Joe','m');
insert into AppearsIn(actor,movie,role) values (129,28,'Bank Manager');
insert into Actors(id,familyname,givenNames,gender) values (130,'Bedford Lloyd','John','m');
insert into AppearsIn(actor,movie,role) values (130,1,'Jammer Willis');
insert into Actors(id,familyname,givenNames,gender) values (131,'Beecher','Robert','m');
insert into AppearsIn(actor,movie,role) values (131,55,'Referee');
insert into Actors(id,familyname,givenNames,gender) values (132,'Bell','George Anthony','m');
insert into AppearsIn(actor,movie,role) values (132,62,'Preacher');
insert into Actors(id,familyname,givenNames,gender) values (133,'Belushi','John','m');
insert into AppearsIn(actor,movie,role) values (133,25,'Capt. Wild Bill Kelso');
insert into Actors(id,familyname,givenNames,gender) values (134,'Bemme','Sigurd','m');
insert into AppearsIn(actor,movie,role) values (134,43,'SS NCO, Ghetto');
insert into Actors(id,familyname,givenNames,gender) values (135,'Benchley','Peter','m');
insert into AppearsIn(actor,movie,role) values (135,37,'TV Interviewer');
insert into Actors(id,familyname,givenNames,gender) values (136,'Bender','Dirk','m');
insert into AppearsIn(actor,movie,role) values (136,43,'Clerk at Depot');
insert into Actors(id,familyname,givenNames,gender) values (137,'Benedek','Peter','m');
insert into AppearsIn(actor,movie,role) values (137,65,'Prison Counselor');
insert into Actors(id,familyname,givenNames,gender) values (138,'Bennett','John','m');
insert into AppearsIn(actor,movie,role) values (138,40,'Adulation #4');
insert into Actors(id,familyname,givenNames,gender) values (139,'Bentham','Philip','m');
insert into AppearsIn(actor,movie,role) values (139,63,'Border Bridge Youth #1');
insert into Actors(id,familyname,givenNames,gender) values (140,'Berg','Dav!d','m');
insert into AppearsIn(actor,movie,role) values (140,26,'&quot;Californian&quot; Crew - 2nd Mate');
insert into Actors(id,familyname,givenNames,gender) values (141,'Berger','Zachery','m');
insert into AppearsIn(actor,movie,role) values (141,54,'Man in Gents'' Room');
insert into Actors(id,familyname,givenNames,gender) values (142,'Bergmann','Martin S.','m');
insert into AppearsIn(actor,movie,role) values (142,43,'SS NCO, Zablocie');
insert into Actors(id,familyname,givenNames,gender) values (143,'Bergren','Eric','m');
insert into AppearsIn(actor,movie,role) values (143,47,'Lyra Box Player #1');
insert into Actors(id,familyname,givenNames,gender) values (144,'Berkeley','Xander','m');
insert into AppearsIn(actor,movie,role) values (144,26,'Hammond');
insert into AppearsIn(actor,movie,role) values (144,5,'Todd Voight');
insert into Actors(id,familyname,givenNames,gender) values (145,'Berkson','David','m');
insert into AppearsIn(actor,movie,role) values (145,31,'Medic');
insert into Actors(id,familyname,givenNames,gender) values (146,'Berl','Ennalls','m');
insert into AppearsIn(actor,movie,role) values (146,5,'Bryant');
insert into Actors(id,familyname,givenNames,gender) values (147,'Berlier','Paul','m');
insert into AppearsIn(actor,movie,role) values (147,26,'Sargeant of the guard');
insert into Actors(id,familyname,givenNames,gender) values (148,'Berman','Joe','m');
insert into AppearsIn(actor,movie,role) values (148,53,'Bus Driver');
insert into Actors(id,familyname,givenNames,gender) values (149,'Berresse','Michael','m');
insert into AppearsIn(actor,movie,role) values (149,27,'Stage Manager');
insert into Actors(id,familyname,givenNames,gender) values (150,'Bettany','Paul','m');
insert into AppearsIn(actor,movie,role) values (150,12,'Tom Edison');
insert into Actors(id,familyname,givenNames,gender) values (151,'Biehn','Michael','m');
insert into AppearsIn(actor,movie,role) values (151,1,'Lt. Hiram Coffey');
insert into AppearsIn(actor,movie,role) values (151,2,'Cpl. Dwayne Hicks');
insert into AppearsIn(actor,movie,role) values (151,6,'Kyle Reese');
insert into Actors(id,familyname,givenNames,gender) values (152,'Binder','Mike','m');
insert into AppearsIn(actor,movie,role) values (152,40,'Leo Crow');
insert into Actors(id,familyname,givenNames,gender) values (153,'Birnbaum','Dan','m');
insert into AppearsIn(actor,movie,role) values (153,51,'Irene''s Companion at Airport');
insert into Actors(id,familyname,givenNames,gender) values (154,'Bishop','Shawn','m');
insert into AppearsIn(actor,movie,role) values (154,29,'Brad Neary');
insert into Actors(id,familyname,givenNames,gender) values (155,'Bisping','Alexander','m');
insert into AppearsIn(actor,movie,role) values (155,28,'French Police');
insert into Actors(id,familyname,givenNames,gender) values (156,'Bista','Henryk','m');
insert into AppearsIn(actor,movie,role) values (156,43,'Mr. Lowenstein');
insert into Actors(id,familyname,givenNames,gender) values (157,'Bivens','Loren','m');
insert into AppearsIn(actor,movie,role) values (157,57,'Strip-Bar Exhorter');
insert into Actors(id,familyname,givenNames,gender) values (158,'Blackmun','Harry A.','m');
insert into AppearsIn(actor,movie,role) values (158,26,'Associate Justice Joseph Story');
insert into Actors(id,familyname,givenNames,gender) values (159,'Blake','Clement','m');
insert into AppearsIn(actor,movie,role) values (159,40,'Husband');
insert into Actors(id,familyname,givenNames,gender) values (160,'Blake','Richard','m');
insert into AppearsIn(actor,movie,role) values (160,65,'Parole Board Chairman');
insert into Actors(id,familyname,givenNames,gender) values (161,'Blake','Robert','m');
insert into AppearsIn(actor,movie,role) values (161,50,'Mystery Man');
insert into Actors(id,familyname,givenNames,gender) values (162,'Blanchard','Jean-Francois','m');
insert into AppearsIn(actor,movie,role) values (162,28,'French Police Captain');
insert into Actors(id,familyname,givenNames,gender) values (163,'Blanco','Eumenio','m');
insert into AppearsIn(actor,movie,role) values (163,29,'Federale');
insert into Actors(id,familyname,givenNames,gender) values (164,'Blaylock','Josh','m');
insert into AppearsIn(actor,movie,role) values (164,63,'Boy on Bike #1');
insert into Actors(id,familyname,givenNames,gender) values (165,'Blevins','Ronnie Gene','m');
insert into AppearsIn(actor,movie,role) values (165,27,'Robot');
insert into Actors(id,familyname,givenNames,gender) values (166,'Bligh','James Thomas','m');
insert into AppearsIn(actor,movie,role) values (166,58,'Lt. Macdonald');
insert into Actors(id,familyname,givenNames,gender) values (167,'Bliss','John','m');
insert into AppearsIn(actor,movie,role) values (167,61,'Mr. MacKinnon');
insert into Actors(id,familyname,givenNames,gender) values (168,'Blossom','Roberts','m');
insert into AppearsIn(actor,movie,role) values (168,29,'Farmer');
insert into Actors(id,familyname,givenNames,gender) values (169,'Blueian','Barry','m');
insert into AppearsIn(actor,movie,role) values (169,28,'FBI Agent');
insert into Actors(id,familyname,givenNames,gender) values (170,'Blum','Steve','m');
insert into AppearsIn(actor,movie,role) values (170,39,'Dinosaurs');
insert into Actors(id,familyname,givenNames,gender) values (171,'Bly','Stan','m');
insert into AppearsIn(actor,movie,role) values (171,28,'Blind Man');
insert into Actors(id,familyname,givenNames,gender) values (172,'Bodgers','Todd Michael','m');
insert into AppearsIn(actor,movie,role) values (172,65,'Varsity Nathan, Jr.');
insert into Actors(id,familyname,givenNames,gender) values (173,'Boehlke','Bain','m');
insert into AppearsIn(actor,movie,role) values (173,59,'Mr. Mohra - Bartender in Driveway');
insert into Actors(id,familyname,givenNames,gender) values (174,'Boehm','Bob','m');
insert into AppearsIn(actor,movie,role) values (174,39,'Cargo Helicopter Pilot');
insert into Actors(id,familyname,givenNames,gender) values (175,'Boen','Earl','m');
insert into AppearsIn(actor,movie,role) values (175,5,'Dr. Silberman');
insert into AppearsIn(actor,movie,role) values (175,6,'Dr. Peter Silberman');
insert into Actors(id,familyname,givenNames,gender) values (176,'Bohne','Bruce','m');
insert into AppearsIn(actor,movie,role) values (176,59,'Officer Lou');
insert into Actors(id,familyname,givenNames,gender) values (177,'Boll','Patrick','m');
insert into AppearsIn(actor,movie,role) values (177,58,'Sandy''s Man');
insert into Actors(id,familyname,givenNames,gender) values (178,'Bollinger','Andre','m');
insert into AppearsIn(actor,movie,role) values (178,33,'Lost Boy in Play');
insert into Actors(id,familyname,givenNames,gender) values (179,'Boncza','Tony','m');
insert into AppearsIn(actor,movie,role) values (179,32,'British Prisoner');
insert into Actors(id,familyname,givenNames,gender) values (180,'Bond','Dominic','m');
insert into AppearsIn(actor,movie,role) values (180,28,'Choir');
insert into Actors(id,familyname,givenNames,gender) values (181,'Borgman','Eric Bruno','m');
insert into AppearsIn(actor,movie,role) values (181,26,'First Jury Juror');
insert into Actors(id,familyname,givenNames,gender) values (182,'Bornstein','Jeff','m');
insert into AppearsIn(actor,movie,role) values (182,33,'Pirate');
insert into Actors(id,familyname,givenNames,gender) values (183,'Bosch','Chamonix','m');
insert into AppearsIn(actor,movie,role) values (183,49,'3rd A.D. Sally Irwin');
insert into Actors(id,familyname,givenNames,gender) values (184,'Bowers','Phil','m');
insert into AppearsIn(actor,movie,role) values (184,28,'Head Waiter');
insert into Actors(id,familyname,givenNames,gender) values (185,'Bowie','David','m');
insert into AppearsIn(actor,movie,role) values (185,53,'Phillip Jeffries');
insert into Actors(id,familyname,givenNames,gender) values (186,'Boyce','Rodger','m');
insert into AppearsIn(actor,movie,role) values (186,63,'Sheriff Roscoe Giddens');
insert into Actors(id,familyname,givenNames,gender) values (187,'Boyd','Joshua','m');
insert into AppearsIn(actor,movie,role) values (187,28,'Football Player');
insert into Actors(id,familyname,givenNames,gender) values (188,'Bradecki','Tadeusz','m');
insert into AppearsIn(actor,movie,role) values (188,43,'DEF Foreman');
insert into Actors(id,familyname,givenNames,gender) values (189,'Brady','Mark','m');
insert into AppearsIn(actor,movie,role) values (189,39,'Screamer');
insert into Actors(id,familyname,givenNames,gender) values (190,'Braeden','Eric','m');
insert into AppearsIn(actor,movie,role) values (190,7,'John Jacob Astor');
insert into Actors(id,familyname,givenNames,gender) values (191,'Branch','Tom','m');
insert into AppearsIn(actor,movie,role) values (191,35,'Hatay Soldier in Temple');
insert into Actors(id,familyname,givenNames,gender) values (192,'Brandenburg','Larry','m');
insert into AppearsIn(actor,movie,role) values (192,59,'Stan Grossman');
insert into Actors(id,familyname,givenNames,gender) values (193,'Brejdygant','Stanislaw','m');
insert into AppearsIn(actor,movie,role) values (193,43,'DEF Guard');
insert into Actors(id,familyname,givenNames,gender) values (194,'Brent','Jonathan','m');
insert into AppearsIn(actor,movie,role) values (194,28,'Dr. Ashland');
insert into Actors(id,familyname,givenNames,gender) values (195,'Brewer Jr.','Captain Kidd','m');
insert into AppearsIn(actor,movie,role) values (195,1,'Lew Finler');
insert into Actors(id,familyname,givenNames,gender) values (196,'Brewer','Jesse','m');
insert into AppearsIn(actor,movie,role) values (196,60,'Mailroom Screamer');
insert into Actors(id,familyname,givenNames,gender) values (197,'Brian','Jordan','m');
insert into AppearsIn(actor,movie,role) values (197,25,'Macey Douglas');
insert into Actors(id,familyname,givenNames,gender) values (198,'Bridgers','Arthur','m');
insert into AppearsIn(actor,movie,role) values (198,60,'The Hula-Hoop Kid');
insert into Actors(id,familyname,givenNames,gender) values (199,'Bridges','Jeff','m');
insert into AppearsIn(actor,movie,role) values (199,56,'Jeffrey Lebowski - The Dude');
insert into Actors(id,familyname,givenNames,gender) values (200,'Brightwell','Paul','m');
insert into AppearsIn(actor,movie,role) values (200,7,'Quartermaster Hichens');
insert into Actors(id,familyname,givenNames,gender) values (201,'Brisbin','David','m');
insert into AppearsIn(actor,movie,role) values (201,53,'Second Woodsman');
insert into Actors(id,familyname,givenNames,gender) values (202,'Briscoe','Brent','m');
insert into AppearsIn(actor,movie,role) values (202,51,'Detective Neal Domgaard');
insert into Actors(id,familyname,givenNames,gender) values (203,'Bristol','John E.','m');
insert into AppearsIn(actor,movie,role) values (203,6,'Biker at Phone Booth');
insert into Actors(id,familyname,givenNames,gender) values (204,'Broadbent','Jim','m');
insert into AppearsIn(actor,movie,role) values (204,34,'Dean Charles Stanforth');
insert into Actors(id,familyname,givenNames,gender) values (205,'Broadwater','John','m');
insert into AppearsIn(actor,movie,role) values (205,4,'Himself');
insert into Actors(id,familyname,givenNames,gender) values (206,'Brocksmith','Roy','m');
insert into AppearsIn(actor,movie,role) values (206,60,'Board Member');
insert into Actors(id,familyname,givenNames,gender) values (207,'Brody','Max','m');
insert into AppearsIn(actor,movie,role) values (207,27,'Flesh Fair Band Member');
insert into Actors(id,familyname,givenNames,gender) values (208,'Brolin','James','m');
insert into AppearsIn(actor,movie,role) values (208,28,'Jack Barnes');
insert into Actors(id,familyname,givenNames,gender) values (209,'Brolin','Josh','m');
insert into AppearsIn(actor,movie,role) values (209,63,'Llewelyn Moss');
insert into Actors(id,familyname,givenNames,gender) values (210,'Bromilow','Peter','m');
insert into AppearsIn(actor,movie,role) values (210,54,'Hotel Manager');
insert into Actors(id,familyname,givenNames,gender) values (211,'Brooks','Nick','m');
insert into AppearsIn(actor,movie,role) values (211,42,'Paratrooper Joe');
insert into Actors(id,familyname,givenNames,gender) values (212,'Brooks','Van','m');
insert into AppearsIn(actor,movie,role) values (212,57,'Man from Lubbock');
insert into Actors(id,familyname,givenNames,gender) values (213,'Brousseau','Jean-Francois','m');
insert into AppearsIn(actor,movie,role) values (213,28,'Choir');
insert into Actors(id,familyname,givenNames,gender) values (214,'Brown','Billy','m');
insert into AppearsIn(actor,movie,role) values (214,39,'InGen Worker');
insert into Actors(id,familyname,givenNames,gender) values (215,'Brown','Charles Robert','m');
insert into AppearsIn(actor,movie,role) values (215,5,'Tattooed Biker');
insert into Actors(id,familyname,givenNames,gender) values (216,'Brown','Clancy','m');
insert into AppearsIn(actor,movie,role) values (216,40,'John Anderton/Additional Voices');
insert into Actors(id,familyname,givenNames,gender) values (217,'Brown','Drew Bundini','m');
insert into AppearsIn(actor,movie,role) values (217,30,'Jook Joint Patron');
insert into Actors(id,familyname,givenNames,gender) values (218,'Brown','Jophery C.','m');
insert into AppearsIn(actor,movie,role) values (218,38,'Worker in Raptor Pen');
insert into Actors(id,familyname,givenNames,gender) values (219,'Brown','Ralph','m');
insert into AppearsIn(actor,movie,role) values (219,26,'Lt. Gedney');
insert into Actors(id,familyname,givenNames,gender) values (220,'Brown','Rosey','m');
insert into AppearsIn(actor,movie,role) values (220,61,'Gus''s Pal');
insert into Actors(id,familyname,givenNames,gender) values (221,'Broyles','Robert','m');
insert into AppearsIn(actor,movie,role) values (221,29,'Dirty Tricks #3');
insert into Actors(id,familyname,givenNames,gender) values (222,'Bruno','Dylan','m');
insert into AppearsIn(actor,movie,role) values (222,42,'Toynbe');
insert into Actors(id,familyname,givenNames,gender) values (223,'Bruno','John','m');
insert into AppearsIn(actor,movie,role) values (223,4,'Himself');
insert into AppearsIn(actor,movie,role) values (223,8,'Custodian');
insert into Actors(id,familyname,givenNames,gender) values (224,'Brzozowski','Marcin','m');
insert into AppearsIn(actor,movie,role) values (224,49,'Man #1');
insert into Actors(id,familyname,givenNames,gender) values (225,'Buchignani','Lou','m');
insert into AppearsIn(actor,movie,role) values (225,49,'Billy Side''s Butler');
insert into Actors(id,familyname,givenNames,gender) values (226,'Bucklin','Brad M.','m');
insert into AppearsIn(actor,movie,role) values (226,38,'Lab Technician');
insert into Actors(id,familyname,givenNames,gender) values (227,'Buczolich','Alexander','m');
insert into AppearsIn(actor,movie,role) values (227,43,'Plaszow SS Guard');
insert into Actors(id,familyname,givenNames,gender) values (228,'Buelna','Enrique','m');
insert into AppearsIn(actor,movie,role) values (228,51,'Back of Head Man');
insert into Actors(id,familyname,givenNames,gender) values (229,'Buffett','Jimmy','m');
insert into AppearsIn(actor,movie,role) values (229,33,'Shoe-Stealing Pirate');
insert into Actors(id,familyname,givenNames,gender) values (230,'Buford','Duane','m');
insert into AppearsIn(actor,movie,role) values (230,27,'Flesh Fair Band Member');
insert into Actors(id,familyname,givenNames,gender) values (231,'Bugin','Harry','m');
insert into AppearsIn(actor,movie,role) values (231,55,'Pete');
insert into AppearsIn(actor,movie,role) values (231,56,'Arthur Digby Sellers');
insert into AppearsIn(actor,movie,role) values (231,60,'Aloysius');
insert into Actors(id,familyname,givenNames,gender) values (232,'Bullock','Gary','m');
insert into AppearsIn(actor,movie,role) values (232,53,'Sheriff Cable');
insert into Actors(id,familyname,givenNames,gender) values (233,'Burgess','Dennis','m');
insert into AppearsIn(actor,movie,role) values (233,47,'1st Committee Man');
insert into Actors(id,familyname,givenNames,gender) values (234,'Burke','Maclean','m');
insert into AppearsIn(actor,movie,role) values (234,42,'Soldier on the Beach');
insert into Actors(id,familyname,givenNames,gender) values (235,'Burke','Victor','m');
insert into AppearsIn(actor,movie,role) values (235,42,'Soldier on the Beach');
insert into Actors(id,familyname,givenNames,gender) values (236,'Burmester','Leo','m');
insert into AppearsIn(actor,movie,role) values (236,1,'Catfish De Vries');
insert into Actors(id,familyname,givenNames,gender) values (237,'Burns','Alex E.','m');
insert into AppearsIn(actor,movie,role) values (237,44,'Security Guard');
insert into Actors(id,familyname,givenNames,gender) values (238,'Burns','Drakeel','m');
insert into AppearsIn(actor,movie,role) values (238,40,'Reporter');
insert into Actors(id,familyname,givenNames,gender) values (239,'Burns','Edward','m');
insert into AppearsIn(actor,movie,role) values (239,42,'Pvt. Richard Reiben');
insert into Actors(id,familyname,givenNames,gender) values (240,'Burr','Lonnie','m');
insert into AppearsIn(actor,movie,role) values (240,33,'Pegleg');
insert into Actors(id,familyname,givenNames,gender) values (241,'Burrows','Darren E.','m');
insert into AppearsIn(actor,movie,role) values (241,26,'Lt. Meade');
insert into Actors(id,familyname,givenNames,gender) values (242,'Burson','Greg','m');
insert into AppearsIn(actor,movie,role) values (242,38,'Mr. D.N.A.');
insert into Actors(id,familyname,givenNames,gender) values (243,'Burton','Rory','m');
insert into AppearsIn(actor,movie,role) values (243,26,'Vakina');
insert into Actors(id,familyname,givenNames,gender) values (244,'Burton','Terrence','m');
insert into AppearsIn(actor,movie,role) values (244,56,'Maude''s Thug #2');
insert into Actors(id,familyname,givenNames,gender) values (245,'Burton','Tony','m');
insert into AppearsIn(actor,movie,role) values (245,33,'Bill Jukes');
insert into Actors(id,familyname,givenNames,gender) values (246,'Buscemi','Steve','m');
insert into AppearsIn(actor,movie,role) values (246,55,'Chet');
insert into AppearsIn(actor,movie,role) values (246,56,'Theodore Donald ''Donny'' Kerabatsos');
insert into AppearsIn(actor,movie,role) values (246,59,'Carl Showalter');
insert into AppearsIn(actor,movie,role) values (246,60,'Beatnik Barman');
insert into Actors(id,familyname,givenNames,gender) values (247,'Busey','Gary','m');
insert into AppearsIn(actor,movie,role) values (247,50,'Bill Dayton');
insert into Actors(id,familyname,givenNames,gender) values (248,'Bush','Robert Lewis','m');
insert into AppearsIn(actor,movie,role) values (248,47,'Messenger');
insert into Actors(id,familyname,givenNames,gender) values (249,'Butler','G. Larry','m');
insert into AppearsIn(actor,movie,role) values (249,28,'Bar Patron');
insert into AppearsIn(actor,movie,role) values (249,33,'Baseball game attendee');
insert into Actors(id,familyname,givenNames,gender) values (250,'Butters','Mike','m');
insert into AppearsIn(actor,movie,role) values (250,7,'Musician/Baker');
insert into Actors(id,familyname,givenNames,gender) values (251,'Buttinger','Haymon Maria','m');
insert into AppearsIn(actor,movie,role) values (251,43,'Auschwitz Guard');
insert into Actors(id,familyname,givenNames,gender) values (252,'Bux','Ishaq','m');
insert into AppearsIn(actor,movie,role) values (252,41,'Omar');
insert into Actors(id,familyname,givenNames,gender) values (253,'Byrd','David','m');
insert into AppearsIn(actor,movie,role) values (253,60,'Dr. Hugo Bronfenbrenner');
insert into AppearsIn(actor,movie,role) values (253,50,'Doctor Smordin');
insert into Actors(id,familyname,givenNames,gender) values (254,'Byrne','Chris','m');
insert into AppearsIn(actor,movie,role) values (254,7,'Stairwell Steward');
insert into Actors(id,familyname,givenNames,gender) values (255,'Byrne','Michael','m');
insert into AppearsIn(actor,movie,role) values (255,35,'Vogel');
insert into Actors(id,familyname,givenNames,gender) values (256,'Caan','James','m');
insert into AppearsIn(actor,movie,role) values (256,25,'Sailor in Fight');
insert into AppearsIn(actor,movie,role) values (256,12,'The Big Man');
insert into Actors(id,familyname,givenNames,gender) values (257,'Caesar','Adolph','m');
insert into AppearsIn(actor,movie,role) values (257,30,'Old Mister Johnson');
insert into Actors(id,familyname,givenNames,gender) values (258,'Cage','Nicolas','m');
insert into AppearsIn(actor,movie,role) values (258,65,'H.I. McDunnough');
insert into AppearsIn(actor,movie,role) values (258,54,'Sailor Ripley');
insert into Actors(id,familyname,givenNames,gender) values (259,'Caine','Adam','m');
insert into AppearsIn(actor,movie,role) values (259,47,'Kid at Train Station');
insert into Actors(id,familyname,givenNames,gender) values (260,'Caldinez','Sonny','m');
insert into AppearsIn(actor,movie,role) values (260,41,'Mean Mongolian');
insert into Actors(id,familyname,givenNames,gender) values (261,'Calfa','Don','m');
insert into AppearsIn(actor,movie,role) values (261,25,'Telephone Operator');
insert into Actors(id,familyname,givenNames,gender) values (262,'Cameron','Dave','m');
insert into AppearsIn(actor,movie,role) values (262,25,'Reporter');
insert into Actors(id,familyname,givenNames,gender) values (263,'Cameron','James','m');
insert into AppearsIn(actor,movie,role) values (263,4,'Himself');
insert into AppearsIn(actor,movie,role) values (263,7,'Steerage Dancer');
insert into Actors(id,familyname,givenNames,gender) values (264,'Cameron','John','m');
insert into AppearsIn(actor,movie,role) values (264,60,'Hudsucker Brainstormer');
insert into Actors(id,familyname,givenNames,gender) values (265,'Cameron','Mike','m');
insert into AppearsIn(actor,movie,role) values (265,1,'Sailor with the fire extinguisher');
insert into AppearsIn(actor,movie,role) values (265,4,'Himself');
insert into AppearsIn(actor,movie,role) values (265,8,'Citation Pilot');
insert into Actors(id,familyname,givenNames,gender) values (266,'Campbell','Bruce','m');
insert into AppearsIn(actor,movie,role) values (266,59,'Soap Opera Actor');
insert into AppearsIn(actor,movie,role) values (266,60,'Smitty');
insert into AppearsIn(actor,movie,role) values (266,61,'Soap opera actor on TV');
insert into AppearsIn(actor,movie,role) values (266,62,'Humane Society Worker');
insert into Actors(id,familyname,givenNames,gender) values (267,'Campbell','J. Kenneth','m');
insert into AppearsIn(actor,movie,role) values (267,1,'DeMarco');
insert into Actors(id,familyname,givenNames,gender) values (268,'Campbell','Keith','m');
insert into AppearsIn(actor,movie,role) values (268,27,'Roadworker');
insert into AppearsIn(actor,movie,role) values (268,40,'Pre-Crime Cop');
insert into Actors(id,familyname,givenNames,gender) values (269,'Campeau','Francis','m');
insert into AppearsIn(actor,movie,role) values (269,28,'Choir');
insert into Actors(id,familyname,givenNames,gender) values (270,'Campolo','Bruno','m');
insert into AppearsIn(actor,movie,role) values (270,7,'1st Class Man');
insert into Actors(id,familyname,givenNames,gender) values (271,'Candoli','Conte','m');
insert into AppearsIn(actor,movie,role) values (271,51,'Club Silencio Trumpet Player');
insert into Actors(id,familyname,givenNames,gender) values (272,'Candy','John','m');
insert into AppearsIn(actor,movie,role) values (272,25,'Pvt. Foley');
insert into Actors(id,familyname,givenNames,gender) values (273,'Cane','Miguel','m');
insert into AppearsIn(actor,movie,role) values (273,46,'Little Fremen boy');
insert into Actors(id,familyname,givenNames,gender) values (274,'Cannon','Matthew','m');
insert into AppearsIn(actor,movie,role) values (274,58,'Tourist');
insert into Actors(id,familyname,givenNames,gender) values (275,'Capri','Mark','m');
insert into AppearsIn(actor,movie,role) values (275,7,'Steward #4');
insert into Actors(id,familyname,givenNames,gender) values (276,'Cardin','Raphael','m');
insert into AppearsIn(actor,movie,role) values (276,28,'Choir');
insert into Actors(id,familyname,givenNames,gender) values (277,'Carenzo','Vito','m');
insert into AppearsIn(actor,movie,role) values (277,25,'Vito');
insert into AppearsIn(actor,movie,role) values (277,27,'Big Man');
insert into Actors(id,familyname,givenNames,gender) values (278,'Carew','Peter','m');
insert into AppearsIn(actor,movie,role) values (278,45,'Coroner');
insert into Actors(id,familyname,givenNames,gender) values (279,'Carlberg','David','m');
insert into AppearsIn(actor,movie,role) values (279,31,'Medic');
insert into Actors(id,familyname,givenNames,gender) values (280,'Carlton','Mark','m');
insert into AppearsIn(actor,movie,role) values (280,25,'Stilwell Aide');
insert into Actors(id,familyname,givenNames,gender) values (281,'Carroll','Robert','m');
insert into AppearsIn(actor,movie,role) values (281,37,'Mr. Polk');
insert into Actors(id,familyname,givenNames,gender) values (282,'Caruso','Frank A.','m');
insert into AppearsIn(actor,movie,role) values (282,54,'Old Bum');
insert into Actors(id,familyname,givenNames,gender) values (283,'Cascone','Nicholas','m');
insert into AppearsIn(actor,movie,role) values (283,7,'Bobby Buell');
insert into Actors(id,familyname,givenNames,gender) values (284,'Case','Gerald','m');
insert into AppearsIn(actor,movie,role) values (284,47,'Lord Waddington');
insert into Actors(id,familyname,givenNames,gender) values (285,'Cash','Aaron James','m');
insert into AppearsIn(actor,movie,role) values (285,7,'Dancer');
insert into Actors(id,familyname,givenNames,gender) values (286,'Caso','Christopher','m');
insert into AppearsIn(actor,movie,role) values (286,39,'InGen Guard');
insert into Actors(id,familyname,givenNames,gender) values (287,'Cass','Marc','m');
insert into AppearsIn(actor,movie,role) values (287,42,'Fallon');
insert into AppearsIn(actor,movie,role) values (287,7,'Hold Steward #1');
insert into Actors(id,familyname,givenNames,gender) values (288,'Castellanos','Vincent','m');
insert into AppearsIn(actor,movie,role) values (288,51,'Ed');
insert into Actors(id,familyname,givenNames,gender) values (289,'Caton','Robert Randolph','m');
insert into AppearsIn(actor,movie,role) values (289,40,'Dignitary');
insert into Actors(id,familyname,givenNames,gender) values (290,'Ce','Za Chuan','m');
insert into AppearsIn(actor,movie,role) values (290,32,'Shopkeeper');
insert into Actors(id,familyname,givenNames,gender) values (291,null,'Cedric the Entertainer','m');
insert into AppearsIn(actor,movie,role) values (291,61,'Gus Petch');
insert into Actors(id,familyname,givenNames,gender) values (292,'Cerqueira','Daniel','m');
insert into AppearsIn(actor,movie,role) values (292,42,'Weller');
insert into Actors(id,familyname,givenNames,gender) values (293,'Cervantes','Gary','m');
insert into AppearsIn(actor,movie,role) values (293,25,'Zoot-Suiter');
insert into Actors(id,familyname,givenNames,gender) values (294,'Chalmers Jr.','Edward','m');
insert into AppearsIn(actor,movie,role) values (294,37,'Mr. Denherder');
insert into Actors(id,familyname,givenNames,gender) values (295,'Chambers','Robert','m');
insert into AppearsIn(actor,movie,role) values (295,37,'Charlie');
insert into Actors(id,familyname,givenNames,gender) values (296,'Chancler','Ndugu','m');
insert into AppearsIn(actor,movie,role) values (296,30,'African Musician');
insert into Actors(id,familyname,givenNames,gender) values (297,'Chapman','Mark Lindsay','m');
insert into AppearsIn(actor,movie,role) values (297,7,'Chief Officer Wilde');
insert into Actors(id,familyname,givenNames,gender) values (298,'Chapman','Michael','m');
insert into AppearsIn(actor,movie,role) values (298,1,'Dr. Berg');
insert into Actors(id,familyname,givenNames,gender) values (299,'Charleson','Ray','m');
insert into AppearsIn(actor,movie,role) values (299,32,'American Prisoner');
insert into Actors(id,familyname,givenNames,gender) values (300,'Chase','Dan','m');
insert into AppearsIn(actor,movie,role) values (300,44,'Verizon Wireless Employee');
insert into Actors(id,familyname,givenNames,gender) values (301,'Chavez','Casey','m');
insert into AppearsIn(actor,movie,role) values (301,5,'Kid');
insert into Actors(id,familyname,givenNames,gender) values (302,'Chernaiev','Genya','m');
insert into AppearsIn(actor,movie,role) values (302,4,'Himself');
insert into Actors(id,familyname,givenNames,gender) values (303,'Chi','Dae-han','m');
insert into AppearsIn(actor,movie,role) values (303,20,'Oldboy (2003)');
insert into Actors(id,familyname,givenNames,gender) values (304,'Chiao','Roy','m');
insert into AppearsIn(actor,movie,role) values (304,36,'Lao Che');
insert into Actors(id,familyname,givenNames,gender) values (305,'Chinn','Anthony','m');
insert into AppearsIn(actor,movie,role) values (305,41,'Mohan');
insert into Actors(id,familyname,givenNames,gender) values (306,'Chinyamurindi','Michael','m');
insert into AppearsIn(actor,movie,role) values (306,39,'Waiter');
insert into Actors(id,familyname,givenNames,gender) values (307,'Choi','Hak-rak','m');
insert into AppearsIn(actor,movie,role) values (307,23,'Simpan (1999)');
insert into Actors(id,familyname,givenNames,gender) values (308,'Choi','Ken','m');
insert into AppearsIn(actor,movie,role) values (308,44,'CBP Officer');
insert into Actors(id,familyname,givenNames,gender) values (309,'Choi','Min-sik','m');
insert into AppearsIn(actor,movie,role) values (309,17,'Mr. Baek');
insert into AppearsIn(actor,movie,role) values (309,20,'Dae-su Oh');
insert into Actors(id,familyname,givenNames,gender) values (310,'Choi','Tom','m');
insert into AppearsIn(actor,movie,role) values (310,40,'Paymen - Agent #2');
insert into Actors(id,familyname,givenNames,gender) values (311,'Christian','Barron','m');
insert into AppearsIn(actor,movie,role) values (311,4,'Himself/Narrator');
insert into Actors(id,familyname,givenNames,gender) values (312,'Christopher','Tory','m');
insert into AppearsIn(actor,movie,role) values (312,39,'InGen Worker');
insert into Actors(id,familyname,givenNames,gender) values (313,'Churchill','John','m');
insert into AppearsIn(actor,movie,role) values (313,49,'1st A.D. Chuck Ross');
insert into Actors(id,familyname,givenNames,gender) values (314,'Churchill','John T.','m');
insert into AppearsIn(actor,movie,role) values (314,49,'1st A.D. Chuck Ross');
insert into Actors(id,familyname,givenNames,gender) values (315,'Churchwell','Gary Castro','m');
insert into AppearsIn(actor,movie,role) values (315,28,'Medical Intern');
insert into Actors(id,familyname,givenNames,gender) values (316,'Ciccolella','Jude','m');
insert into AppearsIn(actor,movie,role) values (316,44,'Karl Iverson');
insert into Actors(id,familyname,givenNames,gender) values (317,'Cimino','Leonardo','m');
insert into AppearsIn(actor,movie,role) values (317,46,'The Baron''s Doctor');
insert into Actors(id,familyname,givenNames,gender) values (318,'Clancy','Hamilton','m');
insert into AppearsIn(actor,movie,role) values (318,58,'Peck');
insert into Actors(id,familyname,givenNames,gender) values (319,'Clark','Blake','m');
insert into AppearsIn(actor,movie,role) values (319,61,'Convention Secretary');
insert into AppearsIn(actor,movie,role) values (319,62,'Football Coach');
insert into Actors(id,familyname,givenNames,gender) values (320,'Clemenson','Christian','m');
insert into AppearsIn(actor,movie,role) values (320,56,'Younger Cop');
insert into Actors(id,familyname,givenNames,gender) values (321,'Clooney','George','m');
insert into AppearsIn(actor,movie,role) values (321,58,'Harry Pfarrer');
insert into AppearsIn(actor,movie,role) values (321,61,'Miles');
insert into AppearsIn(actor,movie,role) values (321,64,'Everett');
insert into Actors(id,familyname,givenNames,gender) values (322,'Cloud','Paul','m');
insert into AppearsIn(actor,movie,role) values (322,25,'Stilwell Aide');
insert into Actors(id,familyname,givenNames,gender) values (323,'Cobb','Randall ''Tex''','m');
insert into AppearsIn(actor,movie,role) values (323,65,'Leonard Smalls');
insert into Actors(id,familyname,givenNames,gender) values (324,'Cobbs','Bill','m');
insert into AppearsIn(actor,movie,role) values (324,60,'Moses');
insert into Actors(id,familyname,givenNames,gender) values (325,'Cobert','Ron Francis','m');
insert into AppearsIn(actor,movie,role) values (325,65,'Reporter #1');
insert into Actors(id,familyname,givenNames,gender) values (326,'Coca','Richard','m');
insert into AppearsIn(actor,movie,role) values (326,40,'Pre-Crime Cop');
insert into Actors(id,familyname,givenNames,gender) values (327,'Coffey','Scott','m');
insert into AppearsIn(actor,movie,role) values (327,49,'Jack Rabbit');
insert into AppearsIn(actor,movie,role) values (327,50,'Teddy');
insert into AppearsIn(actor,movie,role) values (327,51,'Wilkins');
insert into AppearsIn(actor,movie,role) values (327,52,'Jack');
insert into AppearsIn(actor,movie,role) values (327,54,'Billy');
insert into Actors(id,familyname,givenNames,gender) values (328,'Coke','Prince','m');
insert into AppearsIn(actor,movie,role) values (328,26,'Amistad African Extra');
insert into Actors(id,familyname,givenNames,gender) values (329,'Colantoni','Enrico','m');
insert into AppearsIn(actor,movie,role) values (329,27,'The Murderer');
insert into Actors(id,familyname,givenNames,gender) values (330,'Colina','Luis','m');
insert into AppearsIn(actor,movie,role) values (330,56,'Corvette Owner');
insert into Actors(id,familyname,givenNames,gender) values (331,'Collazo','Joshua','m');
insert into AppearsIn(actor,movie,role) values (331,51,'Dancer');
insert into Actors(id,familyname,givenNames,gender) values (332,'Collins','Kevin','m');
insert into AppearsIn(actor,movie,role) values (332,34,'M.P. in Guard Hut');
insert into Actors(id,familyname,givenNames,gender) values (333,'Collins','Phil','m');
insert into AppearsIn(actor,movie,role) values (333,33,'Inspector Good');
insert into Actors(id,familyname,givenNames,gender) values (334,'Collison','Frank','m');
insert into AppearsIn(actor,movie,role) values (334,64,'Wash Hogwallop');
insert into AppearsIn(actor,movie,role) values (334,54,'Timmy Thompson');
insert into Actors(id,familyname,givenNames,gender) values (335,'Colman','Booth','m');
insert into AppearsIn(actor,movie,role) values (335,61,'Gutman Trial Judge');
insert into Actors(id,familyname,givenNames,gender) values (336,'Columbu','Franco','m');
insert into AppearsIn(actor,movie,role) values (336,6,'Future Terminator');
insert into Actors(id,familyname,givenNames,gender) values (337,'Combs','Gilbert B.','m');
insert into AppearsIn(actor,movie,role) values (337,50,'Assistant #2');
insert into Actors(id,familyname,givenNames,gender) values (338,'Condron','Aiden','m');
insert into AppearsIn(actor,movie,role) values (338,42,'Soldier on the Beach');
insert into Actors(id,familyname,givenNames,gender) values (339,'Connally','Merrill','m');
insert into AppearsIn(actor,movie,role) values (339,29,'Team Leader');
insert into Actors(id,familyname,givenNames,gender) values (340,'Connery','Sean','m');
insert into AppearsIn(actor,movie,role) values (340,35,'Professor Henry Jones');
insert into Actors(id,familyname,givenNames,gender) values (341,'Connolly','Brendan','m');
insert into AppearsIn(actor,movie,role) values (341,7,'Scotland Road Steward');
insert into Actors(id,familyname,givenNames,gender) values (342,'Constantine','Eddie','m');
insert into AppearsIn(actor,movie,role) values (342,14,'Colonel Harris');
insert into Actors(id,familyname,givenNames,gender) values (343,'Conteh','Habib','m');
insert into AppearsIn(actor,movie,role) values (343,26,'Bai');
insert into Actors(id,familyname,givenNames,gender) values (344,'Conteh','Stephen','m');
insert into AppearsIn(actor,movie,role) values (344,26,'Morlai');
insert into Actors(id,familyname,givenNames,gender) values (345,'Contreras','Luis','m');
insert into AppearsIn(actor,movie,role) values (345,25,'Zoot-Suiter');
insert into AppearsIn(actor,movie,role) values (345,29,'Federale');
insert into Actors(id,familyname,givenNames,gender) values (346,'Cook Jr.','Elisha','m');
insert into AppearsIn(actor,movie,role) values (346,25,'The Patron (Dexter)');
insert into Actors(id,familyname,givenNames,gender) values (347,'Cooke','Gregory','m');
insert into AppearsIn(actor,movie,role) values (347,7,'Jack Phillips');
insert into Actors(id,familyname,givenNames,gender) values (348,'Cooke','Michael','m');
insert into AppearsIn(actor,movie,role) values (348,51,'Herb');
insert into Actors(id,familyname,givenNames,gender) values (349,'Cooksey','Danny','m');
insert into AppearsIn(actor,movie,role) values (349,5,'Tim');
insert into Actors(id,familyname,givenNames,gender) values (350,'Coon','Ty','m');
insert into AppearsIn(actor,movie,role) values (350,27,'Flesh Fair Band Member');
insert into Actors(id,familyname,givenNames,gender) values (351,'Cooper','Roy','m');
insert into AppearsIn(actor,movie,role) values (351,26,'Pickney');
insert into Actors(id,familyname,givenNames,gender) values (352,'Copley','Peter','m');
insert into AppearsIn(actor,movie,role) values (352,32,'British Prisoner');
insert into Actors(id,familyname,givenNames,gender) values (353,'Corbin','Barry','m');
insert into AppearsIn(actor,movie,role) values (353,63,'Ellis');
insert into Actors(id,familyname,givenNames,gender) values (354,'Corkill','Danny','m');
insert into AppearsIn(actor,movie,role) values (354,46,'Dune (1984)  &lt;23&gt;');
insert into Actors(id,familyname,givenNames,gender) values (355,'Cormack','James','m');
insert into AppearsIn(actor,movie,role) values (355,47,'Pierce');
insert into Actors(id,familyname,givenNames,gender) values (356,'Cornicard','Stephane','m');
insert into AppearsIn(actor,movie,role) values (356,42,'Jean');
insert into Actors(id,familyname,givenNames,gender) values (357,'Correy','Mark','m');
insert into AppearsIn(actor,movie,role) values (357,28,'Funny Doctor');
insert into Actors(id,familyname,givenNames,gender) values (358,'Coster','Jan','m');
insert into AppearsIn(actor,movie,role) values (358,12,'Additional Cast');
insert into Actors(id,familyname,givenNames,gender) values (359,'Coulibaly','Seydou','m');
insert into AppearsIn(actor,movie,role) values (359,26,'Amistad African Extra');
insert into Actors(id,familyname,givenNames,gender) values (360,'Coulson','Thomas','m');
insert into AppearsIn(actor,movie,role) values (360,48,'The Boy');
insert into Actors(id,familyname,givenNames,gender) values (361,'Countryman','Michael','m');
insert into AppearsIn(actor,movie,role) values (361,58,'Alan');
insert into Actors(id,familyname,givenNames,gender) values (362,'Covarrubias','Robert','m');
insert into AppearsIn(actor,movie,role) values (362,44,'Janitor');
insert into Actors(id,familyname,givenNames,gender) values (363,'Covington','Marcus','m');
insert into AppearsIn(actor,movie,role) values (363,30,'Boy');
insert into Actors(id,familyname,givenNames,gender) values (364,'Cox','Sidney','m');
insert into AppearsIn(actor,movie,role) values (364,64,'Cox Family');
insert into Actors(id,familyname,givenNames,gender) values (365,'Cox','Willard','m');
insert into AppearsIn(actor,movie,role) values (365,64,'Cox Family');
insert into Actors(id,familyname,givenNames,gender) values (366,'Coyote','Peter','m');
insert into AppearsIn(actor,movie,role) values (366,31,'Keys');
insert into Actors(id,familyname,givenNames,gender) values (367,'Cragin','Charles','m');
insert into AppearsIn(actor,movie,role) values (367,8,'Samir');
insert into Actors(id,familyname,givenNames,gender) values (368,'Cragnotti','Chris','m');
insert into AppearsIn(actor,movie,role) values (368,7,'Victor Giglio');
insert into Actors(id,familyname,givenNames,gender) values (369,'Crane','Simon','m');
insert into AppearsIn(actor,movie,role) values (369,7,'4th Officer Boxhall');
insert into Actors(id,familyname,givenNames,gender) values (370,'Cranshaw','Patrick','m');
insert into AppearsIn(actor,movie,role) values (370,60,'Ancient Sorter');
insert into Actors(id,familyname,givenNames,gender) values (371,'Cranston','Bryan','m');
insert into AppearsIn(actor,movie,role) values (371,42,'War Department Colonel');
insert into Actors(id,familyname,givenNames,gender) values (372,'Crary','Erik','m');
insert into AppearsIn(actor,movie,role) values (372,49,'Mr. K');
insert into Actors(id,familyname,givenNames,gender) values (373,'Cravens','Rutherford','m');
insert into AppearsIn(actor,movie,role) values (373,63,'Gun Store Clerk');
insert into Actors(id,familyname,givenNames,gender) values (374,'Crawford','Thomas','m');
insert into AppearsIn(actor,movie,role) values (374,28,'FBI Agent');
insert into Actors(id,familyname,givenNames,gender) values (375,'Creamer','William','m');
insert into AppearsIn(actor,movie,role) values (375,57,'Old Cracker');
insert into Actors(id,familyname,givenNames,gender) values (376,'Crews','Terry','m');
insert into AppearsIn(actor,movie,role) values (376,49,'Street Person #3');
insert into Actors(id,familyname,givenNames,gender) values (377,'Criscuolo','Lou','m');
insert into AppearsIn(actor,movie,role) values (377,60,'Mailroom Screamer');
insert into Actors(id,familyname,givenNames,gender) values (378,'Cronnelly','David','m');
insert into AppearsIn(actor,movie,role) values (378,7,'Crewman');
insert into Actors(id,familyname,givenNames,gender) values (379,'Crosby','David','m');
insert into AppearsIn(actor,movie,role) values (379,33,'Tickles');
insert into Actors(id,familyname,givenNames,gender) values (380,'Crossman','Michael','m');
insert into AppearsIn(actor,movie,role) values (380,32,'American Prisoner');
insert into Actors(id,familyname,givenNames,gender) values (381,'Croughwell','Charles','m');
insert into AppearsIn(actor,movie,role) values (381,51,'Vacuum Man killed By Messing');
insert into Actors(id,familyname,givenNames,gender) values (382,'Crowe','Cameron','m');
insert into AppearsIn(actor,movie,role) values (382,40,'Bus Passenger');
insert into Actors(id,familyname,givenNames,gender) values (383,'Crowther','Graeme','m');
insert into AppearsIn(actor,movie,role) values (383,35,'Zeppelin Crewman');
insert into Actors(id,familyname,givenNames,gender) values (384,'Cruise','Tom','m');
insert into AppearsIn(actor,movie,role) values (384,40,'Chief John Anderton');
insert into Actors(id,familyname,givenNames,gender) values (385,'Cundey','Dean','m');
insert into AppearsIn(actor,movie,role) values (385,38,'Mate');
insert into Actors(id,familyname,givenNames,gender) values (386,'Currie','Kevyn','m');
insert into AppearsIn(actor,movie,role) values (386,7,'Sailor');
insert into Actors(id,familyname,givenNames,gender) values (387,'Curry','Adrien','m');
insert into AppearsIn(actor,movie,role) values (387,51,'Backup Singer #3');
insert into Actors(id,familyname,givenNames,gender) values (388,'Curtis Brown','Robert','m');
insert into AppearsIn(actor,movie,role) values (388,28,'Front Desk Clerk');
insert into Actors(id,familyname,givenNames,gender) values (389,'Curtis','Alfie','m');
insert into AppearsIn(actor,movie,role) values (389,47,'Milkman');
insert into Actors(id,familyname,givenNames,gender) values (390,'Cutler','Tom','m');
insert into AppearsIn(actor,movie,role) values (390,40,'Banquet Guest');
insert into Actors(id,familyname,givenNames,gender) values (391,'Cybulski','Stanislaw Kazimierz','m');
insert into AppearsIn(actor,movie,role) values (391,49,'Mr. Zydowicz');
insert into Actors(id,familyname,givenNames,gender) values (392,'Cyrus','Billy Ray','m');
insert into AppearsIn(actor,movie,role) values (392,51,'Gene');
insert into Actors(id,familyname,givenNames,gender) values (393,'Cyrwus','Piotr','m');
insert into AppearsIn(actor,movie,role) values (393,43,'Ukrainian Guard');
insert into Actors(id,familyname,givenNames,gender) values (394,'Cote','Marc-Antoine','m');
insert into AppearsIn(actor,movie,role) values (394,28,'Choir');
insert into Actors(id,familyname,givenNames,gender) values (395,'Da Costa','Paulinho','m');
insert into AppearsIn(actor,movie,role) values (395,30,'African Musician');
insert into Actors(id,familyname,givenNames,gender) values (396,'Daddo','Cameron','m');
insert into AppearsIn(actor,movie,role) values (396,49,'Devon Berk''s Manager');
insert into Actors(id,familyname,givenNames,gender) values (397,'Dafoe','Willem','m');
insert into AppearsIn(actor,movie,role) values (397,10,'Antichrist (2009)');
insert into AppearsIn(actor,movie,role) values (397,54,'Bobby Peru');
insert into Actors(id,familyname,givenNames,gender) values (398,'Dagan','Ezra','m');
insert into AppearsIn(actor,movie,role) values (398,43,'Rabbi Menasha Lewartow');
insert into Actors(id,familyname,givenNames,gender) values (399,'Dahl','Jim','m');
insert into AppearsIn(actor,movie,role) values (399,5,'SWAT officer');
insert into Actors(id,familyname,givenNames,gender) values (400,'Dale','Alan','m');
insert into AppearsIn(actor,movie,role) values (400,34,'General Ross');
insert into Actors(id,familyname,givenNames,gender) values (401,'Damiecki','Grzegorz','m');
insert into AppearsIn(actor,movie,role) values (401,43,'SS Sergeant Kunder');
insert into Actors(id,familyname,givenNames,gender) values (402,'Damon','Matt','m');
insert into AppearsIn(actor,movie,role) values (402,42,'Pvt. James Francis Ryan');
insert into Actors(id,familyname,givenNames,gender) values (403,'Danaher','Tom','m');
insert into AppearsIn(actor,movie,role) values (403,32,'Col. Marshall');
insert into Actors(id,familyname,givenNames,gender) values (404,'Dandridge','Gregg','m');
insert into AppearsIn(actor,movie,role) values (404,54,'Bob Ray Lemon');
insert into Actors(id,familyname,givenNames,gender) values (405,'Dankner','Jonathan','m');
insert into AppearsIn(actor,movie,role) values (405,28,'Student #1');
insert into Actors(id,familyname,givenNames,gender) values (406,'Danson','Ted','m');
insert into AppearsIn(actor,movie,role) values (406,42,'Capt. Fred Hamill');
insert into Actors(id,familyname,givenNames,gender) values (407,'DaRe','Eric','m');
insert into AppearsIn(actor,movie,role) values (407,53,'Leo Johnson');
insert into Actors(id,familyname,givenNames,gender) values (408,'Darga','Christopher','m');
insert into AppearsIn(actor,movie,role) values (408,60,'Mail Room Orienter');
insert into Actors(id,familyname,givenNames,gender) values (409,'Darlington','Phillip','m');
insert into AppearsIn(actor,movie,role) values (409,1,'USS Montana Crewman');
insert into Actors(id,familyname,givenNames,gender) values (410,'Darrell','Michael','m');
insert into AppearsIn(actor,movie,role) values (410,31,'Van Man');
insert into Actors(id,familyname,givenNames,gender) values (411,'Dastor','Nicholas','m');
insert into AppearsIn(actor,movie,role) values (411,32,'Paul');
insert into Actors(id,familyname,givenNames,gender) values (412,'Datig','Fred','m');
insert into AppearsIn(actor,movie,role) values (412,28,'Co-Pilot');
insert into Actors(id,familyname,givenNames,gender) values (413,'Daunis','Alex','m');
insert into AppearsIn(actor,movie,role) values (413,26,'Clerk of Supreme Court');
insert into Actors(id,familyname,givenNames,gender) values (414,'Davidson','G. Kenneth','m');
insert into AppearsIn(actor,movie,role) values (414,53,'Old Guy at Hap''s');
insert into Actors(id,familyname,givenNames,gender) values (415,'Davidson','Peter','m');
insert into AppearsIn(actor,movie,role) values (415,47,'Second Bobby');
insert into Actors(id,familyname,givenNames,gender) values (416,'Davies','Jeremy','m');
insert into AppearsIn(actor,movie,role) values (416,12,'Bill Henson');
insert into AppearsIn(actor,movie,role) values (416,42,'Cpl. Timothy P. Upham');
insert into Actors(id,familyname,givenNames,gender) values (417,'Davis','Chad R.','m');
insert into AppearsIn(actor,movie,role) values (417,44,'Dad');
insert into Actors(id,familyname,givenNames,gender) values (418,'Davis','Don S.','m');
insert into AppearsIn(actor,movie,role) values (418,33,'Dr. Fields');
insert into AppearsIn(actor,movie,role) values (418,53,'Maj. Garland Briggs');
insert into Actors(id,familyname,givenNames,gender) values (419,'Davis','Joseph','m');
insert into AppearsIn(actor,movie,role) values (419,44,'Burger King Employee');
insert into Actors(id,familyname,givenNames,gender) values (420,'Davis','Kyle','m');
insert into AppearsIn(actor,movie,role) values (420,28,'Kid');
insert into Actors(id,familyname,givenNames,gender) values (421,'Davis','Lance','m');
insert into AppearsIn(actor,movie,role) values (421,55,'Richard St. Claire');
insert into Actors(id,familyname,givenNames,gender) values (422,'Dawson','Sidney','m');
insert into AppearsIn(actor,movie,role) values (422,65,'Moses, Ear-Bending Cellmate');
insert into Actors(id,familyname,givenNames,gender) values (423,'Day','Robert','m');
insert into AppearsIn(actor,movie,role) values (423,47,'Little Jim');
insert into Actors(id,familyname,givenNames,gender) values (424,'De Hoyos','Jason','m');
insert into AppearsIn(actor,movie,role) values (424,61,'Gardener');
insert into Actors(id,familyname,givenNames,gender) values (425,'de Jonge','Marc','m');
insert into AppearsIn(actor,movie,role) values (425,32,'Frenchman');
insert into Actors(id,familyname,givenNames,gender) values (426,'De La Noy','Kevin','m');
insert into AppearsIn(actor,movie,role) values (426,7,'3rd Officer Pitman');
insert into Actors(id,familyname,givenNames,gender) values (427,'de Lancie','John','m');
insert into AppearsIn(actor,movie,role) values (427,42,'Letter Reader');
insert into Actors(id,familyname,givenNames,gender) values (428,'De Silva','Stany','m');
insert into AppearsIn(actor,movie,role) values (428,36,'Sajnu');
insert into Actors(id,familyname,givenNames,gender) values (429,'De Vore','Christopher','m');
insert into AppearsIn(actor,movie,role) values (429,47,'Lyra Box Player #2');
insert into Actors(id,familyname,givenNames,gender) values (430,'De Waal','Allan','m');
insert into AppearsIn(actor,movie,role) values (430,13,'Epidemic (1987)  &lt;1&gt;');
insert into Actors(id,familyname,givenNames,gender) values (431,'Deadrick Sr.','Vince','m');
insert into AppearsIn(actor,movie,role) values (431,35,'Rough Rider');
insert into Actors(id,familyname,givenNames,gender) values (432,'Dearlove','Jack','m');
insert into AppearsIn(actor,movie,role) values (432,32,'Singing Prisoner');
insert into Actors(id,familyname,givenNames,gender) values (433,'Deaver','Cameron','m');
insert into AppearsIn(actor,movie,role) values (433,28,'Waiter');
insert into Actors(id,familyname,givenNames,gender) values (434,'Dedek','Tomasz','m');
insert into AppearsIn(actor,movie,role) values (434,43,'Gestapo Agent');
insert into Actors(id,familyname,givenNames,gender) values (435,'Deezen','Eddie','m');
insert into AppearsIn(actor,movie,role) values (435,25,'Herbie Kazlminsky');
insert into Actors(id,familyname,givenNames,gender) values (436,'Degruttola','Raffaello','m');
insert into AppearsIn(actor,movie,role) values (436,42,'Goldman');
insert into Actors(id,familyname,givenNames,gender) values (437,'Del Padre','Nino','m');
insert into AppearsIn(actor,movie,role) values (437,26,'Court Witness');
insert into Actors(id,familyname,givenNames,gender) values (438,'Del Ponte','Daniel','m');
insert into AppearsIn(actor,movie,role) values (438,43,'Dr. Josef Mengele');
insert into Actors(id,familyname,givenNames,gender) values (439,'Delag','Pawel','m');
insert into AppearsIn(actor,movie,role) values (439,43,'Dolek Horowitz');
insert into Actors(id,familyname,givenNames,gender) values (440,'Dempsey','Jerome','m');
insert into AppearsIn(actor,movie,role) values (440,60,'Board Member');
insert into Actors(id,familyname,givenNames,gender) values (441,'DeMunn','Jeffrey','m');
insert into AppearsIn(actor,movie,role) values (441,58,'Cosmetic Surgeon');
insert into Actors(id,familyname,givenNames,gender) values (442,'Denbo','Jack','m');
insert into AppearsIn(actor,movie,role) values (442,55,'Stagehand');
insert into Actors(id,familyname,givenNames,gender) values (443,'Denman','Tony','m');
insert into AppearsIn(actor,movie,role) values (443,59,'Scotty Lundegaard');
insert into Actors(id,familyname,givenNames,gender) values (444,'Dennen','Barry','m');
insert into AppearsIn(actor,movie,role) values (444,7,'Praying Man');
insert into Actors(id,familyname,givenNames,gender) values (445,'Dennis','Alfred','m');
insert into AppearsIn(actor,movie,role) values (445,28,'Ira Penner');
insert into Actors(id,familyname,givenNames,gender) values (446,'Dennis','Gill','m');
insert into AppearsIn(actor,movie,role) values (446,48,'Man with Cigar');
insert into Actors(id,familyname,givenNames,gender) values (447,'Des Barres','Michael','m');
insert into AppearsIn(actor,movie,role) values (447,51,'Billy Deznutz');
insert into Actors(id,familyname,givenNames,gender) values (448,'DeSanti','Phil','m');
insert into AppearsIn(actor,movie,role) values (448,49,'2nd A.D. Tim Hurst');
insert into Actors(id,familyname,givenNames,gender) values (449,'Deuter','James','m');
insert into AppearsIn(actor,movie,role) values (449,60,'New Year''s Mob');
insert into Actors(id,familyname,givenNames,gender) values (450,'Di Cicco','Bobby','m');
insert into AppearsIn(actor,movie,role) values (450,25,'Wally Stephens');
insert into Actors(id,familyname,givenNames,gender) values (451,'Diamond','Peter','m');
insert into AppearsIn(actor,movie,role) values (451,41,'German Soldier');
insert into Actors(id,familyname,givenNames,gender) values (452,'Diatchenko','Dimitri','m');
insert into AppearsIn(actor,movie,role) values (452,34,'Russian Suit #1');
insert into Actors(id,familyname,givenNames,gender) values (453,'DiCaprio','Leonardo','m');
insert into AppearsIn(actor,movie,role) values (453,28,'Frank Abagnale Jr.');
insert into AppearsIn(actor,movie,role) values (453,7,'Jack Dawson');
insert into Actors(id,familyname,givenNames,gender) values (454,'DiCenzo','George','m');
insert into AppearsIn(actor,movie,role) values (454,29,'Major Benchley');
insert into Actors(id,familyname,givenNames,gender) values (455,'Dickerson','George','m');
insert into AppearsIn(actor,movie,role) values (455,45,'Det. John Williams');
insert into Actors(id,familyname,givenNames,gender) values (456,'Dickman','Matthew','m');
insert into AppearsIn(actor,movie,role) values (456,40,'Dashiell');
insert into Actors(id,familyname,givenNames,gender) values (457,'Dickman','Michael','m');
insert into AppearsIn(actor,movie,role) values (457,40,'Arthur');
insert into Actors(id,familyname,givenNames,gender) values (458,'Dickson','Neil','m');
insert into AppearsIn(actor,movie,role) values (458,49,'Producer');
insert into Actors(id,familyname,givenNames,gender) values (459,'Diesel','Vin','m');
insert into AppearsIn(actor,movie,role) values (459,42,'Pvt. Adrian Caparzo');
insert into Actors(id,familyname,givenNames,gender) values (460,'Dillahunt','Garret','m');
insert into AppearsIn(actor,movie,role) values (460,63,'Deputy Wendell');
insert into Actors(id,familyname,givenNames,gender) values (461,'Dillon','Peter','m');
insert into AppearsIn(actor,movie,role) values (461,3,'Shuttle Crew Chief');
insert into Actors(id,familyname,givenNames,gender) values (462,'DiMuccio','Brian','m');
insert into AppearsIn(actor,movie,role) values (462,33,'Pirate');
insert into Actors(id,familyname,givenNames,gender) values (463,'Dinesen','Lars Michael','m');
insert into AppearsIn(actor,movie,role) values (463,11,'Defense Attorney');
insert into Actors(id,familyname,givenNames,gender) values (464,'Dinsmoor','Miles','m');
insert into AppearsIn(actor,movie,role) values (464,40,'Guinness Man');
insert into Actors(id,familyname,givenNames,gender) values (465,'Divoff','Andrew','m');
insert into AppearsIn(actor,movie,role) values (465,34,'Russian Soldier #3');
insert into Actors(id,familyname,givenNames,gender) values (466,'Dixon','Eddy','m');
insert into AppearsIn(actor,movie,role) values (466,54,'Rex');
insert into Actors(id,familyname,givenNames,gender) values (467,'Dobbins','Bill','m');
insert into AppearsIn(actor,movie,role) values (467,65,'Adoption Agent');
insert into Actors(id,familyname,givenNames,gender) values (468,'Dobtcheff','Vernon','m');
insert into AppearsIn(actor,movie,role) values (468,35,'Butler');
insert into Actors(id,familyname,givenNames,gender) values (469,'Dochterman','Daren','m');
insert into AppearsIn(actor,movie,role) values (469,1,'News Reporter');
insert into Actors(id,familyname,givenNames,gender) values (470,'Dodds','Phil','m');
insert into AppearsIn(actor,movie,role) values (470,29,'ARP Musician');
insert into Actors(id,familyname,givenNames,gender) values (471,'Dodds','Philip','m');
insert into AppearsIn(actor,movie,role) values (471,29,'Jean Claude');
insert into Actors(id,familyname,givenNames,gender) values (472,'Dogans','Ed','m');
insert into AppearsIn(actor,movie,role) values (472,6,'Cop in Alley');
insert into Actors(id,familyname,givenNames,gender) values (473,'Donachie','Ron','m');
insert into AppearsIn(actor,movie,role) values (473,7,'Master at Arms');
insert into Actors(id,familyname,givenNames,gender) values (474,'Donovan','John','m');
insert into AppearsIn(actor,movie,role) values (474,4,'Captain Smith');
insert into Actors(id,familyname,givenNames,gender) values (475,'Dorman','Kevin','m');
insert into AppearsIn(actor,movie,role) values (475,3,'Tractor operator');
insert into Actors(id,familyname,givenNames,gender) values (476,'Dotson','Michael','m');
insert into AppearsIn(actor,movie,role) values (476,62,'Angry Football Fan');
insert into Actors(id,familyname,givenNames,gender) values (477,'Dotson','Scott','m');
insert into AppearsIn(actor,movie,role) values (477,8,'Harrier Pilot');
insert into Actors(id,familyname,givenNames,gender) values (478,'Doty','David','m');
insert into AppearsIn(actor,movie,role) values (478,40,'Pre-Crime Public Service Announcer');
insert into Actors(id,familyname,givenNames,gender) values (479,'Douglas','Jason','m');
insert into AppearsIn(actor,movie,role) values (479,63,'Cabbie at Motel');
insert into Actors(id,familyname,givenNames,gender) values (480,'Douglas','Jerry','m');
insert into AppearsIn(actor,movie,role) values (480,64,'Dobro Player');
insert into Actors(id,familyname,givenNames,gender) values (481,'Dourif','Brad','m');
insert into AppearsIn(actor,movie,role) values (481,45,'Raymond');
insert into AppearsIn(actor,movie,role) values (481,46,'Piter De Vries');
insert into Actors(id,familyname,givenNames,gender) values (482,'Dowridge','Denver','m');
insert into AppearsIn(actor,movie,role) values (482,26,'Kpau');
insert into Actors(id,familyname,givenNames,gender) values (483,'Dresner','Janek','m');
insert into AppearsIn(actor,movie,role) values (483,43,'Himself - Schindler Mourner');
insert into Actors(id,familyname,givenNames,gender) values (484,'Dreyfuss','Justin','m');
insert into AppearsIn(actor,movie,role) values (484,29,'Toby Neary');
insert into Actors(id,familyname,givenNames,gender) values (485,'Dreyfuss','Richard','m');
insert into AppearsIn(actor,movie,role) values (485,29,'Roy Neary');
insert into AppearsIn(actor,movie,role) values (485,37,'Matt Hooper');
insert into Actors(id,familyname,givenNames,gender) values (486,'Drolet-Dumoulin','Antoine','m');
insert into AppearsIn(actor,movie,role) values (486,28,'Choir');
insert into Actors(id,familyname,givenNames,gender) values (487,'Dube','Cyprian R.','m');
insert into AppearsIn(actor,movie,role) values (487,37,'Mr. Posner');
insert into Actors(id,familyname,givenNames,gender) values (488,'Duff-Griffin','William','m');
insert into AppearsIn(actor,movie,role) values (488,60,'Newsreel Scientist');
insert into Actors(id,familyname,givenNames,gender) values (489,'Duffin','Shay','m');
insert into AppearsIn(actor,movie,role) values (489,7,'Pubkeeper');
insert into Actors(id,familyname,givenNames,gender) values (490,'Duffy','Thomas F.','m');
insert into AppearsIn(actor,movie,role) values (490,1,'Construction Worker');
insert into AppearsIn(actor,movie,role) values (490,39,'Dr. Robert Burke');
insert into Actors(id,familyname,givenNames,gender) values (491,'Duke','Skipper','m');
insert into AppearsIn(actor,movie,role) values (491,60,'Mr. Grier');
insert into Actors(id,familyname,givenNames,gender) values (492,'Dukic','Dusan','m');
insert into AppearsIn(actor,movie,role) values (492,44,'Young Drug Trafficker');
insert into Actors(id,familyname,givenNames,gender) values (493,'DuMont','James','m');
insert into AppearsIn(actor,movie,role) values (493,28,'FBI Agent');
insert into Actors(id,familyname,givenNames,gender) values (494,'Duncan','Frank','m');
insert into AppearsIn(actor,movie,role) values (494,32,'Mrs. Hug''s Father');
insert into Actors(id,familyname,givenNames,gender) values (495,'Dunham','Stephen','m');
insert into AppearsIn(actor,movie,role) values (495,28,'Pilot');
insert into Actors(id,familyname,givenNames,gender) values (496,'Durban','John','m');
insert into AppearsIn(actor,movie,role) values (496,6,'Sentry');
insert into Actors(id,familyname,givenNames,gender) values (497,'Durkin','Patrick','m');
insert into AppearsIn(actor,movie,role) values (497,41,'Australian Climber');
insert into Actors(id,familyname,givenNames,gender) values (498,'Durning','Charles','m');
insert into AppearsIn(actor,movie,role) values (498,60,'Waring Hudsucker');
insert into AppearsIn(actor,movie,role) values (498,64,'Pappy O''Daniel');
insert into Actors(id,familyname,givenNames,gender) values (499,'Dussault','Patrice','m');
insert into AppearsIn(actor,movie,role) values (499,28,'French Police');
insert into Actors(id,familyname,givenNames,gender) values (500,'Dussault-Gagne','Leon','m');
insert into AppearsIn(actor,movie,role) values (500,28,'Choir');
insert into Actors(id,familyname,givenNames,gender) values (501,'Duvall','Wayne','m');
insert into AppearsIn(actor,movie,role) values (501,64,'Homer Stokes');
insert into Actors(id,familyname,givenNames,gender) values (502,'Dye','Dale','m');
insert into AppearsIn(actor,movie,role) values (502,42,'War Department Colonel');
insert into Actors(id,familyname,givenNames,gender) values (503,'Dyer','Rev. Michael J.','m');
insert into AppearsIn(actor,movie,role) values (503,29,'Himself');
insert into Actors(id,familyname,givenNames,gender) values (504,'Dynarski','Gene','m');
insert into AppearsIn(actor,movie,role) values (504,29,'Ike');
insert into Actors(id,familyname,givenNames,gender) values (505,'Diaz','Guillermo','m');
insert into AppearsIn(actor,movie,role) values (505,44,'Bobby Alima');
insert into Actors(id,familyname,givenNames,gender) values (506,'East','Khalil','m');
insert into AppearsIn(actor,movie,role) values (506,62,'Gawain''s Brother');
insert into Actors(id,familyname,givenNames,gender) values (507,'East','Martin','m');
insert into AppearsIn(actor,movie,role) values (507,7,'Lookout Lee');
insert into Actors(id,familyname,givenNames,gender) values (508,'Eastin','Steve','m');
insert into AppearsIn(actor,movie,role) values (508,28,'Paul Morgan');
insert into Actors(id,familyname,givenNames,gender) values (509,'Ebert','Pierre','m');
insert into AppearsIn(actor,movie,role) values (509,28,'Extra');
insert into Actors(id,familyname,givenNames,gender) values (510,'Eddins','John','m');
insert into AppearsIn(actor,movie,role) values (510,44,'CBP Officer');
insert into Actors(id,familyname,givenNames,gender) values (511,'Eddison','Robert','m');
insert into AppearsIn(actor,movie,role) values (511,35,'Grail Knight');
insert into Actors(id,familyname,givenNames,gender) values (512,'Edelman','Shane','m');
insert into AppearsIn(actor,movie,role) values (512,28,'Doctor Harris');
insert into Actors(id,familyname,givenNames,gender) values (513,'Edelman','Steve','m');
insert into AppearsIn(actor,movie,role) values (513,59,'Morning Show Host');
insert into Actors(id,familyname,givenNames,gender) values (514,'Edwards','Michael','m');
insert into AppearsIn(actor,movie,role) values (514,5,'Old John Connor');
insert into Actors(id,familyname,givenNames,gender) values (515,'Eidel','Carey','m');
insert into AppearsIn(actor,movie,role) values (515,39,'Benjamin''s Dad');
insert into Actors(id,familyname,givenNames,gender) values (516,'Ejiofor','Chiwetel','m');
insert into AppearsIn(actor,movie,role) values (516,26,'Ens. Covey');
insert into Actors(id,familyname,givenNames,gender) values (517,'El Razzac','Abdul Salaam','m');
insert into AppearsIn(actor,movie,role) values (517,5,'Gibbons');
insert into Actors(id,familyname,givenNames,gender) values (518,'El Shenawi','Ahmed','m');
insert into AppearsIn(actor,movie,role) values (518,36,'Merchant #2');
insert into Actors(id,familyname,givenNames,gender) values (519,'Elizondo','Humberto','m');
insert into AppearsIn(actor,movie,role) values (519,46,'Czigo');
insert into Actors(id,familyname,givenNames,gender) values (520,'Elliott','Chris','m');
insert into AppearsIn(actor,movie,role) values (520,1,'Bendix');
insert into Actors(id,familyname,givenNames,gender) values (521,'Elliott','Denholm','m');
insert into AppearsIn(actor,movie,role) values (521,35,'Dr. Marcus Brody');
insert into AppearsIn(actor,movie,role) values (521,41,'Dr. Marcus Brody');
insert into Actors(id,familyname,givenNames,gender) values (522,'Elliott','Sam','m');
insert into AppearsIn(actor,movie,role) values (522,56,'The Stranger');
insert into Actors(id,familyname,givenNames,gender) values (523,'Ellis','Chris','m');
insert into AppearsIn(actor,movie,role) values (523,28,'Special Agent Witkins');
insert into Actors(id,familyname,givenNames,gender) values (524,'Ellis','Greg','m');
insert into AppearsIn(actor,movie,role) values (524,7,'Carpathia Steward');
insert into Actors(id,familyname,givenNames,gender) values (525,'Ellis','Sam','m');
insert into AppearsIn(actor,movie,role) values (525,42,'Pvt. Hastings');
insert into Actors(id,familyname,givenNames,gender) values (526,'Elphick','Michael','m');
insert into AppearsIn(actor,movie,role) values (526,47,'Night Porter');
insert into Actors(id,familyname,givenNames,gender) values (527,'Embree','James','m');
insert into AppearsIn(actor,movie,role) values (527,42,'German Paratrooper');
insert into Actors(id,familyname,givenNames,gender) values (528,'Emery','Matt','m');
insert into AppearsIn(actor,movie,role) values (528,29,'Support Leader');
insert into Actors(id,familyname,givenNames,gender) values (529,'Eng','Ronald','m');
insert into AppearsIn(actor,movie,role) values (529,32,'Mr. Chen''s Aide');
insert into Actors(id,familyname,givenNames,gender) values (530,'Ensign','Michael','m');
insert into AppearsIn(actor,movie,role) values (530,7,'Benjamin Guggenheim');
insert into Actors(id,familyname,givenNames,gender) values (531,'Epper','Gary','m');
insert into AppearsIn(actor,movie,role) values (531,33,'Growling Pirate');
insert into Actors(id,familyname,givenNames,gender) values (532,'Eppolito','Louis','m');
insert into AppearsIn(actor,movie,role) values (532,50,'Ed');
insert into Actors(id,familyname,givenNames,gender) values (533,'Ernest','Roger','m');
insert into AppearsIn(actor,movie,role) values (533,29,'Highway Patrolman');
insert into Actors(id,familyname,givenNames,gender) values (534,'Ernst','Ole','m');
insert into AppearsIn(actor,movie,role) values (534,13,'Epidemic (1987)  &lt;2&gt;');
insert into Actors(id,familyname,givenNames,gender) values (535,'Escober','Adrian','m');
insert into AppearsIn(actor,movie,role) values (535,38,'Worker at Amber Mine');
insert into Actors(id,familyname,givenNames,gender) values (536,'Evans','C.H.','m');
insert into AppearsIn(actor,movie,role) values (536,53,'Jack at Hap''s');
insert into Actors(id,familyname,givenNames,gender) values (537,'Evans','Roy','m');
insert into AppearsIn(actor,movie,role) values (537,47,'Cabman');
insert into Actors(id,familyname,givenNames,gender) values (538,'Evans','Terrence','m');
insert into AppearsIn(actor,movie,role) values (538,5,'Tanker Truck Driver');
insert into Actors(id,familyname,givenNames,gender) values (539,'Evans-Jones','Jonathan','m');
insert into AppearsIn(actor,movie,role) values (539,7,'Wallace Hartley');
insert into Actors(id,familyname,givenNames,gender) values (540,'Evenson','Wayne A.','m');
insert into AppearsIn(actor,movie,role) values (540,59,'Customer');
insert into Actors(id,familyname,givenNames,gender) values (541,'Everett','Chad','m');
insert into AppearsIn(actor,movie,role) values (541,51,'Jimmy Katz');
insert into Actors(id,familyname,givenNames,gender) values (542,'Everett','Sean','m');
insert into AppearsIn(actor,movie,role) values (542,51,'Cab Driver at LAX');
insert into Actors(id,familyname,givenNames,gender) values (543,'Ewing','Joel','m');
insert into AppearsIn(actor,movie,role) values (543,28,'Party Guy');
insert into Actors(id,familyname,givenNames,gender) values (544,'Ewing','John','m');
insert into AppearsIn(actor,movie,role) values (544,29,'Dirty Tricks #1');
insert into Actors(id,familyname,givenNames,gender) values (545,'Fairman','Blain','m');
insert into AppearsIn(actor,movie,role) values (545,2,'Doctor');
insert into Actors(id,familyname,givenNames,gender) values (546,'Fairman','Michael','m');
insert into AppearsIn(actor,movie,role) values (546,51,'Jason');
insert into Actors(id,familyname,givenNames,gender) values (547,'Falk','Anders','m');
insert into AppearsIn(actor,movie,role) values (547,7,'Olaus Gunderson');
insert into Actors(id,familyname,givenNames,gender) values (548,'Fann','Al','m');
insert into AppearsIn(actor,movie,role) values (548,62,'Church Voice');
insert into Actors(id,familyname,givenNames,gender) values (549,'Fante','Fabrizio','m');
insert into AppearsIn(actor,movie,role) values (549,28,'Businessman');
insert into Actors(id,familyname,givenNames,gender) values (550,'Fanzy','Monguehy','m');
insert into AppearsIn(actor,movie,role) values (550,26,'Fabanna');
insert into Actors(id,familyname,givenNames,gender) values (551,'Farago','Joe','m');
insert into AppearsIn(actor,movie,role) values (551,1,'Anchorman');
insert into AppearsIn(actor,movie,role) values (551,6,'TV Anchorman');
insert into Actors(id,familyname,givenNames,gender) values (552,'Farina','Dennis','m');
insert into AppearsIn(actor,movie,role) values (552,42,'Lt. Col. Anderson');
insert into Actors(id,familyname,givenNames,gender) values (553,'Farrell','Colin','m');
insert into AppearsIn(actor,movie,role) values (553,40,'Danny Witwer');
insert into Actors(id,familyname,givenNames,gender) values (554,'Farrington','Hugh','m');
insert into AppearsIn(actor,movie,role) values (554,6,'Customer');
insert into Actors(id,familyname,givenNames,gender) values (555,'Fawcett','David','m');
insert into AppearsIn(actor,movie,role) values (555,60,'Newsroom Reporter');
insert into Actors(id,familyname,givenNames,gender) values (556,'Feldman','Brian','m');
insert into AppearsIn(actor,movie,role) values (556,27,'Flesh Fairgoer');
insert into Actors(id,familyname,givenNames,gender) values (557,'Feliciano','Jose','m');
insert into AppearsIn(actor,movie,role) values (557,59,'Himself');
insert into Actors(id,familyname,givenNames,gender) values (558,'Felix','Kelly','m');
insert into AppearsIn(actor,movie,role) values (558,27,'Butler Mecha');
insert into Actors(id,familyname,givenNames,gender) values (559,'Fellows','Don','m');
insert into AppearsIn(actor,movie,role) values (559,41,'Col. Musgrove');
insert into Actors(id,familyname,givenNames,gender) values (560,'Fenton','Sean','m');
insert into AppearsIn(actor,movie,role) values (560,61,'Bailiff');
insert into Actors(id,familyname,givenNames,gender) values (561,'Ferrer','Jose','m');
insert into AppearsIn(actor,movie,role) values (561,46,'Padishah Emperor Shaddam IV');
insert into Actors(id,familyname,givenNames,gender) values (562,'Ferrer','Miguel','m');
insert into AppearsIn(actor,movie,role) values (562,53,'Albert Rosenfield');
insert into Actors(id,familyname,givenNames,gender) values (563,'Ferrero','Martin','m');
insert into AppearsIn(actor,movie,role) values (563,38,'Donald Gennaro');
insert into Actors(id,familyname,givenNames,gender) values (564,'Fickes','Colin','m');
insert into AppearsIn(actor,movie,role) values (564,60,'Newsboy');
insert into Actors(id,familyname,givenNames,gender) values (565,'Fields','Christopher John','m');
insert into AppearsIn(actor,movie,role) values (565,38,'Volunteer #1');
insert into Actors(id,familyname,givenNames,gender) values (566,'Fiennes','Ralph','m');
insert into AppearsIn(actor,movie,role) values (566,43,'Amon Goeth');
insert into Actors(id,familyname,givenNames,gender) values (567,'Filley','Jonathan','m');
insert into AppearsIn(actor,movie,role) values (567,37,'Tom Cassidy');
insert into Actors(id,familyname,givenNames,gender) values (568,'Fillion','Nathan','m');
insert into AppearsIn(actor,movie,role) values (568,42,'Pvt. James Frederick ''Minnesota'' Ryan');
insert into Actors(id,familyname,givenNames,gender) values (569,'Finlay','Ian','m');
insert into AppearsIn(actor,movie,role) values (569,44,'CBP Officer');
insert into Actors(id,familyname,givenNames,gender) values (570,'Finn','John','m');
insert into AppearsIn(actor,movie,role) values (570,28,'Assistant Director Marsh');
insert into Actors(id,familyname,givenNames,gender) values (571,'Finnell','Michael W.','m');
insert into AppearsIn(actor,movie,role) values (571,64,'Interrogator');
insert into Actors(id,familyname,givenNames,gender) values (572,'Finnerty','Dan','m');
insert into AppearsIn(actor,movie,role) values (572,44,'Discovery Store Manager');
insert into Actors(id,familyname,givenNames,gender) values (573,'Finnighan','Neil','m');
insert into AppearsIn(actor,movie,role) values (573,42,'Ramelle Paratrooper');
insert into Actors(id,familyname,givenNames,gender) values (574,'Firth','Peter','m');
insert into AppearsIn(actor,movie,role) values (574,26,'Capt. Fitzgerald');
insert into Actors(id,familyname,givenNames,gender) values (575,'Fischler','Patrick','m');
insert into AppearsIn(actor,movie,role) values (575,51,'Dan');
insert into Actors(id,familyname,givenNames,gender) values (576,'Fishburne','Laurence','m');
insert into AppearsIn(actor,movie,role) values (576,30,'Swain');
insert into Actors(id,familyname,givenNames,gender) values (577,'Fisher','Douglas','m');
insert into AppearsIn(actor,movie,role) values (577,61,'Maitre d''');
insert into Actors(id,familyname,givenNames,gender) values (578,'Fisher','Jasen','m');
insert into AppearsIn(actor,movie,role) values (578,33,'Ace');
insert into Actors(id,familyname,givenNames,gender) values (579,'Fishman','Michael','m');
insert into AppearsIn(actor,movie,role) values (579,27,'Teen in Van');
insert into Actors(id,familyname,givenNames,gender) values (580,'Fisk','Jack','m');
insert into AppearsIn(actor,movie,role) values (580,48,'Man in the Planet');
insert into Actors(id,familyname,givenNames,gender) values (581,'Fitzgerald','Aaron C.','m');
insert into AppearsIn(actor,movie,role) values (581,4,'Lookout Frederick Fleet');
insert into Actors(id,familyname,givenNames,gender) values (582,'Flaherty','Joe','m');
insert into AppearsIn(actor,movie,role) values (582,25,'Raoul Lipschitz');
insert into Actors(id,familyname,givenNames,gender) values (583,'Flanagan','Jesse','m');
insert into AppearsIn(actor,movie,role) values (583,56,'Little Larry Sellers');
insert into Actors(id,familyname,givenNames,gender) values (584,null,'Flea','m');
insert into AppearsIn(actor,movie,role) values (584,56,'Nihilist #2, Kieffer');
insert into Actors(id,familyname,givenNames,gender) values (585,'Flechtner','Peter','m');
insert into AppearsIn(actor,movie,role) values (585,43,'SS NCO, Ghetto');
insert into Actors(id,familyname,givenNames,gender) values (586,'Fleming','Eugene','m');
insert into AppearsIn(actor,movie,role) values (586,28,'Ticket Clerk');
insert into Actors(id,familyname,givenNames,gender) values (587,'Flemming','Hondo','m');
insert into AppearsIn(actor,movie,role) values (587,44,'African Tourist');
insert into Actors(id,familyname,givenNames,gender) values (588,'Flenoury','Roosevelt','m');
insert into AppearsIn(actor,movie,role) values (588,26,'Njaooni');
insert into Actors(id,familyname,givenNames,gender) values (589,'Flessas','Michael','m');
insert into AppearsIn(actor,movie,role) values (589,11,'Angry Man');
insert into Actors(id,familyname,givenNames,gender) values (590,'Fletcher','Dexter','m');
insert into AppearsIn(actor,movie,role) values (590,47,'Bytes'' Boy');
insert into Actors(id,familyname,givenNames,gender) values (591,'Fletcher','Edward','m');
insert into AppearsIn(actor,movie,role) values (591,7,'6th Officer Moody');
insert into Actors(id,familyname,givenNames,gender) values (592,'Flick','Scott','m');
insert into AppearsIn(actor,movie,role) values (592,63,'Cab Driver');
insert into Actors(id,familyname,givenNames,gender) values (593,'Flippen','Keith','m');
insert into AppearsIn(actor,movie,role) values (593,40,'Tour Guide');
insert into Actors(id,familyname,givenNames,gender) values (594,'Floyd','Bourke','m');
insert into AppearsIn(actor,movie,role) values (594,40,'Pre-Crime Officer');
insert into Actors(id,familyname,givenNames,gender) values (595,'Flygare','Claus','m');
insert into AppearsIn(actor,movie,role) values (595,14,'Father');
insert into Actors(id,familyname,givenNames,gender) values (596,'Flynn','Eric','m');
insert into AppearsIn(actor,movie,role) values (596,32,'British Prisoner');
insert into Actors(id,familyname,givenNames,gender) values (597,'Flynn','Jeremy','m');
insert into AppearsIn(actor,movie,role) values (597,43,'Brinnlitz Man');
insert into Actors(id,familyname,givenNames,gender) values (598,'Flynn','Neil','m');
insert into AppearsIn(actor,movie,role) values (598,34,'Smith');
insert into Actors(id,familyname,givenNames,gender) values (599,'Flynn','Quinton','m');
insert into AppearsIn(actor,movie,role) values (599,40,'Danny Witwer/Rufus Riley/Additional Voices');
insert into Actors(id,familyname,givenNames,gender) values (600,'Fofanah','Abu Bakaar','m');
insert into AppearsIn(actor,movie,role) values (600,26,'Fala');
insert into Actors(id,familyname,givenNames,gender) values (601,'Folk','Alexander','m');
insert into AppearsIn(actor,movie,role) values (601,50,'Prison Official #2');
insert into Actors(id,familyname,givenNames,gender) values (602,'Ford','Harrison','m');
insert into AppearsIn(actor,movie,role) values (602,34,'Indiana Jones');
insert into AppearsIn(actor,movie,role) values (602,35,'Indiana Jones');
insert into AppearsIn(actor,movie,role) values (602,36,'Indiana Jones');
insert into AppearsIn(actor,movie,role) values (602,41,'Indiana Jones');
insert into Actors(id,familyname,givenNames,gender) values (603,'Forestal','Terry','m');
insert into AppearsIn(actor,movie,role) values (603,7,'Chief Engineer Bell');
insert into Actors(id,familyname,givenNames,gender) values (604,'Forster','Robert','m');
insert into AppearsIn(actor,movie,role) values (604,51,'Detective Harry McKnight');
insert into Actors(id,familyname,givenNames,gender) values (605,'Forsyth','Edmond Alan','m');
insert into AppearsIn(actor,movie,role) values (605,7,'Dancer');
insert into Actors(id,familyname,givenNames,gender) values (606,'Forsythe','Warren','m');
insert into AppearsIn(actor,movie,role) values (606,65,'Minister');
insert into Actors(id,familyname,givenNames,gender) values (607,'Forsythe','William','m');
insert into AppearsIn(actor,movie,role) values (607,65,'Evelle Snoats');
insert into Actors(id,familyname,givenNames,gender) values (608,'Fortenberry','Millford','m');
insert into AppearsIn(actor,movie,role) values (608,64,'Pomade Vendor');
insert into Actors(id,familyname,givenNames,gender) values (609,'Foster','V.J.','m');
insert into AppearsIn(actor,movie,role) values (609,34,'Minister');
insert into Actors(id,familyname,givenNames,gender) values (610,'Fotso','Jimmy','m');
insert into AppearsIn(actor,movie,role) values (610,26,'Kwong');
insert into Actors(id,familyname,givenNames,gender) values (611,'Fowler Jr.','Will','m');
insert into AppearsIn(actor,movie,role) values (611,31,'Medic');
insert into Actors(id,familyname,givenNames,gender) values (612,'Fox','Bernard','m');
insert into AppearsIn(actor,movie,role) values (612,7,'Col. Archibald Gracie');
insert into Actors(id,familyname,givenNames,gender) values (613,'Fox','Richard','m');
insert into AppearsIn(actor,movie,role) values (613,7,'Steward #1');
insert into Actors(id,familyname,givenNames,gender) values (614,'Francis','Christopher','m');
insert into AppearsIn(actor,movie,role) values (614,64,'KKK Member');
insert into Actors(id,familyname,givenNames,gender) values (615,'Francis','Marlon','m');
insert into AppearsIn(actor,movie,role) values (615,26,'Amistad African Extra');
insert into Actors(id,familyname,givenNames,gender) values (616,'Francis','Romeo','m');
insert into AppearsIn(actor,movie,role) values (616,7,'Syrian Man');
insert into Actors(id,familyname,givenNames,gender) values (617,'Francis','Ryan','m');
insert into AppearsIn(actor,movie,role) values (617,33,'Young Peter Pan');
insert into Actors(id,familyname,givenNames,gender) values (618,'Franco','Chuy','m');
insert into AppearsIn(actor,movie,role) values (618,29,'Federale');
insert into Actors(id,familyname,givenNames,gender) values (619,'Frank','Scott','m');
insert into AppearsIn(actor,movie,role) values (619,40,'Conceited Customer');
insert into Actors(id,familyname,givenNames,gender) values (620,'Fraser','Brent David','m');
insert into AppearsIn(actor,movie,role) values (620,54,'Idiot Punk');
insert into Actors(id,familyname,givenNames,gender) values (621,'Fraser','Duncan K.','m');
insert into AppearsIn(actor,movie,role) values (621,49,'Studio Security Guard #2');
insert into Actors(id,familyname,givenNames,gender) values (622,'Frazer','Rupert','m');
insert into AppearsIn(actor,movie,role) values (622,32,'John Graham, Jim''s father');
insert into Actors(id,familyname,givenNames,gender) values (623,'Frederick','Christopher','m');
insert into AppearsIn(actor,movie,role) values (623,41,'Otto');
insert into Actors(id,familyname,givenNames,gender) values (624,'Frederickson','Gray','m');
insert into AppearsIn(actor,movie,role) values (624,25,'Lt. Bressler');
insert into Actors(id,familyname,givenNames,gender) values (625,'Fredriksson','Mattias','m');
insert into AppearsIn(actor,movie,role) values (625,12,'Additional Cast');
insert into Actors(id,familyname,givenNames,gender) values (626,'Freeman','Issac','m');
insert into AppearsIn(actor,movie,role) values (626,64,'Gravedigger');
insert into Actors(id,familyname,givenNames,gender) values (627,'Freeman','J.E.','m');
insert into AppearsIn(actor,movie,role) values (627,54,'Marcelles Santos');
insert into Actors(id,familyname,givenNames,gender) values (628,'Freeman','Morgan','m');
insert into AppearsIn(actor,movie,role) values (628,26,'Theodore Joadson');
insert into Actors(id,familyname,givenNames,gender) values (629,'Freeman','Paul','m');
insert into AppearsIn(actor,movie,role) values (629,41,'Dr. Rene Belloq');
insert into Actors(id,familyname,givenNames,gender) values (630,'Freeman','Rob','m');
insert into AppearsIn(actor,movie,role) values (630,42,'Ryan''s Son');
insert into Actors(id,familyname,givenNames,gender) values (631,'Friedman','Norman','m');
insert into AppearsIn(actor,movie,role) values (631,6,'Cleaning Man at Flophouse');
insert into Actors(id,familyname,givenNames,gender) values (632,'Friel','Paschal','m');
insert into AppearsIn(actor,movie,role) values (632,42,'Soldier on the Beach');
insert into Actors(id,familyname,givenNames,gender) values (633,'Frishman','Brian','m');
insert into AppearsIn(actor,movie,role) values (633,25,'USO Goon');
insert into Actors(id,familyname,givenNames,gender) values (634,'Fritz','Ken','m');
insert into AppearsIn(actor,movie,role) values (634,6,'Policeman');
insert into Actors(id,familyname,givenNames,gender) values (635,'Frost','Warren','m');
insert into AppearsIn(actor,movie,role) values (635,53,'Doc Hayward');
insert into Actors(id,familyname,givenNames,gender) values (636,'Frutos','David','m');
insert into AppearsIn(actor,movie,role) values (636,51,'Dancer');
insert into Actors(id,familyname,givenNames,gender) values (637,'Frye','Sean','m');
insert into AppearsIn(actor,movie,role) values (637,31,'Steve');
insert into Actors(id,familyname,givenNames,gender) values (638,'Fujimoto','Michael N.','m');
insert into AppearsIn(actor,movie,role) values (638,39,'Asian Tourist');
insert into Actors(id,familyname,givenNames,gender) values (639,'Fujimoto','Paul','m');
insert into AppearsIn(actor,movie,role) values (639,39,'Asian Tourist');
insert into Actors(id,familyname,givenNames,gender) values (640,'Fuller','Samuel','m');
insert into AppearsIn(actor,movie,role) values (640,25,'Interceptor Commander');
insert into Actors(id,familyname,givenNames,gender) values (641,'Fuller','Stephon','m');
insert into AppearsIn(actor,movie,role) values (641,44,'Swatch Manager');
insert into Actors(id,familyname,givenNames,gender) values (642,'Furlong','Edward','m');
insert into AppearsIn(actor,movie,role) values (642,5,'John Connor');
insert into Actors(id,familyname,givenNames,gender) values (643,'Furi','Thomas','m');
insert into AppearsIn(actor,movie,role) values (643,7,'Orchestra Member');
insert into Actors(id,familyname,givenNames,gender) values (644,'Gaines','Roy','m');
insert into AppearsIn(actor,movie,role) values (644,30,'Jook Joint Musician');
insert into Actors(id,familyname,givenNames,gender) values (645,'Gal','Uzi','m');
insert into AppearsIn(actor,movie,role) values (645,8,'Lead Terrorist');
insert into Actors(id,familyname,givenNames,gender) values (646,'Gale','Ed','m');
insert into AppearsIn(actor,movie,role) values (646,64,'The Little Man');
insert into Actors(id,familyname,givenNames,gender) values (647,'Gale','Peter','m');
insert into AppearsIn(actor,movie,role) values (647,32,'Mr. Victor');
insert into Actors(id,familyname,givenNames,gender) values (648,'Gallagher','Peter','m');
insert into AppearsIn(actor,movie,role) values (648,60,'Vic Tenetta');
insert into Actors(id,familyname,givenNames,gender) values (649,'Galle','Andreas','m');
insert into AppearsIn(actor,movie,role) values (649,12,'Additional Cast');
insert into Actors(id,familyname,givenNames,gender) values (650,'Gallini','Matt','m');
insert into AppearsIn(actor,movie,role) values (650,51,'Castigliane Limo Driver');
insert into Actors(id,familyname,givenNames,gender) values (651,'Gallop','Tom','m');
insert into AppearsIn(actor,movie,role) values (651,27,'Supernerd');
insert into Actors(id,familyname,givenNames,gender) values (652,'Ganis','Sidney','m');
insert into AppearsIn(actor,movie,role) values (652,36,'Missionary');
insert into Actors(id,familyname,givenNames,gender) values (653,'Gannon','Russell','m');
insert into AppearsIn(actor,movie,role) values (653,33,'Blacksmith');
insert into Actors(id,familyname,givenNames,gender) values (654,'Gant','Richard','m');
insert into AppearsIn(actor,movie,role) values (654,56,'Older Cop');
insert into Actors(id,familyname,givenNames,gender) values (655,'Garagiola','Joe','m');
insert into AppearsIn(actor,movie,role) values (655,28,'Himself');
insert into Actors(id,familyname,givenNames,gender) values (656,'Garber','Marc','m');
insert into AppearsIn(actor,movie,role) values (656,60,'Newsreel Reporter');
insert into Actors(id,familyname,givenNames,gender) values (657,'Garber','Victor','m');
insert into AppearsIn(actor,movie,role) values (657,7,'Thomas Andrews');
insert into Actors(id,familyname,givenNames,gender) values (658,'Garcia','Paul','m');
insert into AppearsIn(actor,movie,role) values (658,42,'Field HQ Major');
insert into Actors(id,familyname,givenNames,gender) values (659,'Garner','Jerald','m');
insert into AppearsIn(actor,movie,role) values (659,44,'Food Court Patron');
insert into Actors(id,familyname,givenNames,gender) values (660,'Garrett','Al','m');
insert into AppearsIn(actor,movie,role) values (660,50,'Carl');
insert into Actors(id,familyname,givenNames,gender) values (661,'Garrett','James','m');
insert into AppearsIn(actor,movie,role) values (661,7,'Titanic Porter');
insert into Actors(id,familyname,givenNames,gender) values (662,'Gasaway','Quinn','m');
insert into AppearsIn(actor,movie,role) values (662,64,'Boy Hogwallop');
insert into Actors(id,familyname,givenNames,gender) values (663,'Gasca','Kevin','m');
insert into AppearsIn(actor,movie,role) values (663,33,'Lost Boy in Play');
insert into Actors(id,familyname,givenNames,gender) values (664,'Gaudreault','Mathieu','m');
insert into AppearsIn(actor,movie,role) values (664,28,'French Police');
insert into Actors(id,familyname,givenNames,gender) values (665,'Gaughan','Lawrence','m');
insert into AppearsIn(actor,movie,role) values (665,26,'Spaniard');
insert into Actors(id,familyname,givenNames,gender) values (666,'Gaulke','James','m');
insert into AppearsIn(actor,movie,role) values (666,59,'State Trooper');
insert into Actors(id,familyname,givenNames,gender) values (667,'Gazzara','Ben','m');
insert into AppearsIn(actor,movie,role) values (667,56,'Jackie Treehorn');
insert into AppearsIn(actor,movie,role) values (667,12,'Jack McKay');
insert into Actors(id,familyname,givenNames,gender) values (668,'Gelani','Zia','m');
insert into AppearsIn(actor,movie,role) values (668,36,'2nd Boy in Cell');
insert into Actors(id,familyname,givenNames,gender) values (669,'Gelting','Michael','m');
insert into AppearsIn(actor,movie,role) values (669,13,'Epidemic (1987)  &lt;3&gt;');
insert into Actors(id,familyname,givenNames,gender) values (670,'George','Nelson','m');
insert into AppearsIn(actor,movie,role) values (670,60,'Newsreel Reporter');
insert into Actors(id,familyname,givenNames,gender) values (671,'Georghe','Bogdan','m');
insert into AppearsIn(actor,movie,role) values (671,33,'Lost Boy');
insert into Actors(id,familyname,givenNames,gender) values (672,'Geraghty','Declan','m');
insert into AppearsIn(actor,movie,role) values (672,42,'Soldier');
insert into Actors(id,familyname,givenNames,gender) values (673,'Gerald','Matt','m');
insert into AppearsIn(actor,movie,role) values (673,3,'Lyle Wainfleet');
insert into Actors(id,familyname,givenNames,gender) values (674,'Gerdes','George','m');
insert into AppearsIn(actor,movie,role) values (674,26,'Marshal');
insert into Actors(id,familyname,givenNames,gender) values (675,'Getty','Balthazar','m');
insert into AppearsIn(actor,movie,role) values (675,50,'Pete Dayton');
insert into Actors(id,familyname,givenNames,gender) values (676,'Getz','John','m');
insert into AppearsIn(actor,movie,role) values (676,57,'Ray');
insert into Actors(id,familyname,givenNames,gender) values (677,'Gi','Ju-bong','m');
insert into AppearsIn(actor,movie,role) values (677,16,'Boksuneun naui geot (2002)');
insert into AppearsIn(actor,movie,role) values (677,18,'Gongdong gyeongbi guyeok JSA (2000)');
insert into AppearsIn(actor,movie,role) values (677,23,'Simpan (1999)');
insert into Actors(id,familyname,givenNames,gender) values (678,'Giamatti','Paul','m');
insert into AppearsIn(actor,movie,role) values (678,42,'Sgt. Hill');
insert into Actors(id,familyname,givenNames,gender) values (679,'Gibbel','Ken','m');
insert into AppearsIn(actor,movie,role) values (679,5,'Douglas');
insert into Actors(id,familyname,givenNames,gender) values (680,'Gibbs','David Gene','m');
insert into AppearsIn(actor,movie,role) values (680,39,'Police Helicopter Pilot');
insert into Actors(id,familyname,givenNames,gender) values (681,'Gibson','Moses','m');
insert into AppearsIn(actor,movie,role) values (681,45,'Double Ed');
insert into Actors(id,familyname,givenNames,gender) values (682,'Gielgud','John','m');
insert into AppearsIn(actor,movie,role) values (682,47,'Carr Gomm');
insert into Actors(id,familyname,givenNames,gender) values (683,'Giger','Werner','m');
insert into AppearsIn(actor,movie,role) values (683,7,'Orchestra Member');
insert into Actors(id,familyname,givenNames,gender) values (684,'Gilbert','Claude','m');
insert into AppearsIn(actor,movie,role) values (684,27,'Cybertronics - Room 93056');
insert into Actors(id,familyname,givenNames,gender) values (685,'Gilder','Colin','m');
insert into AppearsIn(actor,movie,role) values (685,13,'Epidemic (1987)  &lt;4&gt;');
insert into Actors(id,familyname,givenNames,gender) values (686,'Gillard','Nick','m');
insert into AppearsIn(actor,movie,role) values (686,35,'Tank Crewman Hit by Periscope');
insert into AppearsIn(actor,movie,role) values (686,41,'German soldier');
insert into Actors(id,familyname,givenNames,gender) values (687,'Gilleran','Charley','m');
insert into AppearsIn(actor,movie,role) values (687,44,'CBP Officer');
insert into Actors(id,familyname,givenNames,gender) values (688,'Gilmore','Jimmie Dale','m');
insert into AppearsIn(actor,movie,role) values (688,56,'Smokey');
insert into Actors(id,familyname,givenNames,gender) values (689,'Gizbert','Thomas','m');
insert into AppearsIn(actor,movie,role) values (689,42,'Ryan''s Grandson');
insert into Actors(id,familyname,givenNames,gender) values (690,'Gleeson','Brendan','m');
insert into AppearsIn(actor,movie,role) values (690,27,'Lord Johnson-Johnson');
insert into Actors(id,familyname,givenNames,gender) values (691,'Glinka','Marian','m');
insert into AppearsIn(actor,movie,role) values (691,43,'DEF SS Officer');
insert into Actors(id,familyname,givenNames,gender) values (692,'Glover','Crispin','m');
insert into AppearsIn(actor,movie,role) values (692,54,'Cousin Dell');
insert into Actors(id,familyname,givenNames,gender) values (693,'Glover','Danny','m');
insert into AppearsIn(actor,movie,role) values (693,30,'Albert');
insert into Actors(id,familyname,givenNames,gender) values (694,'Glover','Julian','m');
insert into AppearsIn(actor,movie,role) values (694,35,'Walter Donovan');
insert into Actors(id,familyname,givenNames,gender) values (695,'Goaz','Harry','m');
insert into AppearsIn(actor,movie,role) values (695,53,'Deputy Andy Brennan');
insert into Actors(id,familyname,givenNames,gender) values (696,'Goldberg','Adam','m');
insert into AppearsIn(actor,movie,role) values (696,42,'Pvt. Stanley Mellish');
insert into Actors(id,familyname,givenNames,gender) values (697,'Goldblum','Jeff','m');
insert into AppearsIn(actor,movie,role) values (697,38,'Dr. Ian Malcolm');
insert into AppearsIn(actor,movie,role) values (697,39,'Dr. Ian Malcolm');
insert into Actors(id,familyname,givenNames,gender) values (698,'Goldfarb','Andrew','m');
insert into AppearsIn(actor,movie,role) values (698,34,'Student');
insert into Actors(id,familyname,givenNames,gender) values (699,'Goldwag','Elliot','m');
insert into AppearsIn(actor,movie,role) values (699,39,'Senior Board Member');
insert into Actors(id,familyname,givenNames,gender) values (700,'Golson','Benny','m');
insert into AppearsIn(actor,movie,role) values (700,44,'Himself');
insert into Actors(id,familyname,givenNames,gender) values (701,'Gomez','David A.','m');
insert into AppearsIn(actor,movie,role) values (701,63,'Norteno Band');
insert into Actors(id,familyname,givenNames,gender) values (702,'Gomez','Mike','m');
insert into AppearsIn(actor,movie,role) values (702,56,'Auto Circus Cop');
insert into Actors(id,familyname,givenNames,gender) values (703,'Gonzalez Jr.','Rene','m');
insert into AppearsIn(actor,movie,role) values (703,33,'Additional Lost Boy');
insert into Actors(id,familyname,givenNames,gender) values (704,'Goodman','Brian','m');
insert into AppearsIn(actor,movie,role) values (704,28,'Motel Owner');
insert into Actors(id,familyname,givenNames,gender) values (705,'Goodman','John','m');
insert into AppearsIn(actor,movie,role) values (705,55,'Charlie Meadows');
insert into AppearsIn(actor,movie,role) values (705,56,'Walter Sobchak');
insert into AppearsIn(actor,movie,role) values (705,60,'Newsreel Announcer');
insert into AppearsIn(actor,movie,role) values (705,64,'Big Dan Teague');
insert into AppearsIn(actor,movie,role) values (705,65,'Gale Snoats');
insert into Actors(id,familyname,givenNames,gender) values (706,'Gordon','Anthony','m');
insert into AppearsIn(actor,movie,role) values (706,55,'Maitre D''');
insert into Actors(id,familyname,givenNames,gender) values (707,'Gordon','Jay','m');
insert into AppearsIn(actor,movie,role) values (707,40,'Barry Hatch/Additional Voices');
insert into Actors(id,familyname,givenNames,gender) values (708,'Gordon','Martin','m');
insert into AppearsIn(actor,movie,role) values (708,35,'Man at Hitler Rally');
insert into Actors(id,familyname,givenNames,gender) values (709,'Gordon','Michael','m');
insert into AppearsIn(actor,movie,role) values (709,43,'Mr. Nussbaum');
insert into Actors(id,familyname,givenNames,gender) values (710,'Gordon','Philip','m');
insert into AppearsIn(actor,movie,role) values (710,6,'Mexican Boy (long shots)');
insert into Actors(id,familyname,givenNames,gender) values (711,'Goritsas','Demetri','m');
insert into AppearsIn(actor,movie,role) values (711,42,'Parker');
insert into Actors(id,familyname,givenNames,gender) values (712,'Gorman','Brad','m');
insert into AppearsIn(actor,movie,role) values (712,25,'USO Nerd');
insert into Actors(id,familyname,givenNames,gender) values (713,'Gorman','Pat','m');
insert into AppearsIn(actor,movie,role) values (713,47,'Fairground Bobby');
insert into Actors(id,familyname,givenNames,gender) values (714,'Gorrara','Romo','m');
insert into AppearsIn(actor,movie,role) values (714,41,'German Soldier');
insert into Actors(id,familyname,givenNames,gender) values (715,'Gottlieb','Carl','m');
insert into AppearsIn(actor,movie,role) values (715,37,'Ben Meadows');
insert into Actors(id,familyname,givenNames,gender) values (716,'Goulart','Paul','m');
insert into AppearsIn(actor,movie,role) values (716,37,'Clarinet Player in Music Store');
insert into Actors(id,familyname,givenNames,gender) values (717,'Gould','David','m');
insert into AppearsIn(actor,movie,role) values (717,60,'Newsreel Reporter');
insert into Actors(id,familyname,givenNames,gender) values (718,'Gould','Geoffrey','m');
insert into AppearsIn(actor,movie,role) values (718,64,'Head of Mob');
insert into Actors(id,familyname,givenNames,gender) values (719,'Grace','Wayne','m');
insert into AppearsIn(actor,movie,role) values (719,51,'Bob Brooker');
insert into Actors(id,familyname,givenNames,gender) values (720,'Graff','Todd','m');
insert into AppearsIn(actor,movie,role) values (720,1,'Alan ''Hippy'' Carnes');
insert into Actors(id,familyname,givenNames,gender) values (721,'Graham','Marcus','m');
insert into AppearsIn(actor,movie,role) values (721,51,'Vincent Darby');
insert into Actors(id,familyname,givenNames,gender) values (722,'Graham','Richard','m');
insert into AppearsIn(actor,movie,role) values (722,7,'Quartermaster Rowe');
insert into Actors(id,familyname,givenNames,gender) values (723,'Graham','T. Max','m');
insert into AppearsIn(actor,movie,role) values (723,48,'The Boss');
insert into Actors(id,familyname,givenNames,gender) values (724,'Grant','Barry','m');
insert into AppearsIn(actor,movie,role) values (724,12,'Additional Cast');
insert into Actors(id,familyname,givenNames,gender) values (725,'Gray','Robert','m');
insert into AppearsIn(actor,movie,role) values (725,65,'Glen and Dot''s Kid');
insert into Actors(id,familyname,givenNames,gender) values (726,'Green','Dick','m');
insert into AppearsIn(actor,movie,role) values (726,45,'Don Vallens');
insert into Actors(id,familyname,givenNames,gender) values (727,'Green','Richard','m');
insert into AppearsIn(actor,movie,role) values (727,51,'Bondar');
insert into Actors(id,familyname,givenNames,gender) values (728,'Greene','James','m');
insert into AppearsIn(actor,movie,role) values (728,32,'British Prisoner');
insert into Actors(id,familyname,givenNames,gender) values (729,'Greener','Chris','m');
insert into AppearsIn(actor,movie,role) values (729,47,'Giant');
insert into Actors(id,familyname,givenNames,gender) values (730,'Greenly','Theo','m');
insert into AppearsIn(actor,movie,role) values (730,27,'Todd');
insert into Actors(id,familyname,givenNames,gender) values (731,'Greer','Mathew','m');
insert into AppearsIn(actor,movie,role) values (731,63,'Hitchhiking Driver');
insert into Actors(id,familyname,givenNames,gender) values (732,'Gregg','Bradley','m');
insert into AppearsIn(actor,movie,role) values (732,35,'Roscoe');
insert into Actors(id,familyname,givenNames,gender) values (733,'Gregg','Clark','m');
insert into AppearsIn(actor,movie,role) values (733,27,'Supernerd');
insert into Actors(id,familyname,givenNames,gender) values (734,'Grenier','Adrian','m');
insert into AppearsIn(actor,movie,role) values (734,27,'Teen in Van');
insert into Actors(id,familyname,givenNames,gender) values (735,'Gretsch','Joel','m');
insert into AppearsIn(actor,movie,role) values (735,40,'Donald Dubin');
insert into Actors(id,familyname,givenNames,gender) values (736,'Grey','Joel','m');
insert into AppearsIn(actor,movie,role) values (736,11,'Oldrich Novy');
insert into Actors(id,familyname,givenNames,gender) values (737,'Grifasi','Joe','m');
insert into AppearsIn(actor,movie,role) values (737,60,'Lou');
insert into Actors(id,familyname,givenNames,gender) values (738,'Griffin','Steve','m');
insert into AppearsIn(actor,movie,role) values (738,42,'Wilson');
insert into Actors(id,familyname,givenNames,gender) values (739,'Grillo','Frank','m');
insert into AppearsIn(actor,movie,role) values (739,40,'Pre-Crime Cop');
insert into Actors(id,familyname,givenNames,gender) values (740,'Grimes','Dean','m');
insert into AppearsIn(actor,movie,role) values (740,34,'Letterman #2');
insert into Actors(id,familyname,givenNames,gender) values (741,'Grodenchik','Max','m');
insert into AppearsIn(actor,movie,role) values (741,55,'Clapper Boy');
insert into Actors(id,familyname,givenNames,gender) values (742,'Groener','Harry','m');
insert into AppearsIn(actor,movie,role) values (742,26,'Tecora Captain');
insert into Actors(id,familyname,givenNames,gender) values (743,'Gross','Arye','m');
insert into AppearsIn(actor,movie,role) values (743,40,'Howard Marks');
insert into Actors(id,familyname,givenNames,gender) values (744,'Grossman','Adam','m');
insert into AppearsIn(actor,movie,role) values (744,27,'Flesh Fair Band Member');
insert into Actors(id,familyname,givenNames,gender) values (745,'Grossman','Ted','m');
insert into AppearsIn(actor,movie,role) values (745,31,'Government Agent');
insert into AppearsIn(actor,movie,role) values (745,34,'Peruvian Porter');
insert into AppearsIn(actor,movie,role) values (745,35,'Deputy Sheriff');
insert into AppearsIn(actor,movie,role) values (745,37,'Estuary Victim');
insert into AppearsIn(actor,movie,role) values (745,41,'Peruvian Porter');
insert into Actors(id,familyname,givenNames,gender) values (746,'Grothgar','Stephan','m');
insert into AppearsIn(actor,movie,role) values (746,42,'German #3/Voice on Bullhorn');
insert into Actors(id,familyname,givenNames,gender) values (747,'Gruffudd','Ioan','m');
insert into AppearsIn(actor,movie,role) values (747,7,'5th Officer Harold Lowe');
insert into Actors(id,familyname,givenNames,gender) values (748,'Grunberg','Greg','m');
insert into AppearsIn(actor,movie,role) values (748,62,'TV Commercial Director');
insert into Actors(id,familyname,givenNames,gender) values (749,'Grutter','Jason','m');
insert into AppearsIn(actor,movie,role) values (749,28,'Pool Party Guy');
insert into Actors(id,familyname,givenNames,gender) values (750,'Guardino','Larry','m');
insert into AppearsIn(actor,movie,role) values (750,39,'Senior Board Member');
insert into Actors(id,familyname,givenNames,gender) values (751,'Guerra','Castulo','m');
insert into AppearsIn(actor,movie,role) values (751,26,'Spanish Priest');
insert into AppearsIn(actor,movie,role) values (751,5,'Enrique Salceda');
insert into Actors(id,familyname,givenNames,gender) values (752,'Guffey','Cary','m');
insert into AppearsIn(actor,movie,role) values (752,29,'Barry Guiler');
insert into Actors(id,familyname,givenNames,gender) values (753,'Guilfoyle','Paul','m');
insert into AppearsIn(actor,movie,role) values (753,26,'Attorney');
insert into Actors(id,familyname,givenNames,gender) values (754,'Guillory','Bennet','m');
insert into AppearsIn(actor,movie,role) values (754,30,'Grady');
insert into Actors(id,familyname,givenNames,gender) values (755,'Gulbranson','Matt','m');
insert into AppearsIn(actor,movie,role) values (755,58,'Midwestern Tourist');
insert into Actors(id,familyname,givenNames,gender) values (756,'Gunnarson','Piper','m');
insert into AppearsIn(actor,movie,role) values (756,4,'Madeleine Astor');
insert into Actors(id,familyname,givenNames,gender) values (757,'Genereux','Vincent','m');
insert into AppearsIn(actor,movie,role) values (757,28,'Choir');
insert into Actors(id,familyname,givenNames,gender) values (758,'Hack','Steven','m');
insert into AppearsIn(actor,movie,role) values (758,40,'PSA #10');
insert into Actors(id,familyname,givenNames,gender) values (759,'Hadary','Jonathan','m');
insert into AppearsIn(actor,movie,role) values (759,61,'Heinz, the Baron Krauss von Espy');
insert into Actors(id,familyname,givenNames,gender) values (760,'Hagan','Shane','m');
insert into AppearsIn(actor,movie,role) values (760,42,'Soldier on the Beach');
insert into Actors(id,familyname,givenNames,gender) values (761,'Hagar','David','m');
insert into AppearsIn(actor,movie,role) values (761,60,'Newsroom Reporter');
insert into Actors(id,familyname,givenNames,gender) values (762,'Hager','Dave','m');
insert into AppearsIn(actor,movie,role) values (762,28,'Judge');
insert into Actors(id,familyname,givenNames,gender) values (763,'Hago','Laszlo','m');
insert into AppearsIn(actor,movie,role) values (763,12,'Additional Cast');
insert into Actors(id,familyname,givenNames,gender) values (764,'Haig','Terry','m');
insert into AppearsIn(actor,movie,role) values (764,44,'CBP Inspector');
insert into Actors(id,familyname,givenNames,gender) values (765,'Haleva','Jerry','m');
insert into AppearsIn(actor,movie,role) values (765,56,'Saddam Hussein');
insert into Actors(id,familyname,givenNames,gender) values (766,'Hall','Ellis','m');
insert into AppearsIn(actor,movie,role) values (766,28,'Piano Player/Singer');
insert into Actors(id,familyname,givenNames,gender) values (767,'Hall','Justin Rodgers','m');
insert into AppearsIn(actor,movie,role) values (767,44,'Haitian Passenger');
insert into Actors(id,familyname,givenNames,gender) values (768,'Hall','Philip Baker','m');
insert into AppearsIn(actor,movie,role) values (768,12,'Tom Edison Sr.');
insert into Actors(id,familyname,givenNames,gender) values (769,'Hamann','Svend Ali','m');
insert into AppearsIn(actor,movie,role) values (769,13,'Himself');
insert into Actors(id,familyname,givenNames,gender) values (770,'Hamilton','Murray','m');
insert into AppearsIn(actor,movie,role) values (770,25,'Claude Crumn');
insert into AppearsIn(actor,movie,role) values (770,37,'Mayor Larry Vaughn');
insert into Actors(id,familyname,givenNames,gender) values (771,'Hamlett','Robert','m');
insert into AppearsIn(actor,movie,role) values (771,64,'Gravedigger');
insert into Actors(id,familyname,givenNames,gender) values (772,'Hammond','Raushan','m');
insert into AppearsIn(actor,movie,role) values (772,33,'Thud Butt');
insert into Actors(id,familyname,givenNames,gender) values (773,'Hanks','Chet','m');
insert into AppearsIn(actor,movie,role) values (773,34,'Student in Library');
insert into Actors(id,familyname,givenNames,gender) values (774,'Hanks','Tom','m');
insert into AppearsIn(actor,movie,role) values (774,28,'Carl Hanratty');
insert into AppearsIn(actor,movie,role) values (774,62,'Professor G.H. Dorr');
insert into AppearsIn(actor,movie,role) values (774,42,'Capt. John H. Miller');
insert into AppearsIn(actor,movie,role) values (774,44,'Viktor Navorski');
insert into Actors(id,familyname,givenNames,gender) values (775,'Hansen','Claes Kastholm','m');
insert into AppearsIn(actor,movie,role) values (775,13,'Himself');
insert into Actors(id,familyname,givenNames,gender) values (776,'Hansen','Ib','m');
insert into AppearsIn(actor,movie,role) values (776,13,'Epidemic (1987)  &lt;7&gt;');
insert into Actors(id,familyname,givenNames,gender) values (777,'Hanson','Luke','m');
insert into AppearsIn(actor,movie,role) values (777,35,'Principal SS Officer at Castle');
insert into Actors(id,familyname,givenNames,gender) values (778,'Hanson','Steve','m');
insert into AppearsIn(actor,movie,role) values (778,41,'German Agent');
insert into Actors(id,familyname,givenNames,gender) values (779,'Hardester','Crofton','m');
insert into AppearsIn(actor,movie,role) values (779,42,'Senior Medical Officer');
insert into Actors(id,familyname,givenNames,gender) values (780,'Hardin','Jerry','m');
insert into AppearsIn(actor,movie,role) values (780,25,'Map Man');
insert into Actors(id,familyname,givenNames,gender) values (781,'Hardy','J.J.','m');
insert into AppearsIn(actor,movie,role) values (781,35,'Herman');
insert into Actors(id,familyname,givenNames,gender) values (782,'Harley','Jim','m');
insert into AppearsIn(actor,movie,role) values (782,39,'Harbor Master');
insert into Actors(id,familyname,givenNames,gender) values (783,'Harman','Brett','m');
insert into AppearsIn(actor,movie,role) values (783,39,'Tourist #5');
insert into Actors(id,familyname,givenNames,gender) values (784,'Harmon','John','m');
insert into AppearsIn(actor,movie,role) values (784,27,'Medic Mecha');
insert into Actors(id,familyname,givenNames,gender) values (785,'Harrelson','Woody','m');
insert into AppearsIn(actor,movie,role) values (785,63,'Carson Wells');
insert into Actors(id,familyname,givenNames,gender) values (786,'Harris Jr.','Glenn Walker','m');
insert into AppearsIn(actor,movie,role) values (786,54,'Pace Fortune');
insert into Actors(id,familyname,givenNames,gender) values (787,'Harris','Ed','m');
insert into AppearsIn(actor,movie,role) values (787,1,'Virgil ''Bud'' Brigman');
insert into Actors(id,familyname,givenNames,gender) values (788,'Harris','George','m');
insert into AppearsIn(actor,movie,role) values (788,41,'Katanga');
insert into Actors(id,familyname,givenNames,gender) values (789,'Harris','Steve','m');
insert into AppearsIn(actor,movie,role) values (789,40,'Jad');
insert into Actors(id,familyname,givenNames,gender) values (790,'Harrison','Simon','m');
insert into AppearsIn(actor,movie,role) values (790,32,'British Prisoner');
insert into Actors(id,familyname,givenNames,gender) values (791,'Hart','John R.','m');
insert into AppearsIn(actor,movie,role) values (791,30,'Mailman');
insert into Actors(id,familyname,givenNames,gender) values (792,'Harte','Jerry','m');
insert into AppearsIn(actor,movie,role) values (792,35,'Professor Stanton');
insert into Actors(id,familyname,givenNames,gender) values (793,'Harvey','Jack','m');
insert into AppearsIn(actor,movie,role) values (793,45,'Mr. Tom Beaumont');
insert into Actors(id,familyname,givenNames,gender) values (794,'Harwell','Bobby','m');
insert into AppearsIn(actor,movie,role) values (794,27,'TV Face');
insert into Actors(id,familyname,givenNames,gender) values (795,'Hasler','Lorenz','m');
insert into AppearsIn(actor,movie,role) values (795,7,'Orchestra Member');
insert into Actors(id,familyname,givenNames,gender) values (796,'Hassan','Mohammed','m');
insert into AppearsIn(actor,movie,role) values (796,44,'Middle Eastern Airport Passenger');
insert into Actors(id,familyname,givenNames,gender) values (797,'Hasson','Morgan','m');
insert into AppearsIn(actor,movie,role) values (797,40,'Paperboy');
insert into Actors(id,familyname,givenNames,gender) values (798,'Haugstrup','Peter','m');
insert into AppearsIn(actor,movie,role) values (798,14,'Piccolo');
insert into Actors(id,familyname,givenNames,gender) values (799,'Havers','Nigel','m');
insert into AppearsIn(actor,movie,role) values (799,32,'Dr. Rawlins');
insert into Actors(id,familyname,givenNames,gender) values (800,'Hawkins','Richard L.','m');
insert into AppearsIn(actor,movie,role) values (800,29,'Air Traffic Controller');
insert into Actors(id,familyname,givenNames,gender) values (801,'Hawthorne','Nigel','m');
insert into AppearsIn(actor,movie,role) values (801,26,'Martin Van Buren');
insert into Actors(id,familyname,givenNames,gender) values (802,'Haydn','Mike','m');
insert into AppearsIn(actor,movie,role) values (802,37,'Bonfire Guitarist');
insert into Actors(id,familyname,givenNames,gender) values (803,'Head','Steve','m');
insert into AppearsIn(actor,movie,role) values (803,60,'Security Guard');
insert into Actors(id,familyname,givenNames,gender) values (804,'Hector','Johnnie','m');
insert into AppearsIn(actor,movie,role) values (804,63,'Cabbie at Bus Station');
insert into Actors(id,familyname,givenNames,gender) values (805,'Hedaya','Dan','m');
insert into AppearsIn(actor,movie,role) values (805,57,'Julian Marty');
insert into AppearsIn(actor,movie,role) values (805,51,'Vincenzo Castigliane');
insert into Actors(id,familyname,givenNames,gender) values (806,'Heiman','Jesse','m');
insert into AppearsIn(actor,movie,role) values (806,28,'Catch Me If You Can (2002)  (uncredited)');
insert into Actors(id,familyname,givenNames,gender) values (807,'Held','Gerald Alexander','m');
insert into AppearsIn(actor,movie,role) values (807,43,'SS Bureaucrat');
insert into Actors(id,familyname,givenNames,gender) values (808,'Hellendall','Jean-Paul','m');
insert into AppearsIn(actor,movie,role) values (808,31,'Student');
insert into Actors(id,familyname,givenNames,gender) values (809,'Hencz','Jan','m');
insert into AppearsIn(actor,movie,role) values (809,49,'Janek');
insert into Actors(id,familyname,givenNames,gender) values (810,'Henderson','James','m');
insert into AppearsIn(actor,movie,role) values (810,40,'Office Worker');
insert into Actors(id,familyname,givenNames,gender) values (811,'Henley','Barry Shabaka','m');
insert into AppearsIn(actor,movie,role) values (811,44,'Thurman');
insert into Actors(id,familyname,givenNames,gender) values (812,'Henriksen','Lance','m');
insert into AppearsIn(actor,movie,role) values (812,2,'Bishop');
insert into AppearsIn(actor,movie,role) values (812,29,'Robert');
insert into AppearsIn(actor,movie,role) values (812,6,'Detective Hal Vukovich');
insert into Actors(id,familyname,givenNames,gender) values (813,'Henriksson','Niklas','m');
insert into AppearsIn(actor,movie,role) values (813,12,'Additional Cast');
insert into Actors(id,familyname,givenNames,gender) values (814,'Herbert','Paul','m');
insert into AppearsIn(actor,movie,role) values (814,7,'Hold Steward #2');
insert into Actors(id,familyname,givenNames,gender) values (815,'Hermann','Randy','m');
insert into AppearsIn(actor,movie,role) values (815,29,'Frank Taylor (Returnee #1 Flt. 19)');
insert into Actors(id,familyname,givenNames,gender) values (816,'Hernandez','Gustavo','m');
insert into AppearsIn(actor,movie,role) values (816,34,'Shouting Inmate');
insert into Actors(id,familyname,givenNames,gender) values (817,'Hernandez','Milton','m');
insert into AppearsIn(actor,movie,role) values (817,63,'Norteno Band');
insert into Actors(id,familyname,givenNames,gender) values (818,'Herrmann','Edward','m');
insert into AppearsIn(actor,movie,role) values (818,61,'Rex Rexroth');
insert into Actors(id,familyname,givenNames,gender) values (819,'Hershberger','Gary','m');
insert into AppearsIn(actor,movie,role) values (819,53,'Mike Nelson');
insert into Actors(id,familyname,givenNames,gender) values (820,'Hersko','Janos','m');
insert into AppearsIn(actor,movie,role) values (820,14,'Jewish Man');
insert into Actors(id,familyname,givenNames,gender) values (821,'Hertford','Whit','m');
insert into AppearsIn(actor,movie,role) values (821,38,'Volunteer Boy');
insert into Actors(id,familyname,givenNames,gender) values (822,'Heslov','Grant','m');
insert into AppearsIn(actor,movie,role) values (822,8,'Faisil');
insert into Actors(id,familyname,givenNames,gender) values (823,'Heston','Charlton','m');
insert into AppearsIn(actor,movie,role) values (823,8,'Spencer Trilby');
insert into Actors(id,familyname,givenNames,gender) values (824,'Hetman','Janusz','m');
insert into AppearsIn(actor,movie,role) values (824,49,'Circus Man #5');
insert into Actors(id,familyname,givenNames,gender) values (825,'Heuberger','Rami','m');
insert into AppearsIn(actor,movie,role) values (825,43,'Josef Bau');
insert into Actors(id,familyname,givenNames,gender) values (826,'Hickey','Paul','m');
insert into AppearsIn(actor,movie,role) values (826,42,'Soldier on the Beach');
insert into Actors(id,familyname,givenNames,gender) values (827,'Higgins','Anthony','m');
insert into AppearsIn(actor,movie,role) values (827,41,'Gobler');
insert into Actors(id,familyname,givenNames,gender) values (828,'Hill','Bernard','m');
insert into AppearsIn(actor,movie,role) values (828,7,'Captain Smith');
insert into Actors(id,familyname,givenNames,gender) values (829,'Hill','Tony','m');
insert into AppearsIn(actor,movie,role) values (829,40,'Reporter');
insert into Actors(id,familyname,givenNames,gender) values (830,'Hirshenson','Michael','m');
insert into AppearsIn(actor,movie,role) values (830,33,'Umpire');
insert into Actors(id,familyname,givenNames,gender) values (831,'Hiser','Tim','m');
insert into AppearsIn(actor,movie,role) values (831,35,'Young Panama Hat');
insert into Actors(id,familyname,givenNames,gender) values (832,'Hislop','Scott','m');
insert into AppearsIn(actor,movie,role) values (832,7,'Dancer');
insert into Actors(id,familyname,givenNames,gender) values (833,'Hobson','I.M.','m');
insert into AppearsIn(actor,movie,role) values (833,55,'Derek');
insert into AppearsIn(actor,movie,role) values (833,60,'Board Member');
insert into Actors(id,familyname,givenNames,gender) values (834,'Hodge','Aldis','m');
insert into AppearsIn(actor,movie,role) values (834,62,'Doughnut Gangster');
insert into Actors(id,familyname,givenNames,gender) values (835,'Hodges','Steven','m');
insert into AppearsIn(actor,movie,role) values (835,53,'Band Member at Roadhouse');
insert into Actors(id,familyname,givenNames,gender) values (836,'Hoffman','Basil','m');
insert into AppearsIn(actor,movie,role) values (836,29,'Longly');
insert into Actors(id,familyname,givenNames,gender) values (837,'Hoffman','Dustin','m');
insert into AppearsIn(actor,movie,role) values (837,33,'Capt. Hook');
insert into Actors(id,familyname,givenNames,gender) values (838,'Hoffman','Jake','m');
insert into AppearsIn(actor,movie,role) values (838,33,'Little League Player');
insert into Actors(id,familyname,givenNames,gender) values (839,'Hoffman','Max','m');
insert into AppearsIn(actor,movie,role) values (839,33,'5-Year-Old Peter Pan');
insert into Actors(id,familyname,givenNames,gender) values (840,'Hoffman','Philip Seymour','m');
insert into AppearsIn(actor,movie,role) values (840,56,'Brandt');
insert into Actors(id,familyname,givenNames,gender) values (841,'Hoffman','Thom','m');
insert into AppearsIn(actor,movie,role) values (841,12,'Gangster');
insert into Actors(id,familyname,givenNames,gender) values (842,'Hoffmann','Michael Z.','m');
insert into AppearsIn(actor,movie,role) values (842,43,'Montelupich Colonel');
insert into Actors(id,familyname,givenNames,gender) values (843,'Hofrichter','Christoph','m');
insert into AppearsIn(actor,movie,role) values (843,18,'Maj. Gen. Bruno Botta');
insert into Actors(id,familyname,givenNames,gender) values (844,'Holbek','Gert','m');
insert into AppearsIn(actor,movie,role) values (844,13,'Epidemic (1987)  &lt;11&gt;');
insert into Actors(id,familyname,givenNames,gender) values (845,'Holland','Barrie','m');
insert into AppearsIn(actor,movie,role) values (845,41,'Archivist');
insert into Actors(id,familyname,givenNames,gender) values (846,'Holland','Erik','m');
insert into AppearsIn(actor,movie,role) values (846,7,'Olaf Dahl');
insert into Actors(id,familyname,givenNames,gender) values (847,'Holland','Matt','m');
insert into AppearsIn(actor,movie,role) values (847,44,'Ramada Inn Clerk');
insert into Actors(id,familyname,givenNames,gender) values (848,'Holland','Slawomir','m');
insert into AppearsIn(actor,movie,role) values (848,43,'Gestapo Agent');
insert into Actors(id,familyname,givenNames,gender) values (849,'Holt','David','m');
insert into AppearsIn(actor,movie,role) values (849,64,'Village Idiot');
insert into Actors(id,familyname,givenNames,gender) values (850,'Hoobler','John','m');
insert into AppearsIn(actor,movie,role) values (850,53,'Pilot');
insert into Actors(id,familyname,givenNames,gender) values (851,'Hoosier','James G.','m');
insert into AppearsIn(actor,movie,role) values (851,56,'Liam O''Brien, Quintana''s Partner');
insert into Actors(id,familyname,givenNames,gender) values (852,'Hootkins','William','m');
insert into AppearsIn(actor,movie,role) values (852,41,'Major Eaton');
insert into Actors(id,familyname,givenNames,gender) values (853,'Hope','William','m');
insert into AppearsIn(actor,movie,role) values (853,2,'Lt. Gorman');
insert into Actors(id,familyname,givenNames,gender) values (854,'Hopkins','Anthony','m');
insert into AppearsIn(actor,movie,role) values (854,26,'John Quincy Adams');
insert into AppearsIn(actor,movie,role) values (854,47,'Frederick Treves');
insert into Actors(id,familyname,givenNames,gender) values (855,'Hopkins','Zach','m');
insert into AppearsIn(actor,movie,role) values (855,63,'Strangled Deputy');
insert into Actors(id,familyname,givenNames,gender) values (856,'Hopper','Dennis','m');
insert into AppearsIn(actor,movie,role) values (856,45,'Frank Booth');
insert into Actors(id,familyname,givenNames,gender) values (857,'Horino','Tad','m');
insert into AppearsIn(actor,movie,role) values (857,51,'Taka');
insert into Actors(id,familyname,givenNames,gender) values (858,'Hormel','Gregory ''Smokey''','m');
insert into AppearsIn(actor,movie,role) values (858,53,'Band Member at Roadhouse');
insert into Actors(id,familyname,givenNames,gender) values (859,'Horne','J.R.','m');
insert into AppearsIn(actor,movie,role) values (859,58,'Divorce Lawyer #2');
insert into AppearsIn(actor,movie,role) values (859,64,'Pappy''s Staff');
insert into Actors(id,familyname,givenNames,gender) values (860,'Hornsby','David','m');
insert into AppearsIn(actor,movie,role) values (860,40,'Pre-Crime Public Service Announcer');
insert into Actors(id,familyname,givenNames,gender) values (861,'Horowitz','Ryszard','m');
insert into AppearsIn(actor,movie,role) values (861,43,'Himself - Schindler Mourner');
insert into Actors(id,familyname,givenNames,gender) values (862,'Horse','Michael','m');
insert into AppearsIn(actor,movie,role) values (862,53,'Deputy Hawk');
insert into Actors(id,familyname,givenNames,gender) values (863,'Hoskins','Bob','m');
insert into AppearsIn(actor,movie,role) values (863,33,'Smee');
insert into Actors(id,familyname,givenNames,gender) values (864,'Houghton','Barrie','m');
insert into AppearsIn(actor,movie,role) values (864,32,'British Prisoner');
insert into Actors(id,familyname,givenNames,gender) values (865,'Houle-Gauthier','Simon','m');
insert into AppearsIn(actor,movie,role) values (865,28,'Choir');
insert into Actors(id,familyname,givenNames,gender) values (866,'Houlihan','Michael','m');
insert into AppearsIn(actor,movie,role) values (866,60,'Newsreel Reporter');
insert into Actors(id,familyname,givenNames,gender) values (867,'Hounsou','Djimon','m');
insert into AppearsIn(actor,movie,role) values (867,26,'Cinque');
insert into Actors(id,familyname,givenNames,gender) values (868,'Houston','Gary','m');
insert into AppearsIn(actor,movie,role) values (868,59,'Irate Customer');
insert into Actors(id,familyname,givenNames,gender) values (869,'Houston','Robert','m');
insert into AppearsIn(actor,movie,role) values (869,25,'Maddox''s Soldier');
insert into Actors(id,familyname,givenNames,gender) values (870,'Howard','Arliss','m');
insert into AppearsIn(actor,movie,role) values (870,26,'John C. Calhoun');
insert into AppearsIn(actor,movie,role) values (870,39,'Peter Ludlow');
insert into Actors(id,familyname,givenNames,gender) values (871,'Howard','Jeremy','m');
insert into AppearsIn(actor,movie,role) values (871,28,'Teen Waiter');
insert into Actors(id,familyname,givenNames,gender) values (872,'Howard','Tom','m');
insert into AppearsIn(actor,movie,role) values (872,29,'Radio Telescope Team');
insert into Actors(id,familyname,givenNames,gender) values (873,'Howe','Brian','m');
insert into AppearsIn(actor,movie,role) values (873,28,'Earl Amdursky');
insert into Actors(id,familyname,givenNames,gender) values (874,'Howell','C. Thomas','m');
insert into AppearsIn(actor,movie,role) values (874,31,'Tyler');
insert into Actors(id,familyname,givenNames,gender) values (875,'Howse','Sean','m');
insert into AppearsIn(actor,movie,role) values (875,7,'The Promenade Steward');
insert into Actors(id,familyname,givenNames,gender) values (876,'Hub','Martin','m');
insert into AppearsIn(actor,movie,role) values (876,42,'Czech Wehrmacht Soldier');
insert into AppearsIn(actor,movie,role) values (876,7,'Slovakian Father');
insert into Actors(id,familyname,givenNames,gender) values (877,'Huck','Jon','m');
insert into AppearsIn(actor,movie,role) values (877,53,'FBI Agent');
insert into Actors(id,familyname,givenNames,gender) values (878,'Huddleston','David','m');
insert into AppearsIn(actor,movie,role) values (878,56,'Jeffrey Lebowski - The Big Lebowski');
insert into Actors(id,familyname,givenNames,gender) values (879,'Hughes','Frank John','m');
insert into AppearsIn(actor,movie,role) values (879,28,'Tom Fox');
insert into Actors(id,familyname,givenNames,gender) values (880,'Huk','Tadeusz','m');
insert into AppearsIn(actor,movie,role) values (880,43,'Brinnlitz Gestapo Agent');
insert into Actors(id,familyname,givenNames,gender) values (881,'Humpoletz','Paul','m');
insert into AppearsIn(actor,movie,role) values (881,35,'German Officer at Hitler Rally');
insert into Actors(id,familyname,givenNames,gender) values (882,'Hungus','Karl','m');
insert into AppearsIn(actor,movie,role) values (882,40,'Shinwa Okawa/Additional Voices');
insert into Actors(id,familyname,givenNames,gender) values (883,'Hunter','J. Michael','m');
insert into AppearsIn(actor,movie,role) values (883,45,'Hunter');
insert into Actors(id,familyname,givenNames,gender) values (884,'Hunter','Richard','m');
insert into AppearsIn(actor,movie,role) values (884,47,'Hodges');
insert into Actors(id,familyname,givenNames,gender) values (885,'Hunter','Robert Charles','m');
insert into AppearsIn(actor,movie,role) values (885,49,'Detective Hutchinson');
insert into Actors(id,familyname,givenNames,gender) values (886,'Hurst','Ryan','m');
insert into AppearsIn(actor,movie,role) values (886,62,'Lump Hudson');
insert into AppearsIn(actor,movie,role) values (886,42,'Paratrooper Mandelsohn');
insert into Actors(id,familyname,givenNames,gender) values (887,'Hurt','John','m');
insert into AppearsIn(actor,movie,role) values (887,12,'Narrator');
insert into AppearsIn(actor,movie,role) values (887,47,'John Merrick');
insert into AppearsIn(actor,movie,role) values (887,34,'Professor Harold ''Ox'' Oxley');
insert into Actors(id,familyname,givenNames,gender) values (888,'Hurt','William','m');
insert into AppearsIn(actor,movie,role) values (888,27,'Prof. Hobby');
insert into Actors(id,familyname,givenNames,gender) values (889,'Hutchinson','Harry','m');
insert into AppearsIn(actor,movie,role) values (889,39,'InGen Worker');
insert into Actors(id,familyname,givenNames,gender) values (890,'Hyde','Jonathan','m');
insert into AppearsIn(actor,movie,role) values (890,7,'Bruce Ismay');
insert into Actors(id,familyname,givenNames,gender) values (891,'Hyde-White','Alex','m');
insert into AppearsIn(actor,movie,role) values (891,28,'Mr. Kesner');
insert into AppearsIn(actor,movie,role) values (891,35,'Young Henry');
insert into Actors(id,familyname,givenNames,gender) values (892,'Hynek','J. Allen','m');
insert into AppearsIn(actor,movie,role) values (892,29,'Himself - Smoking Pipe at Landing Site');
insert into Actors(id,familyname,givenNames,gender) values (893,'Ibrahim','Majed','m');
insert into AppearsIn(actor,movie,role) values (893,8,'High Rise Terrorist');
insert into Actors(id,familyname,givenNames,gender) values (894,'Ibu','Masato','m');
insert into AppearsIn(actor,movie,role) values (894,32,'Sgt. Nagata');
insert into Actors(id,familyname,givenNames,gender) values (895,'Ilori','Adekunle','m');
insert into AppearsIn(actor,movie,role) values (895,26,'Kahei');
insert into Actors(id,familyname,givenNames,gender) values (896,'Imai','Darryl A.','m');
insert into AppearsIn(actor,movie,role) values (896,39,'Asian Tourist');
insert into Actors(id,familyname,givenNames,gender) values (897,'Inches','Duncan','m');
insert into AppearsIn(actor,movie,role) values (897,37,'Townsperson');
insert into Actors(id,familyname,givenNames,gender) values (898,'Innes-Smith','James','m');
insert into AppearsIn(actor,movie,role) values (898,42,'MP Lieutenant');
insert into Actors(id,familyname,givenNames,gender) values (899,'Irons','Jeremy','m');
insert into AppearsIn(actor,movie,role) values (899,49,'Kingsley Stewart');
insert into Actors(id,familyname,givenNames,gender) values (900,'Irrera','Dom','m');
insert into AppearsIn(actor,movie,role) values (900,56,'Tony the Chauffeur');
insert into Actors(id,familyname,givenNames,gender) values (901,'Isaak','Chris','m');
insert into AppearsIn(actor,movie,role) values (901,53,'Special Agent Chester Desmond');
insert into Actors(id,familyname,givenNames,gender) values (902,'Isbell','Tom','m');
insert into AppearsIn(actor,movie,role) values (902,1,'Wave Reporter');
insert into AppearsIn(actor,movie,role) values (902,8,'Reporter at High Rise');
insert into Actors(id,familyname,givenNames,gender) values (903,'Ishida','Jim','m');
insert into AppearsIn(actor,movie,role) values (903,44,'Yoshinoya Manager');
insert into Actors(id,familyname,givenNames,gender) values (904,'Ishimatsu','Guts','m');
insert into AppearsIn(actor,movie,role) values (904,32,'Sgt. Uchida');
insert into Actors(id,familyname,givenNames,gender) values (905,'Ivanek','Zeljko','m');
insert into AppearsIn(actor,movie,role) values (905,11,'District Attorney');
insert into AppearsIn(actor,movie,role) values (905,12,'Ben');
insert into Actors(id,familyname,givenNames,gender) values (906,'Ivanir','Mark','m');
insert into AppearsIn(actor,movie,role) values (906,43,'Marcel Goldberg');
insert into AppearsIn(actor,movie,role) values (906,44,'Cab Driver Goran');
insert into Actors(id,familyname,givenNames,gender) values (907,'Ives','George','m');
insert into AppearsIn(actor,movie,role) values (907,61,'Mrs. Gutman''s Lawyer');
insert into Actors(id,familyname,givenNames,gender) values (908,null,'Jack','m');
insert into AppearsIn(actor,movie,role) values (908,50,'The Dog');
insert into Actors(id,familyname,givenNames,gender) values (909,'Jackson','Amad','m');
insert into AppearsIn(actor,movie,role) values (909,62,'Doughnut Gangster');
insert into Actors(id,familyname,givenNames,gender) values (910,'Jackson','Leonard','m');
insert into AppearsIn(actor,movie,role) values (910,30,'Pa Harris');
insert into Actors(id,familyname,givenNames,gender) values (911,'Jackson','Richard','m');
insert into AppearsIn(actor,movie,role) values (911,63,'Chicken Farmer');
insert into Actors(id,familyname,givenNames,gender) values (912,'Jackson','Samuel L.','m');
insert into AppearsIn(actor,movie,role) values (912,38,'Ray Arnold');
insert into Actors(id,familyname,givenNames,gender) values (913,'Jackson','Tristan','m');
insert into AppearsIn(actor,movie,role) values (913,40,'Pre-Crime Cop');
insert into Actors(id,familyname,givenNames,gender) values (914,'Jacyna','Jerzy','m');
insert into AppearsIn(actor,movie,role) values (914,34,'Russian Military Cameraman');
insert into Actors(id,familyname,givenNames,gender) values (915,'Jaeger','Frederick','m');
insert into AppearsIn(actor,movie,role) values (915,35,'WWI Ace');
insert into Actors(id,familyname,givenNames,gender) values (916,'Jagatic','Joe','m');
insert into AppearsIn(actor,movie,role) values (916,58,'CIA Agent');
insert into AppearsIn(actor,movie,role) values (916,34,'Russian Soldier');
insert into Actors(id,familyname,givenNames,gender) values (917,'James','Colton','m');
insert into AppearsIn(actor,movie,role) values (917,39,'Benjamin');
insert into Actors(id,familyname,givenNames,gender) values (918,'James','Emmett','m');
insert into AppearsIn(actor,movie,role) values (918,7,'1st Class Steward');
insert into Actors(id,familyname,givenNames,gender) values (919,'James','Hawthorne','m');
insert into AppearsIn(actor,movie,role) values (919,26,'Creole Cook');
insert into AppearsIn(actor,movie,role) values (919,30,'Jook Joint Patron');
insert into Actors(id,familyname,givenNames,gender) values (920,'James','Joe','m');
insert into AppearsIn(actor,movie,role) values (920,55,'Mailman');
insert into Actors(id,familyname,givenNames,gender) values (921,'Jandacek','Keith','m');
insert into AppearsIn(actor,movie,role) values (921,65,'Whitey');
insert into Actors(id,familyname,givenNames,gender) values (922,'Jansen','Jim','m');
insert into AppearsIn(actor,movie,role) values (922,27,'Chef');
insert into Actors(id,familyname,givenNames,gender) values (923,'Jao','Radmar Agana','m');
insert into AppearsIn(actor,movie,role) values (923,40,'Technician');
insert into Actors(id,familyname,givenNames,gender) values (924,'Jarvis','Martin','m');
insert into AppearsIn(actor,movie,role) values (924,7,'Sir Duff Gordon');
insert into Actors(id,familyname,givenNames,gender) values (925,'Jaskolski','Corey','m');
insert into AppearsIn(actor,movie,role) values (925,4,'Himself');
insert into Actors(id,familyname,givenNames,gender) values (926,'Jason','Harvey','m');
insert into AppearsIn(actor,movie,role) values (926,39,'Ajay Sidhu');
insert into Actors(id,familyname,givenNames,gender) values (927,'Jay','Baron','m');
insert into AppearsIn(actor,movie,role) values (927,27,'Mecha Robot');
insert into AppearsIn(actor,movie,role) values (927,40,'Pre-Crime Officer');
insert into Actors(id,familyname,givenNames,gender) values (928,'Jean','Sebastien','m');
insert into AppearsIn(actor,movie,role) values (928,28,'Choir');
insert into Actors(id,familyname,givenNames,gender) values (929,'Jecchinis','Kieron','m');
insert into AppearsIn(actor,movie,role) values (929,32,'American Prisoner');
insert into Actors(id,familyname,givenNames,gender) values (930,'Jeffreys','Frank','m');
insert into AppearsIn(actor,movie,role) values (930,60,'Mailroom Screamer');
insert into Actors(id,familyname,givenNames,gender) values (931,'Jenkins','Ken','m');
insert into AppearsIn(actor,movie,role) values (931,1,'Gerard Kirkhill, Benthic Petroleum Co. Representative');
insert into Actors(id,familyname,givenNames,gender) values (932,'Jenkins','Richard','m');
insert into AppearsIn(actor,movie,role) values (932,58,'Ted Treffon');
insert into AppearsIn(actor,movie,role) values (932,61,'Freddy Bender');
insert into Actors(id,familyname,givenNames,gender) values (933,'Jenkinson','Chris','m');
insert into AppearsIn(actor,movie,role) values (933,35,'Officer at Castle');
insert into Actors(id,familyname,givenNames,gender) values (934,'Jensen','Bradley','m');
insert into AppearsIn(actor,movie,role) values (934,39,'Cargo Helicopter Pilot');
insert into Actors(id,familyname,givenNames,gender) values (935,'Jensen','Henning','m');
insert into AppearsIn(actor,movie,role) values (935,14,'Siggy');
insert into AppearsIn(actor,movie,role) values (935,15,'Kreon');
insert into Actors(id,familyname,givenNames,gender) values (936,'Jeong','Gyu-su','m');
insert into AppearsIn(actor,movie,role) values (936,16,'Boksuneun naui geot (2002)');
insert into Actors(id,familyname,givenNames,gender) values (937,'Jeong','Jae-yeong','m');
insert into AppearsIn(actor,movie,role) values (937,16,'Husband of Dong-jin''s ex-wife''s');
insert into Actors(id,familyname,givenNames,gender) values (938,'Jerzykowski','Ewa','m');
insert into AppearsIn(actor,movie,role) values (938,49,'Head Manservant');
insert into Actors(id,familyname,givenNames,gender) values (939,'Ji','Dae-han','m');
insert into AppearsIn(actor,movie,role) values (939,20,'No Joo-hwan');
insert into Actors(id,familyname,givenNames,gender) values (940,'Jijikine','Igor','m');
insert into AppearsIn(actor,movie,role) values (940,34,'Dovchenko');
insert into Actors(id,familyname,givenNames,gender) values (941,'Jobe','Baboucar','m');
insert into AppearsIn(actor,movie,role) values (941,26,'Amistad African Extra');
insert into Actors(id,familyname,givenNames,gender) values (942,'Joffroy','Rudy','m');
insert into AppearsIn(actor,movie,role) values (942,7,'''Safe'' Bellboy');
insert into Actors(id,familyname,givenNames,gender) values (943,'Johansson','Mikael','m');
insert into AppearsIn(actor,movie,role) values (943,12,'Additional Cast');
insert into Actors(id,familyname,givenNames,gender) values (944,'Johnson','Cage S.','m');
insert into AppearsIn(actor,movie,role) values (944,54,'Man at Shell Station');
insert into Actors(id,familyname,givenNames,gender) values (945,'Johnson','Corey','m');
insert into AppearsIn(actor,movie,role) values (945,42,'Radioman');
insert into Actors(id,familyname,givenNames,gender) values (946,'Johnson','Jadili','m');
insert into AppearsIn(actor,movie,role) values (946,30,'Young Adam');
insert into Actors(id,familyname,givenNames,gender) values (947,'Johnson','Randy','m');
insert into AppearsIn(actor,movie,role) values (947,49,'Studio Security Guard #1');
insert into Actors(id,familyname,givenNames,gender) values (948,'Johnson','Shane','m');
insert into AppearsIn(actor,movie,role) values (948,42,'Soldier on the Beach');
insert into Actors(id,familyname,givenNames,gender) values (949,'Johnston','John Dennis','m');
insert into AppearsIn(actor,movie,role) values (949,29,'Special Forces Trooper');
insert into Actors(id,familyname,givenNames,gender) values (950,'Jones','Caleb','m');
insert into AppearsIn(actor,movie,role) values (950,63,'Boy on Bike #2');
insert into Actors(id,familyname,givenNames,gender) values (951,'Jones','Eddie','m');
insert into AppearsIn(actor,movie,role) values (951,44,'Salchak');
insert into Actors(id,familyname,givenNames,gender) values (952,'Jones','Freddie','m');
insert into AppearsIn(actor,movie,role) values (952,46,'Thufir Hawat');
insert into AppearsIn(actor,movie,role) values (952,47,'Bytes');
insert into AppearsIn(actor,movie,role) values (952,54,'George Kovich');
insert into Actors(id,familyname,givenNames,gender) values (953,'Jones','Gene','m');
insert into AppearsIn(actor,movie,role) values (953,63,'Gas Station Proprietor');
insert into Actors(id,familyname,givenNames,gender) values (954,'Jones','John Randolph','m');
insert into AppearsIn(actor,movie,role) values (954,11,'Detective');
insert into AppearsIn(actor,movie,role) values (954,12,'Gangster');
insert into Actors(id,familyname,givenNames,gender) values (955,'Jones','Tommy Lee','m');
insert into AppearsIn(actor,movie,role) values (955,63,'Sheriff Ed Tom Bell');
insert into Actors(id,familyname,givenNames,gender) values (956,'Jones','Tyler Patrick','m');
insert into AppearsIn(actor,movie,role) values (956,40,'Older Sean');
insert into Actors(id,familyname,givenNames,gender) values (957,'Joo','Chua Kah','m');
insert into AppearsIn(actor,movie,role) values (957,36,'Chen');
insert into Actors(id,familyname,givenNames,gender) values (958,'Jordan','J. Rob','m');
insert into AppearsIn(actor,movie,role) values (958,5,'Pickup Truck Driver');
insert into Actors(id,familyname,givenNames,gender) values (959,'Jordan','Monty','m');
insert into AppearsIn(actor,movie,role) values (959,29,'Special Forces Commander/Helicopter Pilot');
insert into Actors(id,familyname,givenNames,gender) values (960,'Jordan','Richard','m');
insert into AppearsIn(actor,movie,role) values (960,46,'Duncan Idaho');
insert into Actors(id,familyname,givenNames,gender) values (961,'Jordan','Walter K.','m');
insert into AppearsIn(actor,movie,role) values (961,62,'Elron');
insert into Actors(id,familyname,givenNames,gender) values (962,'Joseph','Allen','m');
insert into AppearsIn(actor,movie,role) values (962,48,'Mr. X');
insert into Actors(id,familyname,givenNames,gender) values (963,'Josiah','Andrew L.','m');
insert into AppearsIn(actor,movie,role) values (963,26,'Tamba');
insert into Actors(id,familyname,givenNames,gender) values (964,'Joston','Darwin','m');
insert into AppearsIn(actor,movie,role) values (964,48,'Paul');
insert into Actors(id,familyname,givenNames,gender) values (965,'Jourgensen','Al','m');
insert into AppearsIn(actor,movie,role) values (965,27,'Flesh Fair Band Member');
insert into Actors(id,familyname,givenNames,gender) values (966,'Jozefson','Jack','m');
insert into AppearsIn(actor,movie,role) values (966,54,'Chet');
insert into Actors(id,familyname,givenNames,gender) values (967,'Judkins','Johnny','m');
insert into AppearsIn(actor,movie,role) values (967,55,'Sailor');
insert into Actors(id,familyname,givenNames,gender) values (968,'Julien','Barry','m');
insert into AppearsIn(actor,movie,role) values (968,44,'Co-pilot');
insert into Actors(id,familyname,givenNames,gender) values (969,'Jurewicz','Jan','m');
insert into AppearsIn(actor,movie,role) values (969,43,'Russian Officer');
insert into Actors(id,familyname,givenNames,gender) values (970,'Jaregard','Ernst-Hugo','m');
insert into AppearsIn(actor,movie,role) values (970,14,'Uncle Kessler');
insert into Actors(id,familyname,givenNames,gender) values (971,'Kadlcik','Piotr','m');
insert into AppearsIn(actor,movie,role) values (971,43,'Man in Pharmacy');
insert into Actors(id,familyname,givenNames,gender) values (972,'Kahler','Wolf','m');
insert into AppearsIn(actor,movie,role) values (972,41,'Colonel Dietrich');
insert into Actors(id,familyname,givenNames,gender) values (973,'Kahn','Al','m');
insert into AppearsIn(actor,movie,role) values (973,6,'Customer');
insert into Actors(id,familyname,givenNames,gender) values (974,'Kain','Rick','m');
insert into AppearsIn(actor,movie,role) values (974,40,'Metro Cop');
insert into Actors(id,familyname,givenNames,gender) values (975,'Kalipha','Stefan','m');
insert into AppearsIn(actor,movie,role) values (975,35,'Hatay Tank Gunner');
insert into Actors(id,familyname,givenNames,gender) values (976,'Kamara','Bundu','m');
insert into AppearsIn(actor,movie,role) values (976,26,'Amistad African Extra');
insert into Actors(id,familyname,givenNames,gender) values (977,'Kamara','George','m');
insert into AppearsIn(actor,movie,role) values (977,26,'Amistad African Extra');
insert into Actors(id,familyname,givenNames,gender) values (978,'Kamarr','Al','m');
insert into AppearsIn(actor,movie,role) values (978,8,'Terriorist Henchman to Salim Abu Aziz');
insert into Actors(id,familyname,givenNames,gender) values (979,'Kamel','Stanley','m');
insert into AppearsIn(actor,movie,role) values (979,49,'Koz Kakawski');
insert into Actors(id,familyname,givenNames,gender) values (980,'Kaminer','Gleb','m');
insert into AppearsIn(actor,movie,role) values (980,34,'Russian Soldier');
insert into Actors(id,familyname,givenNames,gender) values (981,'Kaplan','Marvin','m');
insert into AppearsIn(actor,movie,role) values (981,54,'Uncle Pooch');
insert into Actors(id,familyname,givenNames,gender) values (982,'Kapner','Jay','m');
insert into AppearsIn(actor,movie,role) values (982,60,'Mr. Levin');
insert into Actors(id,familyname,givenNames,gender) values (983,'Karanj','Nizwar','m');
insert into AppearsIn(actor,movie,role) values (983,36,'Sacrifice Victim');
insert into Actors(id,familyname,givenNames,gender) values (984,'Kardulias','George','m');
insert into AppearsIn(actor,movie,role) values (984,40,'Wealthy Patron');
insert into Actors(id,familyname,givenNames,gender) values (985,'Karen','James','m');
insert into AppearsIn(actor,movie,role) values (985,51,'Wally Brown');
insert into Actors(id,familyname,givenNames,gender) values (986,'Kargbo','Sheriff','m');
insert into AppearsIn(actor,movie,role) values (986,26,'Almamy');
insert into Actors(id,familyname,givenNames,gender) values (987,'Karlsson','Edvin','m');
insert into AppearsIn(actor,movie,role) values (987,11,'Dancer');
insert into Actors(id,familyname,givenNames,gender) values (988,'Karlsson','Hans','m');
insert into AppearsIn(actor,movie,role) values (988,12,'Additional Cast');
insert into Actors(id,familyname,givenNames,gender) values (989,'Karn','Richard','m');
insert into AppearsIn(actor,movie,role) values (989,58,'Himself - Family Feud Host');
insert into Actors(id,familyname,givenNames,gender) values (990,'Kash','Daniel','m');
insert into AppearsIn(actor,movie,role) values (990,2,'Pvt. Spunkmeyer');
insert into Actors(id,familyname,givenNames,gender) values (991,'Katana','Aj','m');
insert into AppearsIn(actor,movie,role) values (991,44,'Gameboy #1');
insert into Actors(id,familyname,givenNames,gender) values (992,'Kataoka','Takatoro','m');
insert into AppearsIn(actor,movie,role) values (992,32,'Kamikaze Boy Pilot');
insert into Actors(id,familyname,givenNames,gender) values (993,'Katims','Robert','m');
insert into AppearsIn(actor,movie,role) values (993,51,'Ray Hott');
insert into Actors(id,familyname,givenNames,gender) values (994,'Kay','Dominic Scott','m');
insert into AppearsIn(actor,movie,role) values (994,40,'Younger Sean');
insert into Actors(id,familyname,givenNames,gender) values (995,'Kayso','Dick','m');
insert into AppearsIn(actor,movie,role) values (995,15,'Jasons Stemme');
insert into Actors(id,familyname,givenNames,gender) values (996,'Kayvanfar','Payman','m');
insert into AppearsIn(actor,movie,role) values (996,40,'Card Player');
insert into Actors(id,familyname,givenNames,gender) values (997,'Keane','James','m');
insert into AppearsIn(actor,movie,role) values (997,29,'Radio Telescope Team');
insert into Actors(id,familyname,givenNames,gender) values (998,'Kearney','Joseph','m');
insert into AppearsIn(actor,movie,role) values (998,51,'Roque''s Manservant');
insert into Actors(id,familyname,givenNames,gender) values (999,'Keeler','Brad','m');
insert into AppearsIn(actor,movie,role) values (999,48,'Little Boy');
insert into Actors(id,familyname,givenNames,gender) values (1000,'Keeler','Toby','m');
insert into AppearsIn(actor,movie,role) values (1000,48,'Man Fighting');
insert into Actors(id,familyname,givenNames,gender) values (1001,'Keener','Brandon','m');
insert into AppearsIn(actor,movie,role) values (1001,28,'Pilot');
insert into Actors(id,familyname,givenNames,gender) values (1002,'Kehler','Jack','m');
insert into AppearsIn(actor,movie,role) values (1002,56,'Marty');
insert into AppearsIn(actor,movie,role) values (1002,50,'Guard Johnny Mack');
insert into Actors(id,familyname,givenNames,gender) values (1003,'Keiner','Tilo','m');
insert into AppearsIn(actor,movie,role) values (1003,42,'German #2');
insert into Actors(id,familyname,givenNames,gender) values (1004,'Keith','Warren','m');
insert into AppearsIn(actor,movie,role) values (1004,56,'Francis Donnelly, Funeral Director');
insert into AppearsIn(actor,movie,role) values (1004,59,'Reilly Diefenbach');
insert into AppearsIn(actor,movie,role) values (1004,65,'Younger FBI Agent');
insert into Actors(id,familyname,givenNames,gender) values (1005,'Kelly','Boyd','m');
insert into AppearsIn(actor,movie,role) values (1005,44,'Pilot');
insert into Actors(id,familyname,givenNames,gender) values (1006,'Kelly','Brendon John','m');
insert into AppearsIn(actor,movie,role) values (1006,34,'College Student');
insert into Actors(id,familyname,givenNames,gender) values (1007,'Kelly','Craig','m');
insert into AppearsIn(actor,movie,role) values (1007,7,'Harold Bride');
insert into Actors(id,familyname,givenNames,gender) values (1008,'Kelly','David Patrick','m');
insert into AppearsIn(actor,movie,role) values (1008,53,'Jerry Horne');
insert into AppearsIn(actor,movie,role) values (1008,54,'Dropshadow');
insert into Actors(id,familyname,givenNames,gender) values (1009,'Kemmerling','Warren J.','m');
insert into AppearsIn(actor,movie,role) values (1009,29,'Wild Bill (''Major Walsh'')');
insert into Actors(id,familyname,givenNames,gender) values (1010,'Kendrick','Henry','m');
insert into AppearsIn(actor,movie,role) values (1010,65,'Older FBI Agent');
insert into Actors(id,familyname,givenNames,gender) values (1011,'Kendrick','Tommy G.','m');
insert into AppearsIn(actor,movie,role) values (1011,54,'Red');
insert into Actors(id,familyname,givenNames,gender) values (1012,'Kenny','Tony','m');
insert into AppearsIn(actor,movie,role) values (1012,7,'Deckhand');
insert into Actors(id,familyname,givenNames,gender) values (1013,'Kermarec','Roland','m');
insert into AppearsIn(actor,movie,role) values (1013,50,'Man on Bus');
insert into Actors(id,familyname,givenNames,gender) values (1014,'Kern','Georges','m');
insert into AppearsIn(actor,movie,role) values (1014,43,'Depot Master');
insert into Actors(id,familyname,givenNames,gender) values (1015,'Kerner','Bruce M.','m');
insert into AppearsIn(actor,movie,role) values (1015,6,'Desk Sergeant');
insert into Actors(id,familyname,givenNames,gender) values (1016,'Kerstein','Max','m');
insert into AppearsIn(actor,movie,role) values (1016,28,'Penner Brother');
insert into Actors(id,familyname,givenNames,gender) values (1017,'Keyes','Irwin','m');
insert into AppearsIn(actor,movie,role) values (1017,61,'Wheezy Joe');
insert into Actors(id,familyname,givenNames,gender) values (1018,'Kholin','Maks','m');
insert into AppearsIn(actor,movie,role) values (1018,44,'Russian Student');
insert into Actors(id,familyname,givenNames,gender) values (1019,'Kier','Udo','m');
insert into AppearsIn(actor,movie,role) values (1019,11,'Dr. Porkorny');
insert into AppearsIn(actor,movie,role) values (1019,12,'The Man in the Coat');
insert into AppearsIn(actor,movie,role) values (1019,13,'Himself');
insert into AppearsIn(actor,movie,role) values (1019,14,'Lawrence Hartmann');
insert into AppearsIn(actor,movie,role) values (1019,15,'Jason');
insert into Actors(id,familyname,givenNames,gender) values (1020,'Kilde','Jonny','m');
insert into AppearsIn(actor,movie,role) values (1020,15,'Store Dreng');
insert into Actors(id,familyname,givenNames,gender) values (1021,'Kilde','Richard','m');
insert into AppearsIn(actor,movie,role) values (1021,15,'Lille Dreng');
insert into Actors(id,familyname,givenNames,gender) values (1022,'Kiley','Richard','m');
insert into AppearsIn(actor,movie,role) values (1022,38,'Jurassic Park Tour Voice');
insert into Actors(id,familyname,givenNames,gender) values (1023,'Kilpatrick','Patrick','m');
insert into AppearsIn(actor,movie,role) values (1023,40,'Knott');
insert into Actors(id,familyname,givenNames,gender) values (1024,'Kilroy','Thomas','m');
insert into AppearsIn(actor,movie,role) values (1024,4,'Poker player');
insert into Actors(id,familyname,givenNames,gender) values (1025,'Kim','Byeong-ok','m');
insert into AppearsIn(actor,movie,role) values (1025,17,'Preacher');
insert into AppearsIn(actor,movie,role) values (1025,20,'Mr. Han');
insert into AppearsIn(actor,movie,role) values (1025,21,'Judge');
insert into Actors(id,familyname,givenNames,gender) values (1026,'Kim','Min-jong','m');
insert into AppearsIn(actor,movie,role) values (1026,22,'Moon');
insert into Actors(id,familyname,givenNames,gender) values (1027,'Kim','Myoeng-su','m');
insert into AppearsIn(actor,movie,role) values (1027,18,'Gongdong gyeongbi guyeok JSA (2000)');
insert into Actors(id,familyname,givenNames,gender) values (1028,'Kim','Se-dong','m');
insert into AppearsIn(actor,movie,role) values (1028,16,'Chief of Staff');
insert into Actors(id,familyname,givenNames,gender) values (1029,'Kim','Shi-hoo','m');
insert into AppearsIn(actor,movie,role) values (1029,17,'Geun-shik');
insert into Actors(id,familyname,givenNames,gender) values (1030,'Kim','Su-hyeon','m');
insert into AppearsIn(actor,movie,role) values (1030,20,'Oldboy (2003)  &lt;14&gt;');
insert into Actors(id,familyname,givenNames,gender) values (1031,'Kim','Tae-hyeon','m');
insert into AppearsIn(actor,movie,role) values (1031,18,'Gongdong gyeongbi guyeok JSA (2000)');
insert into Actors(id,familyname,givenNames,gender) values (1032,'Kim','Tae-woo','m');
insert into AppearsIn(actor,movie,role) values (1032,18,'Nam Sung-shik');
insert into Actors(id,familyname,givenNames,gender) values (1033,'Kimbrough','Matthew','m');
insert into AppearsIn(actor,movie,role) values (1033,28,'Loan Officer');
insert into Actors(id,familyname,givenNames,gender) values (1034,'King','Chris Thomas','m');
insert into AppearsIn(actor,movie,role) values (1034,64,'Tommy Johnson');
insert into Actors(id,familyname,givenNames,gender) values (1035,'King','Cyrus','m');
insert into AppearsIn(actor,movie,role) values (1035,28,'FBI Agent #3');
insert into Actors(id,familyname,givenNames,gender) values (1036,'King','Lee R.','m');
insert into AppearsIn(actor,movie,role) values (1036,12,'Additional Cast');
insert into Actors(id,familyname,givenNames,gender) values (1037,'King','Red','m');
insert into AppearsIn(actor,movie,role) values (1037,27,'Covert Information Retrieval');
insert into Actors(id,familyname,givenNames,gender) values (1038,'Kingsbury','Craig','m');
insert into AppearsIn(actor,movie,role) values (1038,37,'Ben Gardner');
insert into Actors(id,familyname,givenNames,gender) values (1039,'Kingsley','Ben','m');
insert into AppearsIn(actor,movie,role) values (1039,27,'Specialist');
insert into AppearsIn(actor,movie,role) values (1039,43,'Itzhak Stern');
insert into Actors(id,familyname,givenNames,gender) values (1040,'Kinnunen','Jari','m');
insert into AppearsIn(actor,movie,role) values (1040,7,'Bjorn Gunderson');
insert into Actors(id,familyname,givenNames,gender) values (1041,'Kinsaka','Peto','m');
insert into AppearsIn(actor,movie,role) values (1041,30,'Adam');
insert into Actors(id,familyname,givenNames,gender) values (1042,'Kirkbakk','Oskar','m');
insert into AppearsIn(actor,movie,role) values (1042,12,'Additional Cast');
insert into Actors(id,familyname,givenNames,gender) values (1043,'Kirkland','Ajgie','m');
insert into AppearsIn(actor,movie,role) values (1043,56,'Cab Driver');
insert into Actors(id,familyname,givenNames,gender) values (1044,'Kissner','Jeremy James','m');
insert into AppearsIn(actor,movie,role) values (1044,27,'Kid');
insert into Actors(id,familyname,givenNames,gender) values (1045,'Kjarval','Keith','m');
insert into AppearsIn(actor,movie,role) values (1045,49,'Lumberjack');
insert into Actors(id,familyname,givenNames,gender) values (1046,'Klata','Wojciech','m');
insert into AppearsIn(actor,movie,role) values (1046,43,'Lisiek');
insert into Actors(id,familyname,givenNames,gender) values (1047,'Kleber','Rick','m');
insert into AppearsIn(actor,movie,role) values (1047,33,'Pirate');
insert into Actors(id,familyname,givenNames,gender) values (1048,'Klek','George Robert','m');
insert into AppearsIn(actor,movie,role) values (1048,1,'Wilhite');
insert into Actors(id,familyname,givenNames,gender) values (1049,'Knight','Dave','m');
insert into AppearsIn(actor,movie,role) values (1049,8,'Downtown Miami Pedestrian');
insert into Actors(id,familyname,givenNames,gender) values (1050,'Knight','Jack','m');
insert into AppearsIn(actor,movie,role) values (1050,28,'Man #3');
insert into Actors(id,familyname,givenNames,gender) values (1051,'Knight','Wayne','m');
insert into AppearsIn(actor,movie,role) values (1051,38,'Dennis Nedry');
insert into Actors(id,familyname,givenNames,gender) values (1052,'Knowsley','Dean','m');
insert into AppearsIn(actor,movie,role) values (1052,3,'Pilot');
insert into Actors(id,familyname,givenNames,gender) values (1053,'Knutson','Brian','m');
insert into AppearsIn(actor,movie,role) values (1053,34,'Letterman #1');
insert into Actors(id,familyname,givenNames,gender) values (1054,'Ko','In-bae','m');
insert into AppearsIn(actor,movie,role) values (1054,23,'Simpan (1999)');
insert into Actors(id,familyname,givenNames,gender) values (1055,'Koczanowicz','Stanislaw','m');
insert into AppearsIn(actor,movie,role) values (1055,43,'Doorman');
insert into Actors(id,familyname,givenNames,gender) values (1056,'Koepp','David','m');
insert into AppearsIn(actor,movie,role) values (1056,39,'Unlucky Bastard');
insert into Actors(id,familyname,givenNames,gender) values (1057,'Kogan','Milt','m');
insert into AppearsIn(actor,movie,role) values (1057,31,'Medic');
insert into Actors(id,familyname,givenNames,gender) values (1058,'Komasa','Wieslaw','m');
insert into AppearsIn(actor,movie,role) values (1058,43,'Plaszow Depot SS Guard');
insert into Actors(id,familyname,givenNames,gender) values (1059,'Komine','Takao','m');
insert into AppearsIn(actor,movie,role) values (1059,5,'Tourist shot by T-1000');
insert into AppearsIn(actor,movie,role) values (1059,8,'Party goer');
insert into Actors(id,familyname,givenNames,gender) values (1060,null,'Kong-Guo-Jun','m');
insert into AppearsIn(actor,movie,role) values (1060,32,'Chinese Youth');
insert into Actors(id,familyname,givenNames,gender) values (1061,'Konner','RJ','m');
insert into AppearsIn(actor,movie,role) values (1061,58,'Senator');
insert into Actors(id,familyname,givenNames,gender) values (1062,'Konorti','Shabtai','m');
insert into AppearsIn(actor,movie,role) values (1062,43,'Garage Mechanic');
insert into Actors(id,familyname,givenNames,gender) values (1063,'Konrad','Sebastian','m');
insert into AppearsIn(actor,movie,role) values (1063,43,'Engineer');
insert into Actors(id,familyname,givenNames,gender) values (1064,'Kopache','Thomas','m');
insert into AppearsIn(actor,movie,role) values (1064,28,'Principal Evans');
insert into AppearsIn(actor,movie,role) values (1064,63,'Boot Salesman');
insert into Actors(id,familyname,givenNames,gender) values (1065,'Kornum Larsen','Jan','m');
insert into AppearsIn(actor,movie,role) values (1065,13,'Epidemic (1987)  &lt;14&gt;');
insert into Actors(id,familyname,givenNames,gender) values (1066,'Korolko','Michal','m');
insert into AppearsIn(actor,movie,role) values (1066,49,'Circus Man #1');
insert into Actors(id,familyname,givenNames,gender) values (1067,'Korsmo','Charlie','m');
insert into AppearsIn(actor,movie,role) values (1067,33,'Jack ''Jackie'' Banning');
insert into Actors(id,familyname,givenNames,gender) values (1068,'Kosseh','Joseph','m');
insert into AppearsIn(actor,movie,role) values (1068,26,'Birmaja');
insert into Actors(id,familyname,givenNames,gender) values (1069,'Kostic','Vladica','m');
insert into AppearsIn(actor,movie,role) values (1069,11,'Gene Jezkova');
insert into Actors(id,familyname,givenNames,gender) values (1070,'Kouri','Pat','m');
insert into AppearsIn(actor,movie,role) values (1070,5,'SWAT Team Leader');
insert into Actors(id,familyname,givenNames,gender) values (1071,'Kowalewski','Maciej','m');
insert into AppearsIn(actor,movie,role) values (1071,43,'Boy');
insert into Actors(id,familyname,givenNames,gender) values (1072,'Kozlowski','Leopold','m');
insert into AppearsIn(actor,movie,role) values (1072,43,'Investor');
insert into Actors(id,familyname,givenNames,gender) values (1073,'Kozlowski','Maciej','m');
insert into AppearsIn(actor,movie,role) values (1073,43,'SS Guard, Zablocie');
insert into Actors(id,familyname,givenNames,gender) values (1074,'Kozlowski','Zbigniew','m');
insert into AppearsIn(actor,movie,role) values (1074,43,'Scherer''s Secretary');
insert into Actors(id,familyname,givenNames,gender) values (1075,'Kramar','Hubert','m');
insert into AppearsIn(actor,movie,role) values (1075,43,'Plaszow SS Guard');
insert into Actors(id,familyname,givenNames,gender) values (1076,'Kramer','Jeffrey','m');
insert into AppearsIn(actor,movie,role) values (1076,37,'Deputy Leonard ''Lenny'' Hendricks');
insert into Actors(id,familyname,givenNames,gender) values (1077,'Kramer','Joel','m');
insert into AppearsIn(actor,movie,role) values (1077,5,'Male Nurse');
insert into Actors(id,familyname,givenNames,gender) values (1078,'Kravchenko','Victor','m');
insert into AppearsIn(actor,movie,role) values (1078,47,'Lion/Coachman');
insert into Actors(id,familyname,givenNames,gender) values (1079,'Krawiec','Kamil','m');
insert into AppearsIn(actor,movie,role) values (1079,43,'Little Jewish Boy');
insert into Actors(id,familyname,givenNames,gender) values (1080,'Kreidt','Martin','m');
insert into AppearsIn(actor,movie,role) values (1080,41,'Young Soldier');
insert into Actors(id,familyname,givenNames,gender) values (1081,'Krueff','Joergen Christian','m');
insert into AppearsIn(actor,movie,role) values (1081,13,'Epidemic (1987)  (as Jorgen Christian Kruff)  &lt;13&gt;');
insert into Actors(id,familyname,givenNames,gender) values (1082,'Krupa','Olek','m');
insert into AppearsIn(actor,movie,role) values (1082,58,'Krapotkin');
insert into Actors(id,familyname,givenNames,gender) values (1083,'Krzyzowski','Radoslaw','m');
insert into AppearsIn(actor,movie,role) values (1083,43,'Black Marketeer');
insert into Actors(id,familyname,givenNames,gender) values (1084,'Ksajikian','Armen','m');
insert into AppearsIn(actor,movie,role) values (1084,8,'Juno''s Chauffeur');
insert into Actors(id,familyname,givenNames,gender) values (1085,'Kubisiak','Pawel','m');
insert into AppearsIn(actor,movie,role) values (1085,49,'Man #1');
insert into Actors(id,familyname,givenNames,gender) values (1086,'Kuhlbrodt','Dietrich','m');
insert into AppearsIn(actor,movie,role) values (1086,14,'Inspector');
insert into Actors(id,familyname,givenNames,gender) values (1087,'Kuhn','T.J.','m');
insert into AppearsIn(actor,movie,role) values (1087,65,'Nathan Arizona Jr.');
insert into Actors(id,familyname,givenNames,gender) values (1088,'Kulick','Logan','m');
insert into AppearsIn(actor,movie,role) values (1088,58,'Four-Year-Old Patient');
insert into Actors(id,familyname,givenNames,gender) values (1089,'Kuruppu','Dharmadasa','m');
insert into AppearsIn(actor,movie,role) values (1089,36,'Chieftain');
insert into Actors(id,familyname,givenNames,gender) values (1090,'Kusuhara','Eiji','m');
insert into AppearsIn(actor,movie,role) values (1090,47,'Japanese Bleeder');
insert into Actors(id,familyname,givenNames,gender) values (1091,'Kwas','Grzegorz','m');
insert into AppearsIn(actor,movie,role) values (1091,43,'Mietek Pemper');
insert into Actors(id,familyname,givenNames,gender) values (1092,'Kwashi','Jeffrey','m');
insert into AppearsIn(actor,movie,role) values (1092,30,'African Musician');
insert into Actors(id,familyname,givenNames,gender) values (1093,'Kwiat','Joshua Michael','m');
insert into AppearsIn(actor,movie,role) values (1093,28,'Dr. Connelly');
insert into Actors(id,familyname,givenNames,gender) values (1094,'Kwouk','Burt','m');
insert into AppearsIn(actor,movie,role) values (1094,32,'Mr. Chen');
insert into Actors(id,familyname,givenNames,gender) values (1095,'Kyle','Jack','m');
insert into AppearsIn(actor,movie,role) values (1095,61,'Ollie Olerud');
insert into Actors(id,familyname,givenNames,gender) values (1096,'L''Heureux','Gerard','m');
insert into AppearsIn(actor,movie,role) values (1096,56,'Lebowski''s Chauffeur');
insert into Actors(id,familyname,givenNames,gender) values (1097,'LaBeouf','Shia','m');
insert into AppearsIn(actor,movie,role) values (1097,34,'Mutt Williams');
insert into Actors(id,familyname,givenNames,gender) values (1098,'Lacey','Ronald','m');
insert into AppearsIn(actor,movie,role) values (1098,35,'Heinrich Himmler');
insert into AppearsIn(actor,movie,role) values (1098,41,'Major Arnold Toht');
insert into Actors(id,familyname,givenNames,gender) values (1099,'Laguardia','Ernesto','m');
insert into AppearsIn(actor,movie,role) values (1099,46,'Harkonnen''s victim');
insert into Actors(id,familyname,givenNames,gender) values (1100,'Lah','Saye','m');
insert into AppearsIn(actor,movie,role) values (1100,26,'Kessebe');
insert into Actors(id,familyname,givenNames,gender) values (1101,'Laing','Martin','m');
insert into AppearsIn(actor,movie,role) values (1101,7,'Promenade Deck Steward');
insert into Actors(id,familyname,givenNames,gender) values (1102,'Lake','Don','m');
insert into AppearsIn(actor,movie,role) values (1102,5,'Mossberg');
insert into Actors(id,familyname,givenNames,gender) values (1103,'Lally','Brian','m');
insert into AppearsIn(actor,movie,role) values (1103,39,'Tourist #3');
insert into Actors(id,familyname,givenNames,gender) values (1104,'Lampone','Alexander','m');
insert into AppearsIn(actor,movie,role) values (1104,31,'Medic');
insert into Actors(id,familyname,givenNames,gender) values (1105,'Lancaster','James','m');
insert into AppearsIn(actor,movie,role) values (1105,7,'Father Byles');
insert into Actors(id,familyname,givenNames,gender) values (1106,'Lander','David L.','m');
insert into AppearsIn(actor,movie,role) values (1106,25,'Joe');
insert into Actors(id,familyname,givenNames,gender) values (1107,'Landis','John','m');
insert into AppearsIn(actor,movie,role) values (1107,25,'Cpl. Mizerany');
insert into Actors(id,familyname,givenNames,gender) values (1108,'Landon Jr.','Hal','m');
insert into AppearsIn(actor,movie,role) values (1108,48,'Pencil Machine Operator');
insert into Actors(id,familyname,givenNames,gender) values (1109,'Lang','Bryson','m');
insert into AppearsIn(actor,movie,role) values (1109,49,'Circus Man #4');
insert into Actors(id,familyname,givenNames,gender) values (1110,'Lang','Perry','m');
insert into AppearsIn(actor,movie,role) values (1110,25,'Dennis DeSoto');
insert into Actors(id,familyname,givenNames,gender) values (1111,'Lang','Stephen','m');
insert into AppearsIn(actor,movie,role) values (1111,3,'Col. Quaritch');
insert into Actors(id,familyname,givenNames,gender) values (1112,'Larioza','Nito','m');
insert into AppearsIn(actor,movie,role) values (1112,34,'Cemetery Warrior #1');
insert into Actors(id,familyname,givenNames,gender) values (1113,'Larouche','Pascal','m');
insert into AppearsIn(actor,movie,role) values (1113,28,'Choir');
insert into Actors(id,familyname,givenNames,gender) values (1114,'Larson','Kurt','m');
insert into AppearsIn(actor,movie,role) values (1114,44,'Young Marine');
insert into Actors(id,familyname,givenNames,gender) values (1115,'Lassick','Sydney','m');
insert into AppearsIn(actor,movie,role) values (1115,25,'Salesman');
insert into Actors(id,familyname,givenNames,gender) values (1116,'Lauzon','William','m');
insert into AppearsIn(actor,movie,role) values (1116,28,'Choir');
insert into Actors(id,familyname,givenNames,gender) values (1117,'LaVera','David','m');
insert into AppearsIn(actor,movie,role) values (1117,34,'Toba - Mayan Warrior');
insert into Actors(id,familyname,givenNames,gender) values (1118,'Law','Jude','m');
insert into AppearsIn(actor,movie,role) values (1118,27,'Gigolo Joe');
insert into Actors(id,familyname,givenNames,gender) values (1119,'Lawlor','Sean','m');
insert into AppearsIn(actor,movie,role) values (1119,7,'Leading Stroker Charles Hendrickson');
insert into Actors(id,familyname,givenNames,gender) values (1120,'Lawrence','Bertell','m');
insert into AppearsIn(actor,movie,role) values (1120,40,'John Doe');
insert into Actors(id,familyname,givenNames,gender) values (1121,'Lawrence','Mark Christopher','m');
insert into AppearsIn(actor,movie,role) values (1121,5,'Burly Attendant');
insert into Actors(id,familyname,givenNames,gender) values (1122,'Lazarus','Noah','m');
insert into AppearsIn(actor,movie,role) values (1122,11,'Officer of the Court');
insert into Actors(id,familyname,givenNames,gender) values (1123,'Lea','Derek','m');
insert into AppearsIn(actor,movie,role) values (1123,7,'Leading Stoker Barrett');
insert into Actors(id,familyname,givenNames,gender) values (1124,'Leach','Nigel','m');
insert into AppearsIn(actor,movie,role) values (1124,32,'British Prisoner');
insert into Actors(id,familyname,givenNames,gender) values (1125,'Ledda','Jeffrey N.','m');
insert into AppearsIn(actor,movie,role) values (1125,4,'Himself');
insert into Actors(id,familyname,givenNames,gender) values (1126,'Leder','Erwin','m');
insert into AppearsIn(actor,movie,role) values (1126,43,'Waffen SS Officer');
insert into Actors(id,familyname,givenNames,gender) values (1127,'Ledin','Jon','m');
insert into AppearsIn(actor,movie,role) values (1127,14,'American Soldier');
insert into Actors(id,familyname,givenNames,gender) values (1128,'Ledonne','Mike','m');
insert into AppearsIn(actor,movie,role) values (1128,44,'Piano');
insert into Actors(id,familyname,givenNames,gender) values (1129,'Lee Jr.','Nathaniel','m');
insert into AppearsIn(actor,movie,role) values (1129,64,'Ice Boy on the Right with Straw Hat');
insert into Actors(id,familyname,givenNames,gender) values (1130,'Lee','Byung-hun','m');
insert into AppearsIn(actor,movie,role) values (1130,18,'Sgt. Lee Soo-hyeok');
insert into Actors(id,familyname,givenNames,gender) values (1131,'Lee','Christopher','m');
insert into AppearsIn(actor,movie,role) values (1131,25,'Capt. Wolfgang von Kleinschmidt');
insert into Actors(id,familyname,givenNames,gender) values (1132,'Lee','Dae-yeon','m');
insert into AppearsIn(actor,movie,role) values (1132,16,'Choe');
insert into AppearsIn(actor,movie,role) values (1132,17,'Prison head');
insert into AppearsIn(actor,movie,role) values (1132,20,'Beggar');
insert into Actors(id,familyname,givenNames,gender) values (1133,'Lee','Kyung-Young','m');
insert into AppearsIn(actor,movie,role) values (1133,22,'Ahn');
insert into Actors(id,familyname,givenNames,gender) values (1134,'Lee','Rusty','m');
insert into AppearsIn(actor,movie,role) values (1134,65,'Feisty Hayseed');
insert into Actors(id,familyname,givenNames,gender) values (1135,'Lee','Seung-Chul','m');
insert into AppearsIn(actor,movie,role) values (1135,19,'Moon Is the Sun''s Dream (1992)');
insert into Actors(id,familyname,givenNames,gender) values (1136,'Lee','Seung-jin','m');
insert into AppearsIn(actor,movie,role) values (1136,20,'Oldboy (2003)  &lt;15&gt;');
insert into Actors(id,familyname,givenNames,gender) values (1137,'Lee','Yong-nyeo','m');
insert into AppearsIn(actor,movie,role) values (1137,21,'Young-goon''s mother');
insert into Actors(id,familyname,givenNames,gender) values (1138,'Lees','John','m');
insert into AppearsIn(actor,movie,role) values (1138,2,'Power Loader Operator');
insert into Actors(id,familyname,givenNames,gender) values (1139,'Legault','Florent','m');
insert into AppearsIn(actor,movie,role) values (1139,28,'Choir');
insert into Actors(id,familyname,givenNames,gender) values (1140,'Leiva','Rocael','m');
insert into AppearsIn(actor,movie,role) values (1140,40,'Hamburger Dad');
insert into Actors(id,familyname,givenNames,gender) values (1141,'Lemkow','Tutte','m');
insert into AppearsIn(actor,movie,role) values (1141,41,'Imam');
insert into Actors(id,familyname,givenNames,gender) values (1142,'Lenczowski','Jacek','m');
insert into AppearsIn(actor,movie,role) values (1142,43,'Black Marketeer');
insert into Actors(id,familyname,givenNames,gender) values (1143,'Leon','Carlos','m');
insert into AppearsIn(actor,movie,role) values (1143,56,'Maude''s Thug #1');
insert into Actors(id,familyname,givenNames,gender) values (1144,'Leonard','Terry','m');
insert into AppearsIn(actor,movie,role) values (1144,41,'Driver of German Truck');
insert into Actors(id,familyname,givenNames,gender) values (1145,'Leppell','Jonathan J.','m');
insert into AppearsIn(actor,movie,role) values (1145,53,'Mrs. Tremond''s Grandson');
insert into Actors(id,familyname,givenNames,gender) values (1146,'Lepre','Michael','m');
insert into AppearsIn(actor,movie,role) values (1146,31,'Pizza Man');
insert into Actors(id,familyname,givenNames,gender) values (1147,'Lerdorff Rye','Preben','m');
insert into AppearsIn(actor,movie,role) values (1147,15,'Paedragon');
insert into Actors(id,familyname,givenNames,gender) values (1148,'Lerner','Michael','m');
insert into AppearsIn(actor,movie,role) values (1148,55,'Jack Lipnick');
insert into Actors(id,familyname,givenNames,gender) values (1149,'Leung','Ken','m');
insert into AppearsIn(actor,movie,role) values (1149,27,'Syatyoo-Sama');
insert into Actors(id,familyname,givenNames,gender) values (1150,'Levy','Shmuel','m');
insert into AppearsIn(actor,movie,role) values (1150,43,'Wilek Chilowicz');
insert into Actors(id,familyname,givenNames,gender) values (1151,'Lewin','Pablo','m');
insert into AppearsIn(actor,movie,role) values (1151,28,'FBI Agent');
insert into Actors(id,familyname,givenNames,gender) values (1152,'Liang','Guo Xue','m');
insert into AppearsIn(actor,movie,role) values (1152,32,'Merchant');
insert into Actors(id,familyname,givenNames,gender) values (1153,'Lichtenstein','Stan','m');
insert into AppearsIn(actor,movie,role) values (1153,60,'Mailroom Screamer');
insert into Actors(id,familyname,givenNames,gender) values (1154,'Lightsey','Michael','m');
insert into AppearsIn(actor,movie,role) values (1154,28,'Student');
insert into Actors(id,familyname,givenNames,gender) values (1155,'Liles','Marcus','m');
insert into AppearsIn(actor,movie,role) values (1155,30,'Boo');
insert into Actors(id,familyname,givenNames,gender) values (1156,'Lillard','Ed','m');
insert into AppearsIn(actor,movie,role) values (1156,60,'Newsreel Reporter');
insert into Actors(id,familyname,givenNames,gender) values (1157,'Linares','Carlos','m');
insert into AppearsIn(actor,movie,role) values (1157,34,'Fast Speaking Inmate');
insert into Actors(id,familyname,givenNames,gender) values (1158,'Linde-Lubaszenko','Edward','m');
insert into AppearsIn(actor,movie,role) values (1158,43,'Brinnlitz Priest');
insert into Actors(id,familyname,givenNames,gender) values (1159,'Linden','Colin','m');
insert into AppearsIn(actor,movie,role) values (1159,61,'Father Scott');
insert into Actors(id,familyname,givenNames,gender) values (1160,'Ling','Van','m');
insert into AppearsIn(actor,movie,role) values (1160,5,'Cyberdyne Tech');
insert into AppearsIn(actor,movie,role) values (1160,7,'Chinese Man');
insert into Actors(id,familyname,givenNames,gender) values (1161,'Lipinski','Eugene','m');
insert into AppearsIn(actor,movie,role) values (1161,35,'G-Man');
insert into Actors(id,familyname,givenNames,gender) values (1162,'Litt','Sheldon','m');
insert into AppearsIn(actor,movie,role) values (1162,11,'Visitor');
insert into Actors(id,familyname,givenNames,gender) values (1163,'Lloyd','Frank','m');
insert into AppearsIn(actor,movie,role) values (1163,1,'USS Montana Navigator');
insert into Actors(id,familyname,givenNames,gender) values (1164,'Loch','Philip','m');
insert into AppearsIn(actor,movie,role) values (1164,60,'Mailroom Screamer');
insert into Actors(id,familyname,givenNames,gender) values (1165,'Locke','John','m');
insert into AppearsIn(actor,movie,role) values (1165,64,'Mr. French');
insert into Actors(id,familyname,givenNames,gender) values (1166,'Lockhart','Calvin','m');
insert into AppearsIn(actor,movie,role) values (1166,53,'The Electrician');
insert into AppearsIn(actor,movie,role) values (1166,54,'Reggie');
insert into Actors(id,familyname,givenNames,gender) values (1167,'Lockwood','Alexander','m');
insert into AppearsIn(actor,movie,role) values (1167,29,'Implantee');
insert into Actors(id,familyname,givenNames,gender) values (1168,'Loggia','Robert','m');
insert into AppearsIn(actor,movie,role) values (1168,50,'Mr. Eddy/Dick Laurent');
insert into Actors(id,familyname,givenNames,gender) values (1169,'Loggins','Peter','m');
insert into AppearsIn(actor,movie,role) values (1169,51,'Dancer');
insert into Actors(id,familyname,givenNames,gender) values (1170,'Lokcinski','Thadee','m');
insert into AppearsIn(actor,movie,role) values (1170,14,'Old Man 2');
insert into Actors(id,familyname,givenNames,gender) values (1171,'Lomax','David S.','m');
insert into AppearsIn(actor,movie,role) values (1171,59,'Man in Hallway');
insert into Actors(id,familyname,givenNames,gender) values (1172,'Lomma','Jonathan','m');
insert into AppearsIn(actor,movie,role) values (1172,34,'Train Passenger');
insert into Actors(id,familyname,givenNames,gender) values (1173,'London','Daniel','m');
insert into AppearsIn(actor,movie,role) values (1173,40,'Wally the Caretaker');
insert into Actors(id,familyname,givenNames,gender) values (1174,'London','Tony','m');
insert into AppearsIn(actor,movie,role) values (1174,47,'Young Porter');
insert into Actors(id,familyname,givenNames,gender) values (1175,'Longo','Tony','m');
insert into AppearsIn(actor,movie,role) values (1175,51,'Kenny');
insert into Actors(id,familyname,givenNames,gender) values (1176,'Longridge','Ronald','m');
insert into AppearsIn(actor,movie,role) values (1176,42,'Coxswain');
insert into Actors(id,familyname,givenNames,gender) values (1177,'Lonsdale','Shep','m');
insert into AppearsIn(actor,movie,role) values (1177,7,'Steerage Band Member');
insert into Actors(id,familyname,givenNames,gender) values (1178,'Lopes','Danny','m');
insert into AppearsIn(actor,movie,role) values (1178,40,'Man');
insert into Actors(id,familyname,givenNames,gender) values (1179,'Loren','Eric','m');
insert into AppearsIn(actor,movie,role) values (1179,42,'War Department Lieutenant');
insert into Actors(id,familyname,givenNames,gender) values (1180,'Lounsbery','Jared','m');
insert into AppearsIn(actor,movie,role) values (1180,5,'Kid');
insert into Actors(id,familyname,givenNames,gender) values (1181,'Love','Chip','m');
insert into AppearsIn(actor,movie,role) values (1181,63,'Man in Ford');
insert into Actors(id,familyname,givenNames,gender) values (1182,'Love','Nicholas','m');
insert into AppearsIn(actor,movie,role) values (1182,54,'Man in Wheelchair');
insert into Actors(id,familyname,givenNames,gender) values (1183,'Lower','Geoffrey','m');
insert into AppearsIn(actor,movie,role) values (1183,33,'Brad');
insert into Actors(id,familyname,givenNames,gender) values (1184,'Lubaszenko','Olaf','m');
insert into AppearsIn(actor,movie,role) values (1184,43,'Auschwitz Guard');
insert into Actors(id,familyname,givenNames,gender) values (1185,'Lucas','George','m');
insert into AppearsIn(actor,movie,role) values (1185,33,'Man Kissing on Bridge');
insert into AppearsIn(actor,movie,role) values (1185,36,'Missionary');
insert into Actors(id,familyname,givenNames,gender) values (1186,'Lucas','Peter J.','m');
insert into AppearsIn(actor,movie,role) values (1186,49,'Piotrek Krol');
insert into Actors(id,familyname,givenNames,gender) values (1187,'Lucre','Andrew','m');
insert into AppearsIn(actor,movie,role) values (1187,11,'Clerk of Court');
insert into Actors(id,familyname,givenNames,gender) values (1188,'Luft','Krzysztof','m');
insert into AppearsIn(actor,movie,role) values (1188,43,'Herman Toffel');
insert into Actors(id,familyname,givenNames,gender) values (1189,'Luna','Diego','m');
insert into AppearsIn(actor,movie,role) values (1189,44,'Enrique Cruz');
insert into Actors(id,familyname,givenNames,gender) values (1190,'Lurie','John','m');
insert into AppearsIn(actor,movie,role) values (1190,54,'Sparky');
insert into Actors(id,familyname,givenNames,gender) values (1191,'Lustig','Branko','m');
insert into AppearsIn(actor,movie,role) values (1191,43,'Nightclub Maitre D''');
insert into Actors(id,familyname,givenNames,gender) values (1192,'Lychnikoff','Pavel','m');
insert into AppearsIn(actor,movie,role) values (1192,34,'Russian Soldier #2');
insert into Actors(id,familyname,givenNames,gender) values (1193,'Lynch','Austin Jack','m');
insert into AppearsIn(actor,movie,role) values (1193,49,'Devon Berk''s Driver');
insert into Actors(id,familyname,givenNames,gender) values (1194,'Lynch','Colin Patrick','m');
insert into AppearsIn(actor,movie,role) values (1194,5,'Attendant');
insert into Actors(id,familyname,givenNames,gender) values (1195,'Lynch','David','m');
insert into AppearsIn(actor,movie,role) values (1195,46,'Spice worker');
insert into AppearsIn(actor,movie,role) values (1195,50,'Morgue Attendant');
insert into AppearsIn(actor,movie,role) values (1195,53,'Gordon Cole');
insert into Actors(id,familyname,givenNames,gender) values (1196,'Lynch','Don','m');
insert into AppearsIn(actor,movie,role) values (1196,4,'Himself/Thomas Andrews');
insert into AppearsIn(actor,movie,role) values (1196,7,'Frederick Spedden');
insert into Actors(id,familyname,givenNames,gender) values (1197,'Lynch','John Carroll','m');
insert into AppearsIn(actor,movie,role) values (1197,59,'Norm Gunderson');
insert into Actors(id,familyname,givenNames,gender) values (1198,'Lynch','Tom','m');
insert into AppearsIn(actor,movie,role) values (1198,26,'Slave Trader');
insert into Actors(id,familyname,givenNames,gender) values (1199,'Lynne-O''Brien','Vincent','m');
insert into AppearsIn(actor,movie,role) values (1199,26,'Plantation Owner');
insert into Actors(id,familyname,givenNames,gender) values (1200,'Lyons','Derek','m');
insert into AppearsIn(actor,movie,role) values (1200,35,'German Soldier');
insert into Actors(id,familyname,givenNames,gender) values (1201,'Leger','Roger','m');
insert into AppearsIn(actor,movie,role) values (1201,28,'Prison Guard');
insert into Actors(id,familyname,givenNames,gender) values (1202,'Ma','Tzi','m');
insert into AppearsIn(actor,movie,role) values (1202,62,'The General');
insert into Actors(id,familyname,givenNames,gender) values (1203,'Macintosh','Laird','m');
insert into AppearsIn(actor,movie,role) values (1203,42,'Soldier on the Beach');
insert into Actors(id,familyname,givenNames,gender) values (1204,'MacLachlan','Kyle','m');
insert into AppearsIn(actor,movie,role) values (1204,45,'Jeffrey Beaumont');
insert into AppearsIn(actor,movie,role) values (1204,46,'Paul Usul Muad''Dib Atreides');
insert into AppearsIn(actor,movie,role) values (1204,53,'Special Agent Dale Cooper');
insert into Actors(id,familyname,givenNames,gender) values (1205,'Macnamara','Pete','m');
insert into AppearsIn(actor,movie,role) values (1205,28,'FBI Agent');
insert into Actors(id,familyname,givenNames,gender) values (1206,'MacNaughton','Robert','m');
insert into AppearsIn(actor,movie,role) values (1206,31,'Michael');
insert into Actors(id,familyname,givenNames,gender) values (1207,'Macomber','Paul','m');
insert into AppearsIn(actor,movie,role) values (1207,26,'Confederate Soldier');
insert into Actors(id,familyname,givenNames,gender) values (1208,'Macon','Brian','m');
insert into AppearsIn(actor,movie,role) values (1208,26,'Yauai');
insert into Actors(id,familyname,givenNames,gender) values (1209,'Macy','William H.','m');
insert into AppearsIn(actor,movie,role) values (1209,59,'Jerome ''Jerry'' Lundegaard');
insert into AppearsIn(actor,movie,role) values (1209,49,'Announcer');
insert into Actors(id,familyname,givenNames,gender) values (1210,'Maddigan','Michael','m');
insert into AppearsIn(actor,movie,role) values (1210,34,'Greaser');
insert into Actors(id,familyname,givenNames,gender) values (1211,'Madio','James','m');
insert into AppearsIn(actor,movie,role) values (1211,33,'Don''t Ask');
insert into Actors(id,familyname,givenNames,gender) values (1212,'Magaloni','Honorato','m');
insert into AppearsIn(actor,movie,role) values (1212,46,'Otheym');
insert into Actors(id,familyname,givenNames,gender) values (1213,'Magnusson','Leif','m');
insert into AppearsIn(actor,movie,role) values (1213,13,'Epidemic (1987)  &lt;16&gt;');
insert into AppearsIn(actor,movie,role) values (1213,14,'Doctor Magnus');
insert into Actors(id,familyname,givenNames,gender) values (1214,'Mahler','Bruce','m');
insert into AppearsIn(actor,movie,role) values (1214,33,'Pirate');
insert into Actors(id,familyname,givenNames,gender) values (1215,'Mahoney','John','m');
insert into AppearsIn(actor,movie,role) values (1215,55,'W.P. Mayhew');
insert into AppearsIn(actor,movie,role) values (1215,60,'Chief');
insert into Actors(id,familyname,givenNames,gender) values (1216,'Maier','William','m');
insert into AppearsIn(actor,movie,role) values (1216,49,'Karolina''s Friend');
insert into Actors(id,familyname,givenNames,gender) values (1217,'Majchrzak','Krzysztof','m');
insert into AppearsIn(actor,movie,role) values (1217,49,'Phantom');
insert into Actors(id,familyname,givenNames,gender) values (1218,'Makan','Moti','m');
insert into AppearsIn(actor,movie,role) values (1218,36,'Guard');
insert into Actors(id,familyname,givenNames,gender) values (1219,'Maldonado','Chuck','m');
insert into AppearsIn(actor,movie,role) values (1219,34,'Cemetery Warrior');
insert into Actors(id,familyname,givenNames,gender) values (1220,'Malet','Arthur','m');
insert into AppearsIn(actor,movie,role) values (1220,33,'Tootles');
insert into Actors(id,familyname,givenNames,gender) values (1221,'Malick','Sunny','m');
insert into AppearsIn(actor,movie,role) values (1221,40,'Pre-Crime Employee');
insert into Actors(id,familyname,givenNames,gender) values (1222,'Malik','Art','m');
insert into AppearsIn(actor,movie,role) values (1222,8,'Salim Abu Aziz');
insert into Actors(id,familyname,givenNames,gender) values (1223,'Malikyan','Kevork','m');
insert into AppearsIn(actor,movie,role) values (1223,35,'Kazim');
insert into Actors(id,familyname,givenNames,gender) values (1224,'Malkovich','John','m');
insert into AppearsIn(actor,movie,role) values (1224,58,'Osbourne Cox');
insert into AppearsIn(actor,movie,role) values (1224,32,'Basie');
insert into Actors(id,familyname,givenNames,gender) values (1225,'Malloy','Matt','m');
insert into AppearsIn(actor,movie,role) values (1225,27,'Robot Repairman');
insert into Actors(id,familyname,givenNames,gender) values (1226,'Malone','Mike','m');
insert into AppearsIn(actor,movie,role) values (1226,53,'FBI Agent');
insert into Actors(id,familyname,givenNames,gender) values (1227,'Malpas','George','m');
insert into AppearsIn(actor,movie,role) values (1227,35,'Man on Zeppelin');
insert into Actors(id,familyname,givenNames,gender) values (1228,'Mancha','John','m');
insert into AppearsIn(actor,movie,role) values (1228,63,'Norteno Band');
insert into Actors(id,familyname,givenNames,gender) values (1229,'Manesh','Marshall','m');
insert into AppearsIn(actor,movie,role) values (1229,56,'Doctor');
insert into AppearsIn(actor,movie,role) values (1229,8,'Jamal Khaled');
insert into Actors(id,familyname,givenNames,gender) values (1230,'Manning','Hugh','m');
insert into AppearsIn(actor,movie,role) values (1230,47,'Broadneck');
insert into Actors(id,familyname,givenNames,gender) values (1231,'Mansaray','Peter','m');
insert into AppearsIn(actor,movie,role) values (1231,26,'Kapr');
insert into Actors(id,familyname,givenNames,gender) values (1232,'Manske','Wilhelm','m');
insert into AppearsIn(actor,movie,role) values (1232,43,'SS NCO, Ghetto');
insert into Actors(id,familyname,givenNames,gender) values (1233,'Manson','Marilyn','m');
insert into AppearsIn(actor,movie,role) values (1233,50,'Porno Star #1');
insert into Actors(id,familyname,givenNames,gender) values (1234,'Mantas','Michael','m');
insert into AppearsIn(actor,movie,role) values (1234,42,'Paratrooper Lieutenant');
insert into Actors(id,familyname,givenNames,gender) values (1235,'Mantell','Michael','m');
insert into AppearsIn(actor,movie,role) values (1235,27,'Dr. Frazier at Cryogenic Institute');
insert into Actors(id,familyname,givenNames,gender) values (1236,'Manzyuk','Venya','m');
insert into AppearsIn(actor,movie,role) values (1236,34,'Russian Soldier #4');
insert into Actors(id,familyname,givenNames,gender) values (1237,'Mapother','William','m');
insert into AppearsIn(actor,movie,role) values (1237,40,'Hotel Clerk');
insert into Actors(id,familyname,givenNames,gender) values (1238,'Mapson','Darrell','m');
insert into AppearsIn(actor,movie,role) values (1238,6,'Bar patron at pay phone with Sarah');
insert into Actors(id,familyname,givenNames,gender) values (1239,'Marayati','Kamal','m');
insert into AppearsIn(actor,movie,role) values (1239,44,'Arab Man');
insert into Actors(id,familyname,givenNames,gender) values (1240,'Marcks','Greg','m');
insert into AppearsIn(actor,movie,role) values (1240,49,'TV Cameraman');
insert into Actors(id,familyname,givenNames,gender) values (1241,'Marco','Senor','m');
insert into AppearsIn(actor,movie,role) values (1241,57,'Mr. Garcia');
insert into Actors(id,familyname,givenNames,gender) values (1242,'Marcu','Danny','m');
insert into AppearsIn(actor,movie,role) values (1242,43,'Ghetto Man');
insert into Actors(id,familyname,givenNames,gender) values (1243,'Marcus','Joseph','m');
insert into AppearsIn(actor,movie,role) values (1243,60,'Sears Braithwaite of Bullard');
insert into Actors(id,familyname,givenNames,gender) values (1244,'Mardini','Louai','m');
insert into AppearsIn(actor,movie,role) values (1244,8,'Bread Van Terrorist #1');
insert into Actors(id,familyname,givenNames,gender) values (1245,'Marias','Mark','m');
insert into AppearsIn(actor,movie,role) values (1245,25,'Dept. Store Kid');
insert into Actors(id,familyname,givenNames,gender) values (1246,'Markert','Philip','m');
insert into AppearsIn(actor,movie,role) values (1246,45,'Dr. Gynde');
insert into Actors(id,familyname,givenNames,gender) values (1247,'Marrinan','Sean','m');
insert into AppearsIn(actor,movie,role) values (1247,34,'Hellman''s Bakery delivery man');
insert into Actors(id,familyname,givenNames,gender) values (1248,'Marschall','Ken','m');
insert into AppearsIn(actor,movie,role) values (1248,4,'Himself/J. Bruce Ismay');
insert into Actors(id,familyname,givenNames,gender) values (1249,'Marsh','William','m');
insert into AppearsIn(actor,movie,role) values (1249,42,'Lyle');
insert into Actors(id,familyname,givenNames,gender) values (1250,'Marshal','Gary','m');
insert into AppearsIn(actor,movie,role) values (1250,61,'Las Vegas Waiter');
insert into Actors(id,familyname,givenNames,gender) values (1251,'Marshall','Frank','m');
insert into AppearsIn(actor,movie,role) values (1251,36,'Tourist at Airport');
insert into AppearsIn(actor,movie,role) values (1251,41,'Pilot');
insert into Actors(id,familyname,givenNames,gender) values (1252,'Marshall','James','m');
insert into AppearsIn(actor,movie,role) values (1252,53,'James Hurley');
insert into Actors(id,familyname,givenNames,gender) values (1253,'Martel','K.C.','m');
insert into AppearsIn(actor,movie,role) values (1253,31,'Greg');
insert into Actors(id,familyname,givenNames,gender) values (1254,'Martin','Bayo','m');
insert into AppearsIn(actor,movie,role) values (1254,30,'African Musician');
insert into Actors(id,familyname,givenNames,gender) values (1255,'Martin','Johnny','m');
insert into AppearsIn(actor,movie,role) values (1255,7,'Rescue Boat Crewman');
insert into Actors(id,familyname,givenNames,gender) values (1256,'Martin','Paul Isaac','m');
insert into AppearsIn(actor,movie,role) values (1256,27,'Crash Test Dummy');
insert into Actors(id,familyname,givenNames,gender) values (1257,'Martini','Max','m');
insert into AppearsIn(actor,movie,role) values (1257,42,'Cpl. Henderson');
insert into Actors(id,familyname,givenNames,gender) values (1258,'Martinus','John','m');
insert into AppearsIn(actor,movie,role) values (1258,11,'Chairman');
insert into Actors(id,familyname,givenNames,gender) values (1259,'Mason','Laurence','m');
insert into AppearsIn(actor,movie,role) values (1259,27,'Tech Director');
insert into Actors(id,familyname,givenNames,gender) values (1260,'Massaquoi','Sylvestre','m');
insert into AppearsIn(actor,movie,role) values (1260,26,'Santigiie');
insert into Actors(id,familyname,givenNames,gender) values (1261,'Massee','Michael','m');
insert into AppearsIn(actor,movie,role) values (1261,26,'Prison Guard');
insert into AppearsIn(actor,movie,role) values (1261,50,'Andy');
insert into Actors(id,familyname,givenNames,gender) values (1262,'Massie','David','m');
insert into AppearsIn(actor,movie,role) values (1262,60,'Newsreel Reporter');
insert into Actors(id,familyname,givenNames,gender) values (1263,'Massof','Bill','m');
insert into AppearsIn(actor,movie,role) values (1263,58,'Drunken Singer');
insert into Actors(id,familyname,givenNames,gender) values (1264,'Mathers','James','m');
insert into AppearsIn(actor,movie,role) values (1264,46,'Fremen Boy');
insert into Actors(id,familyname,givenNames,gender) values (1265,'Matheson','Tim','m');
insert into AppearsIn(actor,movie,role) values (1265,25,'Capt. Loomis Birkhead');
insert into Actors(id,familyname,givenNames,gender) values (1266,'Matthews','Al','m');
insert into AppearsIn(actor,movie,role) values (1266,2,'Sgt. Apone');
insert into Actors(id,familyname,givenNames,gender) values (1267,'Matthiessen','Artus Maria','m');
insert into AppearsIn(actor,movie,role) values (1267,43,'Treblinka Commandant');
insert into Actors(id,familyname,givenNames,gender) values (1268,'Matula','Vili','m');
insert into AppearsIn(actor,movie,role) values (1268,43,'Investigator');
insert into Actors(id,familyname,givenNames,gender) values (1269,'Maxwell','Paul','m');
insert into AppearsIn(actor,movie,role) values (1269,2,'Van Leuwen');
insert into AppearsIn(actor,movie,role) values (1269,35,'Panama Hat');
insert into Actors(id,familyname,givenNames,gender) values (1270,'Maxwell','Robert J.','m');
insert into AppearsIn(actor,movie,role) values (1270,45,'Slow Club Customer');
insert into Actors(id,familyname,givenNames,gender) values (1271,'Mayanja','Isaac','m');
insert into AppearsIn(actor,movie,role) values (1271,26,'Sanpha');
insert into Actors(id,familyname,givenNames,gender) values (1272,'Maynard','Brian','m');
insert into AppearsIn(actor,movie,role) values (1272,42,'Soldier on the Beach');
insert into Actors(id,familyname,givenNames,gender) values (1273,'Mazin','Stan','m');
insert into AppearsIn(actor,movie,role) values (1273,7,'Dancer');
insert into Actors(id,familyname,givenNames,gender) values (1274,'Mazzello','Joseph','m');
insert into AppearsIn(actor,movie,role) values (1274,38,'Tim Murphy');
insert into AppearsIn(actor,movie,role) values (1274,39,'Tim Murphy');
insert into Actors(id,familyname,givenNames,gender) values (1275,'McAdams Jr.','Bill','m');
insert into AppearsIn(actor,movie,role) values (1275,50,'Bartender');
insert into Actors(id,familyname,givenNames,gender) values (1276,'McAdams','Bob','m');
insert into AppearsIn(actor,movie,role) values (1276,57,'Strip-Bar Exhorter');
insert into Actors(id,familyname,givenNames,gender) values (1277,'McBride','Chi','m');
insert into AppearsIn(actor,movie,role) values (1277,44,'Mulroy');
insert into Actors(id,familyname,givenNames,gender) values (1278,'McClelland','Charles','m');
insert into AppearsIn(actor,movie,role) values (1278,28,'TWA Commuter');
insert into Actors(id,familyname,givenNames,gender) values (1279,'McCloud','Ric','m');
insert into AppearsIn(actor,movie,role) values (1279,28,'Airline Passenger');
insert into Actors(id,familyname,givenNames,gender) values (1280,'McConaughey','Matthew','m');
insert into AppearsIn(actor,movie,role) values (1280,26,'Baldwin');
insert into Actors(id,familyname,givenNames,gender) values (1281,'McConnell','John','m');
insert into AppearsIn(actor,movie,role) values (1281,62,'Deputy Sheriff');
insert into AppearsIn(actor,movie,role) values (1281,64,'Woolworths Manager');
insert into Actors(id,familyname,givenNames,gender) values (1282,'McCool','Noli','m');
insert into AppearsIn(actor,movie,role) values (1282,3,'Diui');
insert into Actors(id,familyname,givenNames,gender) values (1283,'McCormack','J. Patrick','m');
insert into AppearsIn(actor,movie,role) values (1283,28,'Auctioneer');
insert into AppearsIn(actor,movie,role) values (1283,39,'Board Member');
insert into Actors(id,familyname,givenNames,gender) values (1284,'McDonald','Tom','m');
insert into AppearsIn(actor,movie,role) values (1284,5,'Cop');
insert into Actors(id,familyname,givenNames,gender) values (1285,'McDonough','Neal','m');
insert into AppearsIn(actor,movie,role) values (1285,40,'Fletcher');
insert into Actors(id,familyname,givenNames,gender) values (1286,'McDougall','Martin','m');
insert into AppearsIn(actor,movie,role) values (1286,42,'Soldier on the Beach');
insert into Actors(id,familyname,givenNames,gender) values (1287,'McEwin','Dillon','m');
insert into AppearsIn(actor,movie,role) values (1287,27,'Kid');
insert into Actors(id,familyname,givenNames,gender) values (1288,'McGann','Paul','m');
insert into AppearsIn(actor,movie,role) values (1288,32,'Lt. Price');
insert into Actors(id,familyname,givenNames,gender) values (1289,'McGill','Everett','m');
insert into AppearsIn(actor,movie,role) values (1289,46,'Stilgar');
insert into AppearsIn(actor,movie,role) values (1289,53,'Big Ed Hurley');
insert into Actors(id,familyname,givenNames,gender) values (1290,'McGuirk','Sean','m');
insert into AppearsIn(actor,movie,role) values (1290,26,'Courier');
insert into Actors(id,familyname,givenNames,gender) values (1291,'McKean','Michael','m');
insert into AppearsIn(actor,movie,role) values (1291,25,'Willy');
insert into Actors(id,familyname,givenNames,gender) values (1292,'McKee','John','m');
insert into AppearsIn(actor,movie,role) values (1292,25,'Reporter');
insert into Actors(id,familyname,givenNames,gender) values (1293,'McKinnon','Ray','m');
insert into AppearsIn(actor,movie,role) values (1293,64,'Vernon T. Waldrip');
insert into Actors(id,familyname,givenNames,gender) values (1294,'McLaughlin','Craig','m');
insert into AppearsIn(actor,movie,role) values (1294,65,'Arizona Quint');
insert into Actors(id,familyname,givenNames,gender) values (1295,'McLeod','Don','m');
insert into AppearsIn(actor,movie,role) values (1295,33,'Shadow');
insert into Actors(id,familyname,givenNames,gender) values (1296,'McMillan','Kenneth','m');
insert into AppearsIn(actor,movie,role) values (1296,46,'Baron Vladimir Harkonnen');
insert into Actors(id,familyname,givenNames,gender) values (1297,'McMillan','Ronnie','m');
insert into AppearsIn(actor,movie,role) values (1297,25,'Winowski');
insert into Actors(id,familyname,givenNames,gender) values (1298,'McMullen','Dennis','m');
insert into AppearsIn(actor,movie,role) values (1298,29,'Radio Telescope Team');
insert into Actors(id,familyname,givenNames,gender) values (1299,'McMurray','Sam','m');
insert into AppearsIn(actor,movie,role) values (1299,65,'Glen');
insert into Actors(id,familyname,givenNames,gender) values (1300,'McNally','Dan','m');
insert into AppearsIn(actor,movie,role) values (1300,25,'Reporter');
insert into Actors(id,familyname,givenNames,gender) values (1301,'McNally','Jason','m');
insert into AppearsIn(actor,movie,role) values (1301,28,'Choir');
insert into Actors(id,familyname,givenNames,gender) values (1302,'McNamara','J. Patrick','m');
insert into AppearsIn(actor,movie,role) values (1302,25,'Pvt. DuBois');
insert into AppearsIn(actor,movie,role) values (1302,29,'Project Leader');
insert into Actors(id,familyname,givenNames,gender) values (1303,'McNatt','Adam','m');
insert into AppearsIn(actor,movie,role) values (1303,33,'Lost Boy');
insert into Actors(id,familyname,givenNames,gender) values (1304,'McNeil','Dr. William K.','m');
insert into AppearsIn(actor,movie,role) values (1304,49,'Drummer');
insert into Actors(id,familyname,givenNames,gender) values (1305,'McPherson','Peter','m');
insert into AppearsIn(actor,movie,role) values (1305,60,'Board Member');
insert into Actors(id,familyname,givenNames,gender) values (1306,'McQuade','Seamus','m');
insert into AppearsIn(actor,movie,role) values (1306,42,'Field HQ Aide');
insert into Actors(id,familyname,givenNames,gender) values (1307,'McQuary','Chuck','m');
insert into AppearsIn(actor,movie,role) values (1307,53,'Medic');
insert into Actors(id,familyname,givenNames,gender) values (1308,'McRae','Frank','m');
insert into AppearsIn(actor,movie,role) values (1308,25,'Pvt. Ogden Johnson Jones');
insert into Actors(id,familyname,givenNames,gender) values (1309,'Mead','Richard','m');
insert into AppearsIn(actor,movie,role) values (1309,51,'Hairy-Armed Man');
insert into Actors(id,familyname,givenNames,gender) values (1310,'Meaney','Nick','m');
insert into AppearsIn(actor,movie,role) values (1310,7,'Steward #2');
insert into Actors(id,familyname,givenNames,gender) values (1311,'Means','Brennen','m');
insert into AppearsIn(actor,movie,role) values (1311,40,'Sean at Two');
insert into Actors(id,familyname,givenNames,gender) values (1312,'Meeks','Andrew','m');
insert into AppearsIn(actor,movie,role) values (1312,28,'Young Patient');
insert into Actors(id,familyname,givenNames,gender) values (1313,'Meizler','Steven','m');
insert into AppearsIn(actor,movie,role) values (1313,28,'Piano Player');
insert into Actors(id,familyname,givenNames,gender) values (1314,'Mello','Jay','m');
insert into AppearsIn(actor,movie,role) values (1314,37,'Sean Brody');
insert into Actors(id,familyname,givenNames,gender) values (1315,'Mendel','Stephen','m');
insert into AppearsIn(actor,movie,role) values (1315,44,'First Class Steward');
insert into Actors(id,familyname,givenNames,gender) values (1316,'Mensah','Peter','m');
insert into AppearsIn(actor,movie,role) values (1316,3,'Akwey');
insert into Actors(id,familyname,givenNames,gender) values (1317,'Menendez','Ramon','m');
insert into AppearsIn(actor,movie,role) values (1317,46,'Kinet');
insert into Actors(id,familyname,givenNames,gender) values (1318,'Mesnik','William','m');
insert into AppearsIn(actor,movie,role) values (1318,40,'Cyber Parlor Customer');
insert into Actors(id,familyname,givenNames,gender) values (1319,'Meyer','Harvey','m');
insert into AppearsIn(actor,movie,role) values (1319,60,'Newsroom Reporter');
insert into Actors(id,familyname,givenNames,gender) values (1320,'Meyer','Josh','m');
insert into AppearsIn(actor,movie,role) values (1320,63,'Border Bridge Youth #3');
insert into Actors(id,familyname,givenNames,gender) values (1321,'Michael','Jeff','m');
insert into AppearsIn(actor,movie,role) values (1321,44,'Anchor');
insert into Actors(id,familyname,givenNames,gender) values (1322,'Michael','John','m');
insert into AppearsIn(actor,movie,role) values (1322,33,'Doctor');
insert into Actors(id,familyname,givenNames,gender) values (1323,'Michael','Ralph','m');
insert into AppearsIn(actor,movie,role) values (1323,32,'Mr. Partridge');
insert into Actors(id,familyname,givenNames,gender) values (1324,'Michaels','Gordon','m');
insert into AppearsIn(actor,movie,role) values (1324,39,'InGen Worker');
insert into Actors(id,familyname,givenNames,gender) values (1325,'Mifune','Toshiro','m');
insert into AppearsIn(actor,movie,role) values (1325,25,'Cmdr. Akiro Mitamura');
insert into Actors(id,familyname,givenNames,gender) values (1326,'Miles','Marc','m');
insert into AppearsIn(actor,movie,role) values (1326,35,'Sheriff');
insert into AppearsIn(actor,movie,role) values (1326,63,'Hotel Eagle Clerk');
insert into Actors(id,familyname,givenNames,gender) values (1327,'Miles','Peter','m');
insert into AppearsIn(actor,movie,role) values (1327,42,'Ramelle Paratrooper');
insert into Actors(id,familyname,givenNames,gender) values (1328,'Miles','Vincent Dee','m');
insert into AppearsIn(actor,movie,role) values (1328,39,'Screaming Hunter');
insert into Actors(id,familyname,givenNames,gender) values (1329,'Miles','Will','m');
insert into AppearsIn(actor,movie,role) values (1329,35,'Scout #1');
insert into Actors(id,familyname,givenNames,gender) values (1330,'Milhoan','Michael','m');
insert into AppearsIn(actor,movie,role) values (1330,39,'Obnoxious Tourist');
insert into Actors(id,familyname,givenNames,gender) values (1331,'Milian','Tomas','m');
insert into AppearsIn(actor,movie,role) values (1331,26,'Calderon');
insert into Actors(id,familyname,givenNames,gender) values (1332,'Millard','Jody','m');
insert into AppearsIn(actor,movie,role) values (1332,8,'Hotel Clerk');
insert into Actors(id,familyname,givenNames,gender) values (1333,'Miller','Dick','m');
insert into AppearsIn(actor,movie,role) values (1333,25,'Officer Miller');
insert into AppearsIn(actor,movie,role) values (1333,6,'Pawnshop Clerk');
insert into Actors(id,familyname,givenNames,gender) values (1334,'Miller','Mark Jeffrey','m');
insert into AppearsIn(actor,movie,role) values (1334,60,'Newsreel Reporter');
insert into Actors(id,familyname,givenNames,gender) values (1335,'Miller','Nick','m');
insert into AppearsIn(actor,movie,role) values (1335,3,'Airfield Trooper');
insert into Actors(id,familyname,givenNames,gender) values (1336,'Miller','Steven A.','m');
insert into AppearsIn(actor,movie,role) values (1336,34,'College Student');
insert into Actors(id,familyname,givenNames,gender) values (1337,'Miller','Tim','m');
insert into AppearsIn(actor,movie,role) values (1337,58,'Drunken Princetonian');
insert into Actors(id,familyname,givenNames,gender) values (1338,'Miranda','Alex','m');
insert into AppearsIn(actor,movie,role) values (1338,39,'Barge Captain''s Son');
insert into Actors(id,familyname,givenNames,gender) values (1339,'Mirelez','Tony','m');
insert into AppearsIn(actor,movie,role) values (1339,6,'Gas Station Attendant');
insert into Actors(id,familyname,givenNames,gender) values (1340,'Misak','Albert','m');
insert into AppearsIn(actor,movie,role) values (1340,43,'Mordecai Wulkan');
insert into Actors(id,familyname,givenNames,gender) values (1341,'Mishler','Tom','m');
insert into AppearsIn(actor,movie,role) values (1341,38,'Helicopter Pilot');
insert into Actors(id,familyname,givenNames,gender) values (1342,'Mitamura','Dr. Akio','m');
insert into AppearsIn(actor,movie,role) values (1342,25,'Ashimoto');
insert into AppearsIn(actor,movie,role) values (1342,36,'Chinese Pilot');
insert into Actors(id,familyname,givenNames,gender) values (1343,'Mitchell','Billy J.','m');
insert into AppearsIn(actor,movie,role) values (1343,35,'Dr. Mulbray');
insert into Actors(id,familyname,givenNames,gender) values (1344,'Mitchell','Mellan','m');
insert into AppearsIn(actor,movie,role) values (1344,36,'Temple Guard');
insert into Actors(id,familyname,givenNames,gender) values (1345,'Mobley','Clarence','m');
insert into AppearsIn(actor,movie,role) values (1345,26,'Kenei');
insert into Actors(id,familyname,givenNames,gender) values (1346,'Molen','Gerald R.','m');
insert into AppearsIn(actor,movie,role) values (1346,26,'Magistrate');
insert into AppearsIn(actor,movie,role) values (1346,28,'FBI Agent');
insert into AppearsIn(actor,movie,role) values (1346,38,'Gerry Harding');
insert into Actors(id,familyname,givenNames,gender) values (1347,'Molina','Alfred','m');
insert into AppearsIn(actor,movie,role) values (1347,41,'Satipo');
insert into Actors(id,familyname,givenNames,gender) values (1348,'Mombelly','Lester','m');
insert into AppearsIn(actor,movie,role) values (1348,26,'Amistad African Extra');
insert into Actors(id,familyname,givenNames,gender) values (1349,'Mond','Steven','m');
insert into AppearsIn(actor,movie,role) values (1349,25,'Gus Douglas');
insert into Actors(id,familyname,givenNames,gender) values (1350,'Mondon','Desere','m');
insert into AppearsIn(actor,movie,role) values (1350,26,'Amistad African Extra');
insert into Actors(id,familyname,givenNames,gender) values (1351,'Monez','John','m');
insert into AppearsIn(actor,movie,role) values (1351,48,'Bum');
insert into Actors(id,familyname,givenNames,gender) values (1352,'Montgomery','Monty','m');
insert into AppearsIn(actor,movie,role) values (1352,51,'Cowboy');
insert into Actors(id,familyname,givenNames,gender) values (1353,'Montgomery','Ritchie','m');
insert into AppearsIn(actor,movie,role) values (1353,28,'Young Doctor');
insert into Actors(id,familyname,givenNames,gender) values (1354,'Moody','James','m');
insert into AppearsIn(actor,movie,role) values (1354,4,'Himself');
insert into Actors(id,familyname,givenNames,gender) values (1355,'Moon','Philip','m');
insert into AppearsIn(actor,movie,role) values (1355,56,'Woo, Treehorn Thug');
insert into Actors(id,familyname,givenNames,gender) values (1356,'Mooney','T. Ryan','m');
insert into AppearsIn(actor,movie,role) values (1356,34,'Teenage Boy');
insert into Actors(id,familyname,givenNames,gender) values (1357,'Moore','Donald','m');
insert into AppearsIn(actor,movie,role) values (1357,45,'Desk Sergeant');
insert into Actors(id,familyname,givenNames,gender) values (1358,'Moore','Joel','m');
insert into AppearsIn(actor,movie,role) values (1358,3,'Norm Spellman');
insert into Actors(id,familyname,givenNames,gender) values (1359,'Moore','John','m');
insert into AppearsIn(actor,movie,role) values (1359,32,'Mr. Pym');
insert into Actors(id,familyname,givenNames,gender) values (1360,'Moore','Maurice','m');
insert into AppearsIn(actor,movie,role) values (1360,30,'Child #1');
insert into Actors(id,familyname,givenNames,gender) values (1361,'Moore','Trent','m');
insert into AppearsIn(actor,movie,role) values (1361,63,'Nervous Accountant');
insert into Actors(id,familyname,givenNames,gender) values (1362,'Moran','Sean Anthony','m');
insert into AppearsIn(actor,movie,role) values (1362,3,'Fike');
insert into Actors(id,familyname,givenNames,gender) values (1363,'Moreka','Joram','m');
insert into AppearsIn(actor,movie,role) values (1363,44,'Swahili interpreter');
insert into Actors(id,familyname,givenNames,gender) values (1364,'Moreno','Ismael','m');
insert into AppearsIn(actor,movie,role) values (1364,44,'Harry and David Gourmet Foods Employee #1');
insert into Actors(id,familyname,givenNames,gender) values (1365,'Morgado','Florenzio','m');
insert into AppearsIn(actor,movie,role) values (1365,47,'Tree');
insert into Actors(id,familyname,givenNames,gender) values (1366,'Morris','Leslie','m');
insert into AppearsIn(actor,movie,role) values (1366,6,'Customer');
insert into Actors(id,familyname,givenNames,gender) values (1367,'Morris','Thomas','m');
insert into AppearsIn(actor,movie,role) values (1367,43,'Grun');
insert into Actors(id,familyname,givenNames,gender) values (1368,'Morris','Tom','m');
insert into AppearsIn(actor,movie,role) values (1368,51,'Espresso Man');
insert into Actors(id,familyname,givenNames,gender) values (1369,'Morrisey','Bob','m');
insert into AppearsIn(actor,movie,role) values (1369,44,'Government Inspector');
insert into Actors(id,familyname,givenNames,gender) values (1370,'Morrison','James','m');
insert into AppearsIn(actor,movie,role) values (1370,28,'Pilot');
insert into Actors(id,familyname,givenNames,gender) values (1371,'Morrow','Andy','m');
insert into AppearsIn(actor,movie,role) values (1371,27,'Kid');
insert into Actors(id,familyname,givenNames,gender) values (1372,'Morse','David','m');
insert into AppearsIn(actor,movie,role) values (1372,11,'Bill Houston');
insert into Actors(id,familyname,givenNames,gender) values (1373,'Morton','Joe','m');
insert into AppearsIn(actor,movie,role) values (1373,5,'Miles Dyson');
insert into Actors(id,familyname,givenNames,gender) values (1374,'Morts','Billy','m');
insert into AppearsIn(actor,movie,role) values (1374,40,'Foley - Agent #4');
insert into Actors(id,familyname,givenNames,gender) values (1375,'Moses','James','m');
insert into AppearsIn(actor,movie,role) values (1375,26,'Amistad African Extra');
insert into Actors(id,familyname,givenNames,gender) values (1376,'Moskow','Kenneth','m');
insert into AppearsIn(actor,movie,role) values (1376,39,'Tourist #4');
insert into Actors(id,familyname,givenNames,gender) values (1377,'Moss','Jamie','m');
insert into AppearsIn(actor,movie,role) values (1377,28,'Young Man');
insert into Actors(id,familyname,givenNames,gender) values (1378,'Mukai','Marcus K.','m');
insert into AppearsIn(actor,movie,role) values (1378,1,'Anchorman #2');
insert into Actors(id,familyname,givenNames,gender) values (1379,'Mukherji','Kevin','m');
insert into AppearsIn(actor,movie,role) values (1379,44,'Soundworks Dave');
insert into Actors(id,familyname,givenNames,gender) values (1380,'Mulroney','Dermot','m');
insert into AppearsIn(actor,movie,role) values (1380,58,'Star of &quot;Coming Up Daisy&quot;');
insert into Actors(id,familyname,givenNames,gender) values (1381,'Munroe','Jan','m');
insert into AppearsIn(actor,movie,role) values (1381,28,'Captain Oliver');
insert into Actors(id,familyname,givenNames,gender) values (1382,'Munson','Mark','m');
insert into AppearsIn(actor,movie,role) values (1382,64,'KKK Member');
insert into Actors(id,familyname,givenNames,gender) values (1383,'Munzhi','Pete','m');
insert into AppearsIn(actor,movie,role) values (1383,30,'African Musician');
insert into Actors(id,familyname,givenNames,gender) values (1384,'Muren','Dennis','m');
insert into AppearsIn(actor,movie,role) values (1384,41,'Nazi Spy on the Airplane');
insert into Actors(id,familyname,givenNames,gender) values (1385,'Murney','Christopher','m');
insert into AppearsIn(actor,movie,role) values (1385,55,'Detective Deutsch');
insert into Actors(id,familyname,givenNames,gender) values (1386,'Murphy','Christopher','m');
insert into AppearsIn(actor,movie,role) values (1386,1,'Schoenick, SEAL Team Member');
insert into Actors(id,familyname,givenNames,gender) values (1387,'Murphy','Patrick','m');
insert into AppearsIn(actor,movie,role) values (1387,7,'Steerage Band Member');
insert into Actors(id,familyname,givenNames,gender) values (1388,'Murphy','Robert','m');
insert into AppearsIn(actor,movie,role) values (1388,31,'Medic');
insert into Actors(id,familyname,givenNames,gender) values (1389,'Murphy','Taylor','m');
insert into AppearsIn(actor,movie,role) values (1389,42,'Sergeant Blaine');
insert into Actors(id,familyname,givenNames,gender) values (1390,'Murray','David','m');
insert into AppearsIn(actor,movie,role) values (1390,35,'Scout #2');
insert into Actors(id,familyname,givenNames,gender) values (1391,'Muscat','Mike','m');
insert into AppearsIn(actor,movie,role) values (1391,5,'Moshier');
insert into Actors(id,familyname,givenNames,gender) values (1392,'Munoz','Luis','m');
insert into AppearsIn(actor,movie,role) values (1392,26,'Spanish Slave Guard');
insert into Actors(id,familyname,givenNames,gender) values (1393,'Mwakutuya','Paul','m');
insert into AppearsIn(actor,movie,role) values (1393,26,'Sessi');
insert into Actors(id,familyname,givenNames,gender) values (1394,'Mork','Erik','m');
insert into AppearsIn(actor,movie,role) values (1394,14,'Pater');
insert into Actors(id,familyname,givenNames,gender) values (1395,'Muller','Erno','m');
insert into AppearsIn(actor,movie,role) values (1395,14,'Seifert');
insert into Actors(id,familyname,givenNames,gender) values (1396,'Nabors','Troy','m');
insert into AppearsIn(actor,movie,role) values (1396,65,'Parole Board Member');
insert into Actors(id,familyname,givenNames,gender) values (1397,'Nam','Il-woo','m');
insert into AppearsIn(actor,movie,role) values (1397,17,'Detective Choi');
insert into Actors(id,familyname,givenNames,gender) values (1398,'Nanayakkara','D.R.','m');
insert into AppearsIn(actor,movie,role) values (1398,36,'Shaman');
insert into Actors(id,familyname,givenNames,gender) values (1399,'Nance','Jack','m');
insert into AppearsIn(actor,movie,role) values (1399,45,'Paul');
insert into AppearsIn(actor,movie,role) values (1399,46,'Capt. Iakin Nefud');
insert into AppearsIn(actor,movie,role) values (1399,48,'Henry Spencer');
insert into AppearsIn(actor,movie,role) values (1399,50,'Phil');
insert into AppearsIn(actor,movie,role) values (1399,53,'Pete Martell');
insert into AppearsIn(actor,movie,role) values (1399,54,'00 Spool');
insert into Actors(id,familyname,givenNames,gender) values (1400,'Napier','Markus','m');
insert into AppearsIn(actor,movie,role) values (1400,42,'Maj. Hoess');
insert into Actors(id,familyname,givenNames,gender) values (1401,'Neeson','Liam','m');
insert into AppearsIn(actor,movie,role) values (1401,43,'Oskar Schindler');
insert into Actors(id,familyname,givenNames,gender) values (1402,'Nehring','Harry','m');
insert into AppearsIn(actor,movie,role) values (1402,43,'Leo John');
insert into Actors(id,familyname,givenNames,gender) values (1403,'Neidorf','David','m');
insert into AppearsIn(actor,movie,role) values (1403,32,'Tiptree');
insert into Actors(id,familyname,givenNames,gender) values (1404,'Neill','Sam','m');
insert into AppearsIn(actor,movie,role) values (1404,38,'Dr. Alan Grant');
insert into Actors(id,familyname,givenNames,gender) values (1405,'Nelson','Adam','m');
insert into AppearsIn(actor,movie,role) values (1405,1,'Ensign Monk, SEAL Team Member');
insert into Actors(id,familyname,givenNames,gender) values (1406,'Nelson','Clifford','m');
insert into AppearsIn(actor,movie,role) values (1406,59,'Heavyset Man In Bar');
insert into Actors(id,familyname,givenNames,gender) values (1407,'Nelson','Tim Blake','m');
insert into AppearsIn(actor,movie,role) values (1407,40,'Gideon');
insert into AppearsIn(actor,movie,role) values (1407,64,'Delmar');
insert into Actors(id,familyname,givenNames,gender) values (1408,'Nemec III','Joseph C.','m');
insert into AppearsIn(actor,movie,role) values (1408,1,'USS Montana Crewman');
insert into Actors(id,familyname,givenNames,gender) values (1409,'Nepita','Sean','m');
insert into AppearsIn(actor,movie,role) values (1409,7,'Elevator Operator');
insert into Actors(id,familyname,givenNames,gender) values (1410,'Nething','David','m');
insert into AppearsIn(actor,movie,role) values (1410,39,'Factory Welder/Screamer');
insert into Actors(id,familyname,givenNames,gender) values (1411,'Nevin','Dr. Robert','m');
insert into AppearsIn(actor,movie,role) values (1411,37,'Medical Examiner');
insert into Actors(id,familyname,givenNames,gender) values (1412,'Newman','Paul','m');
insert into AppearsIn(actor,movie,role) values (1412,60,'Sidney J. Mussburger');
insert into Actors(id,familyname,givenNames,gender) values (1413,'Ngui','Rex','m');
insert into AppearsIn(actor,movie,role) values (1413,36,'Maitre d''');
insert into Actors(id,familyname,givenNames,gender) values (1414,'Nguyen','Thinh Truong','m');
insert into AppearsIn(actor,movie,role) values (1414,44,'Passenger');
insert into Actors(id,familyname,givenNames,gender) values (1415,'Nickel','Jochen','m');
insert into AppearsIn(actor,movie,role) values (1415,43,'Wilhelm Kunde');
insert into Actors(id,familyname,givenNames,gender) values (1416,'Niebielski','Bartek','m');
insert into AppearsIn(actor,movie,role) values (1416,43,'NCO - Plaszow');
insert into Actors(id,familyname,givenNames,gender) values (1417,'Niemczyk','Leon','m');
insert into AppearsIn(actor,movie,role) values (1417,49,'Marek');
insert into Actors(id,familyname,givenNames,gender) values (1418,'Nikolayev','Valeri','m');
insert into AppearsIn(actor,movie,role) values (1418,44,'Milodragovich');
insert into Actors(id,familyname,givenNames,gender) values (1419,'Nirmel','Andre','m');
insert into AppearsIn(actor,movie,role) values (1419,8,'Subway Customer');
insert into Actors(id,familyname,givenNames,gender) values (1420,'Nischeta','Victor','m');
insert into AppearsIn(actor,movie,role) values (1420,4,'Himself');
insert into Actors(id,familyname,givenNames,gender) values (1421,'Nixon','DeVaughn','m');
insert into AppearsIn(actor,movie,role) values (1421,5,'Danny Dyson');
insert into Actors(id,familyname,givenNames,gender) values (1422,'Noble','Thom','m');
insert into AppearsIn(actor,movie,role) values (1422,60,'Thorstenson Finlandson');
insert into Actors(id,familyname,givenNames,gender) values (1423,'Normandeau','Julien','m');
insert into AppearsIn(actor,movie,role) values (1423,28,'Choir');
insert into Actors(id,familyname,givenNames,gender) values (1424,'Norris','Daran','m');
insert into AppearsIn(actor,movie,role) values (1424,40,'Roy Verhaegan/Additional Voices');
insert into Actors(id,familyname,givenNames,gender) values (1425,'Norris','Dean','m');
insert into AppearsIn(actor,movie,role) values (1425,5,'SWAT Team Leader');
insert into Actors(id,familyname,givenNames,gender) values (1426,'Northam','Jeremy','m');
insert into AppearsIn(actor,movie,role) values (1426,26,'Judge Coglin');
insert into Actors(id,familyname,givenNames,gender) values (1427,'Norton','Ralph','m');
insert into AppearsIn(actor,movie,role) values (1427,65,'Gynecologist');
insert into Actors(id,familyname,givenNames,gender) values (1428,'Nouri','Michael','m');
insert into AppearsIn(actor,movie,role) values (1428,44,'Max');
insert into Actors(id,familyname,givenNames,gender) values (1429,'Nowak','Jerzy','m');
insert into AppearsIn(actor,movie,role) values (1429,43,'Investor');
insert into Actors(id,familyname,givenNames,gender) values (1430,'Nucci','Danny','m');
insert into AppearsIn(actor,movie,role) values (1430,7,'Fabrizio');
insert into Actors(id,familyname,givenNames,gender) values (1431,'Nusbaum','Dennis','m');
insert into AppearsIn(actor,movie,role) values (1431,34,'College Brawler #2');
insert into Actors(id,familyname,givenNames,gender) values (1432,'Nunez','Daniel','m');
insert into AppearsIn(actor,movie,role) values (1432,29,'Federale');
insert into Actors(id,familyname,givenNames,gender) values (1433,'O''Brien','Patrick Thomas','m');
insert into AppearsIn(actor,movie,role) values (1433,28,'Mr. Hendricks');
insert into AppearsIn(actor,movie,role) values (1433,61,'Bailiff');
insert into Actors(id,familyname,givenNames,gender) values (1434,'O''Connell','Ace','m');
insert into AppearsIn(actor,movie,role) values (1434,60,'Mailroom Screamer');
insert into Actors(id,familyname,givenNames,gender) values (1435,'O''Connor','Kevin J.','m');
insert into AppearsIn(actor,movie,role) values (1435,26,'Missionary');
insert into Actors(id,familyname,givenNames,gender) values (1436,'O''Dell','David M.','m');
insert into AppearsIn(actor,movie,role) values (1436,31,'Schoolboy');
insert into Actors(id,familyname,givenNames,gender) values (1437,'O''Donnal','John','m');
insert into AppearsIn(actor,movie,role) values (1437,65,'Hayseed in Pickup');
insert into Actors(id,familyname,givenNames,gender) values (1438,'O''Garvin','Reed','m');
insert into AppearsIn(actor,movie,role) values (1438,28,'Bar Patron #1');
insert into Actors(id,familyname,givenNames,gender) values (1439,'O''Haco','Jeff','m');
insert into AppearsIn(actor,movie,role) values (1439,35,'Half Breed');
insert into Actors(id,familyname,givenNames,gender) values (1440,'O''Neal','Mike','m');
insert into AppearsIn(actor,movie,role) values (1440,7,'Engine Room Crewman');
insert into Actors(id,familyname,givenNames,gender) values (1441,'O''Neil','F.J.','m');
insert into AppearsIn(actor,movie,role) values (1441,29,'ARP Project Member');
insert into Actors(id,familyname,givenNames,gender) values (1442,'O''Neill','Brian','m');
insert into AppearsIn(actor,movie,role) values (1442,58,'Hal');
insert into Actors(id,familyname,givenNames,gender) values (1443,'Oates','Warren','m');
insert into AppearsIn(actor,movie,role) values (1443,25,'Col. ''Madman'' Maddox');
insert into Actors(id,familyname,givenNames,gender) values (1444,'Oberhaus','Tom','m');
insert into AppearsIn(actor,movie,role) values (1444,6,'Policeman');
insert into Actors(id,familyname,givenNames,gender) values (1445,'Ocean','Ivory','m');
insert into AppearsIn(actor,movie,role) values (1445,50,'Guard Ivory');
insert into Actors(id,familyname,givenNames,gender) values (1446,'Ochieng','Benjamin','m');
insert into AppearsIn(actor,movie,role) values (1446,44,'African Man with Wife and Child');
insert into Actors(id,familyname,givenNames,gender) values (1447,'Odede','Samson','m');
insert into AppearsIn(actor,movie,role) values (1447,26,'Kpona');
insert into Actors(id,familyname,givenNames,gender) values (1448,'Oh','Dal-su','m');
insert into AppearsIn(actor,movie,role) values (1448,17,'Mr. Chang');
insert into AppearsIn(actor,movie,role) values (1448,20,'Park Cheol-woong');
insert into AppearsIn(actor,movie,role) values (1448,21,'Shin Duk-cheon');
insert into Actors(id,familyname,givenNames,gender) values (1449,'Oh','Kwang-rok','m');
insert into AppearsIn(actor,movie,role) values (1449,16,'Anarchist');
insert into AppearsIn(actor,movie,role) values (1449,17,'Se-hyun''s Father');
insert into AppearsIn(actor,movie,role) values (1449,20,'Suicidal Man');
insert into Actors(id,familyname,givenNames,gender) values (1450,'Oh','Tae-kyung','m');
insert into AppearsIn(actor,movie,role) values (1450,20,'Young Dae-su');
insert into Actors(id,familyname,givenNames,gender) values (1451,'Okpala','Chike','m');
insert into AppearsIn(actor,movie,role) values (1451,26,'Sorie');
insert into Actors(id,familyname,givenNames,gender) values (1452,'Olegario','Frank','m');
insert into AppearsIn(actor,movie,role) values (1452,36,'Merchant #1');
insert into Actors(id,familyname,givenNames,gender) values (1453,'Olkewicz','Walter','m');
insert into AppearsIn(actor,movie,role) values (1453,25,'Pvt. Hinshaw');
insert into AppearsIn(actor,movie,role) values (1453,53,'Jacques Renault');
insert into Actors(id,familyname,givenNames,gender) values (1454,'Olmsted','Alden','m');
insert into AppearsIn(actor,movie,role) values (1454,28,'Undercover FBI Agent - Airport');
insert into Actors(id,familyname,givenNames,gender) values (1455,'Olsen','Bjorn','m');
insert into AppearsIn(actor,movie,role) values (1455,7,'Olaf');
insert into Actors(id,familyname,givenNames,gender) values (1456,'Omen','Judd','m');
insert into AppearsIn(actor,movie,role) values (1456,46,'Jamis');
insert into Actors(id,familyname,givenNames,gender) values (1457,'Onafesso','Tony','m');
insert into AppearsIn(actor,movie,role) values (1457,26,'Baa');
insert into Actors(id,familyname,givenNames,gender) values (1458,'Onafesso','Willie','m');
insert into AppearsIn(actor,movie,role) values (1458,26,'Jina');
insert into Actors(id,familyname,givenNames,gender) values (1459,'Ontkean','Michael','m');
insert into AppearsIn(actor,movie,role) values (1459,53,'Sheriff Harry S. Truman');
insert into Actors(id,familyname,givenNames,gender) values (1460,'Oo','Il-han','m');
insert into AppearsIn(actor,movie,role) values (1460,20,'Young Joo-hwan');
insert into Actors(id,familyname,givenNames,gender) values (1461,'Orekhio','Samuel','m');
insert into AppearsIn(actor,movie,role) values (1461,26,'Fawni');
insert into Actors(id,familyname,givenNames,gender) values (1462,'Orlos','Maciej','m');
insert into AppearsIn(actor,movie,role) values (1462,43,'German Clerk');
insert into Actors(id,familyname,givenNames,gender) values (1463,'Orser','Leland','m');
insert into AppearsIn(actor,movie,role) values (1463,42,'Lt. DeWindt');
insert into Actors(id,familyname,givenNames,gender) values (1464,'Ortiz','John','m');
insert into AppearsIn(actor,movie,role) values (1464,26,'Montes');
insert into Actors(id,familyname,givenNames,gender) values (1465,'Osment','Eugene','m');
insert into AppearsIn(actor,movie,role) values (1465,27,'Supernerd');
insert into AppearsIn(actor,movie,role) values (1465,40,'Jad''s Technician');
insert into Actors(id,familyname,givenNames,gender) values (1466,'Osment','Haley Joel','m');
insert into AppearsIn(actor,movie,role) values (1466,27,'David');
insert into Actors(id,familyname,givenNames,gender) values (1467,'Ostrander','William','m');
insert into AppearsIn(actor,movie,role) values (1467,51,'2nd Assistant Director');
insert into Actors(id,familyname,givenNames,gender) values (1468,'Ottesen','Gunner','m');
insert into AppearsIn(actor,movie,role) values (1468,13,'Epidemic (1987)  &lt;17&gt;');
insert into Actors(id,familyname,givenNames,gender) values (1469,'Otto','Gotz','m');
insert into AppearsIn(actor,movie,role) values (1469,43,'Plaszow SS Guard');
insert into Actors(id,familyname,givenNames,gender) values (1470,'Oumi','Darryl','m');
insert into AppearsIn(actor,movie,role) values (1470,39,'Asian Tourist');
insert into Actors(id,familyname,givenNames,gender) values (1471,'Outlaw','Frank','m');
insert into AppearsIn(actor,movie,role) values (1471,65,'Supermarket Manager');
insert into Actors(id,familyname,givenNames,gender) values (1472,'Owe','Baard','m');
insert into AppearsIn(actor,movie,role) values (1472,14,'Man with Papers');
insert into AppearsIn(actor,movie,role) values (1472,15,'Aiceus');
insert into Actors(id,familyname,givenNames,gender) values (1473,'Owen','Tony','m');
insert into AppearsIn(actor,movie,role) values (1473,26,'Farmer');
insert into Actors(id,familyname,givenNames,gender) values (1474,'Owers','Kevin','m');
insert into AppearsIn(actor,movie,role) values (1474,7,'Steward #3');
insert into Actors(id,familyname,givenNames,gender) values (1475,'Ozasky','Robert','m');
insert into AppearsIn(actor,movie,role) values (1475,59,'Bismarck Cop #1');
insert into Actors(id,familyname,givenNames,gender) values (1476,'Pace','Vince','m');
insert into AppearsIn(actor,movie,role) values (1476,4,'Himself');
insert into Actors(id,familyname,givenNames,gender) values (1477,'Pacey','Peter','m');
insert into AppearsIn(actor,movie,role) values (1477,35,'Hatay Tank Driver');
insert into Actors(id,familyname,givenNames,gender) values (1478,'Page','Oliver','m');
insert into AppearsIn(actor,movie,role) values (1478,7,'Steward Barnes');
insert into Actors(id,familyname,givenNames,gender) values (1479,'Palermo','Chris','m');
insert into AppearsIn(actor,movie,role) values (1479,27,'Red Biker Hound');
insert into Actors(id,familyname,givenNames,gender) values (1480,'Pallana','Kumar','m');
insert into AppearsIn(actor,movie,role) values (1480,44,'Gupta Rajan');
insert into Actors(id,familyname,givenNames,gender) values (1481,'Pallo','Jorge','m');
insert into AppearsIn(actor,movie,role) values (1481,40,'Pre-Crime Public Service Announcer');
insert into Actors(id,familyname,givenNames,gender) values (1482,'Palmer','Jim','m');
insert into AppearsIn(actor,movie,role) values (1482,5,'Jock');
insert into Actors(id,familyname,givenNames,gender) values (1483,'Palmer','Ken','m');
insert into AppearsIn(actor,movie,role) values (1483,27,'Percussionist');
insert into Actors(id,familyname,givenNames,gender) values (1484,'Palter','Lew','m');
insert into AppearsIn(actor,movie,role) values (1484,7,'Isidor Straus');
insert into Actors(id,familyname,givenNames,gender) values (1485,'Pandher','Arjun','m');
insert into AppearsIn(actor,movie,role) values (1485,36,'1st Boy in Cell');
insert into Actors(id,familyname,givenNames,gender) values (1486,'Pantoliano','Joe','m');
insert into AppearsIn(actor,movie,role) values (1486,32,'Frank Demarest');
insert into Actors(id,familyname,givenNames,gender) values (1487,'Parachini','Jean-Claude','m');
insert into AppearsIn(actor,movie,role) values (1487,8,'Jean-Claude');
insert into Actors(id,familyname,givenNames,gender) values (1488,'Parent-Laliberte','David','m');
insert into AppearsIn(actor,movie,role) values (1488,28,'Choir');
insert into Actors(id,familyname,givenNames,gender) values (1489,'Parillo','Erik','m');
insert into AppearsIn(actor,movie,role) values (1489,8,'French Chef');
insert into Actors(id,familyname,givenNames,gender) values (1490,'Park','Steve','m');
insert into AppearsIn(actor,movie,role) values (1490,59,'Mike Yanagita');
insert into Actors(id,familyname,givenNames,gender) values (1491,'Parker','Brad','m');
insert into AppearsIn(actor,movie,role) values (1491,33,'Jim');
insert into Actors(id,familyname,givenNames,gender) values (1492,'Parker','F. William','m');
insert into AppearsIn(actor,movie,role) values (1492,50,'Captain Luneau');
insert into Actors(id,familyname,givenNames,gender) values (1493,'Parker','Gary','m');
insert into AppearsIn(actor,movie,role) values (1493,32,'American Prisoner');
insert into Actors(id,familyname,givenNames,gender) values (1494,'Parks','James','m');
insert into AppearsIn(actor,movie,role) values (1494,53,'Service Station Mechanic');
insert into Actors(id,familyname,givenNames,gender) values (1495,'Partridge','Ross','m');
insert into AppearsIn(actor,movie,role) values (1495,39,'Curious Man');
insert into Actors(id,familyname,givenNames,gender) values (1496,'Pasborg','Lennart','m');
insert into AppearsIn(actor,movie,role) values (1496,13,'Epidemic (1987)  &lt;19&gt;');
insert into Actors(id,familyname,givenNames,gender) values (1497,'Passewe','Steve','m');
insert into AppearsIn(actor,movie,role) values (1497,26,'Cinque''s In-Law');
insert into Actors(id,familyname,givenNames,gender) values (1498,'Patel','Bhasker','m');
insert into AppearsIn(actor,movie,role) values (1498,36,'Temple Guard');
insert into Actors(id,familyname,givenNames,gender) values (1499,'Paterson','Vincent','m');
insert into AppearsIn(actor,movie,role) values (1499,11,'Samuel');
insert into Actors(id,familyname,givenNames,gender) values (1500,'Patrick','Robert','m');
insert into AppearsIn(actor,movie,role) values (1500,5,'T-1000');
insert into Actors(id,familyname,givenNames,gender) values (1501,'Patton Jr.','John','m');
insert into AppearsIn(actor,movie,role) values (1501,30,'Preacher');
insert into Actors(id,familyname,givenNames,gender) values (1502,'Paul','Jason','m');
insert into AppearsIn(actor,movie,role) values (1502,4,'Himself');
insert into Actors(id,familyname,givenNames,gender) values (1503,'Paxton','Bill','m');
insert into AppearsIn(actor,movie,role) values (1503,2,'Pvt. Hudson');
insert into AppearsIn(actor,movie,role) values (1503,4,'Himself');
insert into AppearsIn(actor,movie,role) values (1503,6,'Punk Leader');
insert into AppearsIn(actor,movie,role) values (1503,7,'Brock Lovett');
insert into AppearsIn(actor,movie,role) values (1503,8,'Simon');
insert into Actors(id,familyname,givenNames,gender) values (1504,'Paymer','David','m');
insert into AppearsIn(actor,movie,role) values (1504,26,'Secretary of State John Forsyth');
insert into Actors(id,familyname,givenNames,gender) values (1505,'Pearson','Gil','m');
insert into AppearsIn(actor,movie,role) values (1505,60,'Newsreel Reporter');
insert into Actors(id,familyname,givenNames,gender) values (1506,'Peck','Bob','m');
insert into AppearsIn(actor,movie,role) values (1506,38,'Robert Muldoon');
insert into Actors(id,familyname,givenNames,gender) values (1507,'Pedersen','Chris','m');
insert into AppearsIn(actor,movie,role) values (1507,53,'Tommy');
insert into Actors(id,familyname,givenNames,gender) values (1508,'Pederson','Orla','m');
insert into AppearsIn(actor,movie,role) values (1508,47,'Skeleton Man');
insert into Actors(id,familyname,givenNames,gender) values (1509,'Peeples','Roderick','m');
insert into AppearsIn(actor,movie,role) values (1509,60,'New Year''s Mob');
insert into Actors(id,familyname,givenNames,gender) values (1510,'Pellegrino','Charles','m');
insert into AppearsIn(actor,movie,role) values (1510,4,'Himself');
insert into Actors(id,familyname,givenNames,gender) values (1511,'Pellegrino','Mark','m');
insert into AppearsIn(actor,movie,role) values (1511,56,'Blond Treehorn Thug');
insert into AppearsIn(actor,movie,role) values (1511,39,'Tourist #6');
insert into AppearsIn(actor,movie,role) values (1511,51,'Joe Messing');
insert into Actors(id,familyname,givenNames,gender) values (1512,'Pellegrino','Nick','m');
insert into AppearsIn(actor,movie,role) values (1512,28,'Used Car Lot Owner');
insert into Actors(id,familyname,givenNames,gender) values (1513,'Pendleton','Austin','m');
insert into AppearsIn(actor,movie,role) values (1513,26,'Prof. Gibbs');
insert into Actors(id,familyname,givenNames,gender) values (1514,'Pentecost','Del','m');
insert into AppearsIn(actor,movie,role) values (1514,64,'Junior O''Daniel');
insert into Actors(id,familyname,givenNames,gender) values (1515,'Pepper','Barry','m');
insert into AppearsIn(actor,movie,role) values (1515,42,'Pvt. Daniel Jackson');
insert into Actors(id,familyname,givenNames,gender) values (1516,'Perchesky','Jerry','m');
insert into AppearsIn(actor,movie,role) values (1516,40,'Grandfather');
insert into Actors(id,familyname,givenNames,gender) values (1517,'Perfort','Holger','m');
insert into AppearsIn(actor,movie,role) values (1517,14,'Mr. Ravenstein');
insert into Actors(id,familyname,givenNames,gender) values (1518,'Perry','Manny','m');
insert into AppearsIn(actor,movie,role) values (1518,8,'Bass Player');
insert into Actors(id,familyname,givenNames,gender) values (1519,'Pesavento','Richard','m');
insert into AppearsIn(actor,movie,role) values (1519,31,'Medic');
insert into Actors(id,familyname,givenNames,gender) values (1520,'Peters','Robert','m');
insert into AppearsIn(actor,movie,role) values (1520,28,'FBI Agent');
insert into Actors(id,familyname,givenNames,gender) values (1521,'Pettersson','Dan','m');
insert into AppearsIn(actor,movie,role) values (1521,7,'Sven');
insert into Actors(id,familyname,givenNames,gender) values (1522,'Pfefferberg','Leopold','m');
insert into AppearsIn(actor,movie,role) values (1522,43,'Himself - Schindler Mourner');
insert into Actors(id,familyname,givenNames,gender) values (1523,'Phillinganes','Greg','m');
insert into AppearsIn(actor,movie,role) values (1523,30,'Jook Joint Musician');
insert into Actors(id,familyname,givenNames,gender) values (1524,'Phillips','Jonathan','m');
insert into AppearsIn(actor,movie,role) values (1524,7,'2nd Officer Lightoller');
insert into Actors(id,familyname,givenNames,gender) values (1525,'Phillips','Leslie','m');
insert into AppearsIn(actor,movie,role) values (1525,32,'Maxton');
insert into Actors(id,familyname,givenNames,gender) values (1526,'Phillips','Mark','m');
insert into AppearsIn(actor,movie,role) values (1526,42,'Soldier on the Beach');
insert into Actors(id,familyname,givenNames,gender) values (1527,'Phoenix','River','m');
insert into AppearsIn(actor,movie,role) values (1527,35,'Young Indy');
insert into Actors(id,familyname,givenNames,gender) values (1528,'Picerni','Charlie','m');
insert into AppearsIn(actor,movie,role) values (1528,8,'Man in Hotel Lobby');
insert into Actors(id,familyname,givenNames,gender) values (1529,'Pickens','Slim','m');
insert into AppearsIn(actor,movie,role) values (1529,25,'Hollis P. Wood');
insert into Actors(id,familyname,givenNames,gender) values (1530,'Pickler','Fred','m');
insert into AppearsIn(actor,movie,role) values (1530,45,'Det. Tom Gordon/Yellow Man');
insert into Actors(id,familyname,givenNames,gender) values (1531,'Pieh','Samuel','m');
insert into AppearsIn(actor,movie,role) values (1531,26,'Suuleh');
insert into Actors(id,familyname,givenNames,gender) values (1532,'Pierce','David','m');
insert into AppearsIn(actor,movie,role) values (1532,6,'Tanker Partner');
insert into Actors(id,familyname,givenNames,gender) values (1533,'Pierce','Denney','m');
insert into AppearsIn(actor,movie,role) values (1533,5,'Burly Attendant');
insert into Actors(id,familyname,givenNames,gender) values (1534,'Pinney','Patrick','m');
insert into AppearsIn(actor,movie,role) values (1534,6,'Bar Customer');
insert into Actors(id,familyname,givenNames,gender) values (1535,'Pistor','Ludger','m');
insert into AppearsIn(actor,movie,role) values (1535,43,'Josef Liepold');
insert into Actors(id,familyname,givenNames,gender) values (1536,'Pithyou','Logan','m');
insert into AppearsIn(actor,movie,role) values (1536,3,'Blast Technician');
insert into Actors(id,familyname,givenNames,gender) values (1537,'Pitt','Brad','m');
insert into AppearsIn(actor,movie,role) values (1537,58,'Chad Feldheimer');
insert into Actors(id,familyname,givenNames,gender) values (1538,'Pla','Conrad','m');
insert into AppearsIn(actor,movie,role) values (1538,44,'CBP Officer');
insert into Actors(id,familyname,givenNames,gender) values (1539,'Poe','Richard','m');
insert into AppearsIn(actor,movie,role) values (1539,58,'Stretching Gym Patron');
insert into Actors(id,familyname,givenNames,gender) values (1540,'Poindexter','Jeris','m');
insert into AppearsIn(actor,movie,role) values (1540,30,'Jook Joint Patron');
insert into Actors(id,familyname,givenNames,gender) values (1541,'Polito','Jon','m');
insert into AppearsIn(actor,movie,role) values (1541,55,'Lou Breeze');
insert into AppearsIn(actor,movie,role) values (1541,56,'Da Fino');
insert into AppearsIn(actor,movie,role) values (1541,60,'Mr. Bumstead');
insert into Actors(id,familyname,givenNames,gender) values (1542,'Polk','Piotr','m');
insert into AppearsIn(actor,movie,role) values (1542,43,'Leo Rosner');
insert into Actors(id,familyname,givenNames,gender) values (1543,'Polonsky','Alan','m');
insert into AppearsIn(actor,movie,role) values (1543,2,'Insurance Man');
insert into Actors(id,familyname,givenNames,gender) values (1544,'Ponce','Alfredo','m');
insert into AppearsIn(actor,movie,role) values (1544,49,'Circus Man #3');
insert into Actors(id,familyname,givenNames,gender) values (1545,'Poole','Donald','m');
insert into AppearsIn(actor,movie,role) values (1545,37,'Frank Silva, Harbor Master');
insert into Actors(id,familyname,givenNames,gender) values (1546,'Popwell','Albert','m');
insert into AppearsIn(actor,movie,role) values (1546,54,'Barkeeper at Zanzibar');
insert into Actors(id,familyname,givenNames,gender) values (1547,'Porter','Ian','m');
insert into AppearsIn(actor,movie,role) values (1547,42,'Trask');
insert into Actors(id,familyname,givenNames,gender) values (1548,'Portnow','Richard','m');
insert into AppearsIn(actor,movie,role) values (1548,55,'Detective Mastrionotti');
insert into Actors(id,familyname,givenNames,gender) values (1549,'Posey','Matthew','m');
insert into AppearsIn(actor,movie,role) values (1549,63,'Sporting Goods Clerk');
insert into Actors(id,familyname,givenNames,gender) values (1550,'Postlethwaite','Pete','m');
insert into AppearsIn(actor,movie,role) values (1550,26,'Holabird');
insert into AppearsIn(actor,movie,role) values (1550,39,'Roland Tembo');
insert into Actors(id,familyname,givenNames,gender) values (1551,'Poulsen','Benny','m');
insert into AppearsIn(actor,movie,role) values (1551,14,'Steleman');
insert into Actors(id,familyname,givenNames,gender) values (1552,'Powell','Anthony','m');
insert into AppearsIn(actor,movie,role) values (1552,36,'Missionary');
insert into Actors(id,familyname,givenNames,gender) values (1553,'Powell','Marcus','m');
insert into AppearsIn(actor,movie,role) values (1553,47,'Midget');
insert into Actors(id,familyname,givenNames,gender) values (1554,'Powers','Anthony','m');
insert into AppearsIn(actor,movie,role) values (1554,28,'NY Savings Bank Manager');
insert into Actors(id,familyname,givenNames,gender) values (1555,'Powers','Stephen','m');
insert into AppearsIn(actor,movie,role) values (1555,29,'UN Observer');
insert into Actors(id,familyname,givenNames,gender) values (1556,'Prakop','Adam','m');
insert into AppearsIn(actor,movie,role) values (1556,34,'Student in library');
insert into Actors(id,familyname,givenNames,gender) values (1557,'Prescott','Robert','m');
insert into AppearsIn(actor,movie,role) values (1557,58,'Process Server');
insert into Actors(id,familyname,givenNames,gender) values (1558,'Presnell','Harve','m');
insert into AppearsIn(actor,movie,role) values (1558,59,'Wade Gustafson');
insert into AppearsIn(actor,movie,role) values (1558,42,'Gen. George C. Marshall');
insert into Actors(id,familyname,givenNames,gender) values (1559,'Pritz','Jeffrey','m');
insert into AppearsIn(actor,movie,role) values (1559,28,'Co-Pilot');
insert into Actors(id,familyname,givenNames,gender) values (1560,'Priwieziencew','Eugeniusz','m');
insert into AppearsIn(actor,movie,role) values (1560,43,'Waiter');
insert into Actors(id,familyname,givenNames,gender) values (1561,'Prochnow','Jurgen','m');
insert into AppearsIn(actor,movie,role) values (1561,46,'Duke Leto Atreides');
insert into AppearsIn(actor,movie,role) values (1561,53,'Woodsman');
insert into Actors(id,familyname,givenNames,gender) values (1562,'Proscia','Ray','m');
insert into AppearsIn(actor,movie,role) values (1562,28,'Salesman');
insert into Actors(id,familyname,givenNames,gender) values (1563,'Prosky','John','m');
insert into AppearsIn(actor,movie,role) values (1563,27,'Mr. Williamson, the Bellman');
insert into Actors(id,familyname,givenNames,gender) values (1564,'Pryor','Richard','m');
insert into AppearsIn(actor,movie,role) values (1564,50,'Arnie');
insert into Actors(id,familyname,givenNames,gender) values (1565,'Puga','Nick','m');
insert into AppearsIn(actor,movie,role) values (1565,44,'Cuban Man #2');
insert into Actors(id,familyname,givenNames,gender) values (1566,'Pugh','Willard E.','m');
insert into AppearsIn(actor,movie,role) values (1566,30,'Harpo Johnson');
insert into Actors(id,familyname,givenNames,gender) values (1567,'Pulanecki','Jacek','m');
insert into AppearsIn(actor,movie,role) values (1567,43,'Brinnlitz Guard');
insert into Actors(id,familyname,givenNames,gender) values (1568,'Pullman','Bill','m');
insert into AppearsIn(actor,movie,role) values (1568,50,'Fred Madison');
insert into Actors(id,familyname,givenNames,gender) values (1569,'Purcell','Kingslee','m');
insert into AppearsIn(actor,movie,role) values (1569,44,'Nathan''s Hot Dog Manager');
insert into Actors(id,familyname,givenNames,gender) values (1570,'Puri','Amrish','m');
insert into AppearsIn(actor,movie,role) values (1570,36,'Mola Ram');
insert into Actors(id,familyname,givenNames,gender) values (1571,'Purinton','Miles','m');
insert into AppearsIn(actor,movie,role) values (1571,12,'Jason');
insert into Actors(id,familyname,givenNames,gender) values (1572,'Purwin','Alan D.','m');
insert into AppearsIn(actor,movie,role) values (1572,39,'Cargo Helicopter Pilot');
insert into Actors(id,familyname,givenNames,gender) values (1573,'Pepin','Alexandre','m');
insert into AppearsIn(actor,movie,role) values (1573,28,'Choir');
insert into Actors(id,familyname,givenNames,gender) values (1574,'Perez','Miguel','m');
insert into AppearsIn(actor,movie,role) values (1574,27,'Robot Repairman');
insert into Actors(id,familyname,givenNames,gender) values (1575,'Qing','Shi Bui','m');
insert into AppearsIn(actor,movie,role) values (1575,32,'Shopkeeper');
insert into Actors(id,familyname,givenNames,gender) values (1576,'Quale','Steven','m');
insert into AppearsIn(actor,movie,role) values (1576,7,'Engine Room Worker');
insert into Actors(id,familyname,givenNames,gender) values (1577,'Quan','Jonathan Ke','m');
insert into AppearsIn(actor,movie,role) values (1577,36,'Short Round');
insert into Actors(id,familyname,givenNames,gender) values (1578,'Quinn','Daniel','m');
insert into AppearsIn(actor,movie,role) values (1578,54,'Tom Mix');
insert into Actors(id,familyname,givenNames,gender) values (1579,'Quinn','J.C.','m');
insert into AppearsIn(actor,movie,role) values (1579,1,'Arliss ''Sonny'' Dawson');
insert into Actors(id,familyname,givenNames,gender) values (1580,'Rader','Gene','m');
insert into AppearsIn(actor,movie,role) values (1580,29,'Hawker');
insert into Actors(id,familyname,givenNames,gender) values (1581,'Radeschi','Nicolas','m');
insert into AppearsIn(actor,movie,role) values (1581,28,'Choir');
insert into Actors(id,familyname,givenNames,gender) values (1582,'Radwanski','Ryszard','m');
insert into AppearsIn(actor,movie,role) values (1582,43,'Pankiewicz');
insert into Actors(id,familyname,givenNames,gender) values (1583,'Rafn','Hardy','m');
insert into AppearsIn(actor,movie,role) values (1583,14,'Man in Housecoat');
insert into Actors(id,familyname,givenNames,gender) values (1584,'Ragheb','Osman','m');
insert into AppearsIn(actor,movie,role) values (1584,43,'Border Guard');
insert into Actors(id,familyname,givenNames,gender) values (1585,'Raider-Wexler','Victor','m');
insert into AppearsIn(actor,movie,role) values (1585,40,'Attorney General Nash');
insert into Actors(id,familyname,givenNames,gender) values (1586,'Raimi','Sam','m');
insert into AppearsIn(actor,movie,role) values (1586,60,'Hudsucker Brainstormer');
insert into Actors(id,familyname,givenNames,gender) values (1587,null,'Rain','m');
insert into AppearsIn(actor,movie,role) values (1587,21,'Park Il-sun');
insert into Actors(id,familyname,givenNames,gender) values (1588,'Rains','Luce','m');
insert into AppearsIn(actor,movie,role) values (1588,63,'Pickup Driver');
insert into Actors(id,familyname,givenNames,gender) values (1589,'Rakerd','Cliff','m');
insert into AppearsIn(actor,movie,role) values (1589,59,'Officer Olson');
insert into Actors(id,familyname,givenNames,gender) values (1590,'Ralston','James','m');
insert into AppearsIn(actor,movie,role) values (1590,6,'Customer');
insert into Actors(id,familyname,givenNames,gender) values (1591,'Ramsey','Stephen','m');
insert into AppearsIn(actor,movie,role) values (1591,40,'Jucket - Agent #1');
insert into Actors(id,familyname,givenNames,gender) values (1592,'Randall Jr.','Glenn','m');
insert into AppearsIn(actor,movie,role) values (1592,41,'Flying Wing Mechanic');
insert into Actors(id,familyname,givenNames,gender) values (1593,'Ranger','Cody','m');
insert into AppearsIn(actor,movie,role) values (1593,65,'Arizona Quint');
insert into Actors(id,familyname,givenNames,gender) values (1594,'Rao','Dileep','m');
insert into AppearsIn(actor,movie,role) values (1594,3,'Dr. Max Patel');
insert into Actors(id,familyname,givenNames,gender) values (1595,'Rapley','John','m');
insert into AppearsIn(actor,movie,role) values (1595,47,'King In Panto');
insert into Actors(id,familyname,givenNames,gender) values (1596,'Rasche','David','m');
insert into AppearsIn(actor,movie,role) values (1596,58,'CIA Officer');
insert into Actors(id,familyname,givenNames,gender) values (1597,'Rash','Jim','m');
insert into AppearsIn(actor,movie,role) values (1597,40,'Technician');
insert into Actors(id,familyname,givenNames,gender) values (1598,'Ratliff','A. Ray','m');
insert into AppearsIn(actor,movie,role) values (1598,64,'Record Store Clerk');
insert into Actors(id,familyname,givenNames,gender) values (1599,'Ratray','Peter','m');
insert into AppearsIn(actor,movie,role) values (1599,1,'USS Montana Captain');
insert into Actors(id,familyname,givenNames,gender) values (1600,'Rauter','Dieter','m');
insert into AppearsIn(actor,movie,role) values (1600,8,'Boathouse Guard');
insert into Actors(id,familyname,givenNames,gender) values (1601,'Ray','Dorsey','m');
insert into AppearsIn(actor,movie,role) values (1601,63,'Odessa Cabbie');
insert into Actors(id,familyname,givenNames,gender) values (1602,'Raymond','Bill','m');
insert into AppearsIn(actor,movie,role) values (1602,12,'Mr. Henson');
insert into Actors(id,familyname,givenNames,gender) values (1603,'Raymond','Kirk','m');
insert into AppearsIn(actor,movie,role) values (1603,29,'Dirty Tricks #4');
insert into Actors(id,familyname,givenNames,gender) values (1604,'Reale','Willie','m');
insert into AppearsIn(actor,movie,role) values (1604,60,'Newsroom Reporter');
insert into Actors(id,familyname,givenNames,gender) values (1605,'Rearden','Brad','m');
insert into AppearsIn(actor,movie,role) values (1605,6,'Punk');
insert into Actors(id,familyname,givenNames,gender) values (1606,'Rebello','Chris','m');
insert into AppearsIn(actor,movie,role) values (1606,37,'Michael Brody');
insert into Actors(id,familyname,givenNames,gender) values (1607,'Reddy','Brian','m');
insert into AppearsIn(actor,movie,role) values (1607,64,'Pappy''s Staff');
insert into Actors(id,familyname,givenNames,gender) values (1608,'Redman','Erich','m');
insert into AppearsIn(actor,movie,role) values (1608,42,'German #1');
insert into Actors(id,familyname,givenNames,gender) values (1609,'Reenberg','Jorgen','m');
insert into AppearsIn(actor,movie,role) values (1609,14,'Max Hartmann');
insert into Actors(id,familyname,givenNames,gender) values (1610,'Rees','John','m');
insert into AppearsIn(actor,movie,role) values (1610,41,'Sergeant');
insert into Actors(id,familyname,givenNames,gender) values (1611,'Reeves','Eric','m');
insert into AppearsIn(actor,movie,role) values (1611,63,'Border Bridge Youth #2');
insert into Actors(id,familyname,givenNames,gender) values (1612,'Reevis','Steve','m');
insert into AppearsIn(actor,movie,role) values (1612,59,'Shep Proudfoot');
insert into Actors(id,familyname,givenNames,gender) values (1613,'Rehberg','Hans-Michael','m');
insert into AppearsIn(actor,movie,role) values (1613,43,'Rudolph Hoss');
insert into Actors(id,familyname,givenNames,gender) values (1614,'Reid','Daniel','m');
insert into AppearsIn(actor,movie,role) values (1614,26,'Amistad African Extra');
insert into Actors(id,familyname,givenNames,gender) values (1615,'Reid','Michael Earl','m');
insert into AppearsIn(actor,movie,role) values (1615,60,'Mailroom Screamer');
insert into Actors(id,familyname,givenNames,gender) values (1616,'Reilly','Luke','m');
insert into AppearsIn(actor,movie,role) values (1616,11,'New Defense Counsel');
insert into Actors(id,familyname,givenNames,gender) values (1617,'Reimbold','Bill','m');
insert into AppearsIn(actor,movie,role) values (1617,41,'Bureaucrat');
insert into Actors(id,familyname,givenNames,gender) values (1618,'Reinhardt','Brandon','m');
insert into AppearsIn(actor,movie,role) values (1618,49,'Smithy''s Son');
insert into Actors(id,familyname,givenNames,gender) values (1619,'Reiser','Paul','m');
insert into AppearsIn(actor,movie,role) values (1619,2,'Carter Burke');
insert into Actors(id,familyname,givenNames,gender) values (1620,'Rene','Jonathan','m');
insert into AppearsIn(actor,movie,role) values (1620,28,'Choir');
insert into Actors(id,familyname,givenNames,gender) values (1621,'Repola','Arthur F.','m');
insert into AppearsIn(actor,movie,role) values (1621,36,'Eel Eater');
insert into Actors(id,familyname,givenNames,gender) values (1622,'Ressler','Scott Andrew','m');
insert into AppearsIn(actor,movie,role) values (1622,49,'Camera Operator');
insert into Actors(id,familyname,givenNames,gender) values (1623,'Rey','Daniel','m');
insert into AppearsIn(actor,movie,role) values (1623,51,'Valet Attendant');
insert into Actors(id,familyname,givenNames,gender) values (1624,'Reyes Jr.','Ernie','m');
insert into AppearsIn(actor,movie,role) values (1624,34,'Cemetery Warrior #2');
insert into Actors(id,familyname,givenNames,gender) values (1625,'Reynolds','Corey','m');
insert into AppearsIn(actor,movie,role) values (1625,44,'Waylin');
insert into Actors(id,familyname,givenNames,gender) values (1626,'Reynolds','Paul','m');
insert into AppearsIn(actor,movie,role) values (1626,32,'Refugee.');
insert into Actors(id,familyname,givenNames,gender) values (1627,'Rhoze','Tim','m');
insert into AppearsIn(actor,movie,role) values (1627,27,'Laboratory Technician');
insert into Actors(id,familyname,givenNames,gender) values (1628,'Rhys-Davies','John','m');
insert into AppearsIn(actor,movie,role) values (1628,35,'Sallah');
insert into AppearsIn(actor,movie,role) values (1628,41,'Sallah');
insert into Actors(id,familyname,givenNames,gender) values (1629,'Ribisi','Giovanni','m');
insert into AppearsIn(actor,movie,role) values (1629,3,'Selfridge');
insert into AppearsIn(actor,movie,role) values (1629,50,'Steve ''V''');
insert into AppearsIn(actor,movie,role) values (1629,42,'T-4 Medic Irwin Wade');
insert into Actors(id,familyname,givenNames,gender) values (1630,'Rich','Allan','m');
insert into AppearsIn(actor,movie,role) values (1630,26,'Judge Juttson');
insert into Actors(id,familyname,givenNames,gender) values (1631,'Rich','Glendon','m');
insert into AppearsIn(actor,movie,role) values (1631,26,'Slave/Abolishionist');
insert into Actors(id,familyname,givenNames,gender) values (1632,'Richards','Roy E.','m');
insert into AppearsIn(actor,movie,role) values (1632,29,'Air East Pilot');
insert into Actors(id,familyname,givenNames,gender) values (1633,'Richards','Terry','m');
insert into AppearsIn(actor,movie,role) values (1633,41,'Arab Swordsman');
insert into Actors(id,familyname,givenNames,gender) values (1634,'Richardson','Eric','m');
insert into AppearsIn(actor,movie,role) values (1634,58,'Drunken Singer');
insert into Actors(id,familyname,givenNames,gender) values (1635,'Richmond','Bill W.','m');
insert into AppearsIn(actor,movie,role) values (1635,6,'Bartender');
insert into Actors(id,familyname,givenNames,gender) values (1636,'Rigby','Tim','m');
insert into AppearsIn(actor,movie,role) values (1636,27,'Yeoman');
insert into Actors(id,familyname,givenNames,gender) values (1637,'Riley','Michael','m');
insert into AppearsIn(actor,movie,role) values (1637,26,'British Officer');
insert into Actors(id,familyname,givenNames,gender) values (1638,'Rippy','Leon','m');
insert into AppearsIn(actor,movie,role) values (1638,30,'Store Clerk');
insert into Actors(id,familyname,givenNames,gender) values (1639,'Rivers','Victor','m');
insert into AppearsIn(actor,movie,role) values (1639,26,'Capt. Ferrar');
insert into AppearsIn(actor,movie,role) values (1639,53,'Buck');
insert into Actors(id,familyname,givenNames,gender) values (1640,'Rizzo','T.J.','m');
insert into AppearsIn(actor,movie,role) values (1640,11,'Boris');
insert into Actors(id,familyname,givenNames,gender) values (1641,'Roa','Grant','m');
insert into AppearsIn(actor,movie,role) values (1641,3,'Bouncer');
insert into Actors(id,familyname,givenNames,gender) values (1642,'Roach','Pat','m');
insert into AppearsIn(actor,movie,role) values (1642,35,'Gestapo');
insert into AppearsIn(actor,movie,role) values (1642,36,'Chief Guard');
insert into AppearsIn(actor,movie,role) values (1642,41,'Giant Sherpa/1st Mechanic');
insert into Actors(id,familyname,givenNames,gender) values (1643,'Robards','Sam','m');
insert into AppearsIn(actor,movie,role) values (1643,27,'Henry Swinton');
insert into Actors(id,familyname,givenNames,gender) values (1644,'Robbins','Gregory','m');
insert into AppearsIn(actor,movie,role) values (1644,6,'Tiki Motel Customer');
insert into Actors(id,familyname,givenNames,gender) values (1645,'Robbins','Matthew','m');
insert into AppearsIn(actor,movie,role) values (1645,29,'Matthew McMichaels (Returnee #3 Flt. 19)');
insert into Actors(id,familyname,givenNames,gender) values (1646,'Robbins','Tim','m');
insert into AppearsIn(actor,movie,role) values (1646,60,'Norville Barnes');
insert into Actors(id,familyname,givenNames,gender) values (1647,'Roberson','Nathan','m');
insert into AppearsIn(actor,movie,role) values (1647,28,'Riverbend croquet flirt');
insert into Actors(id,familyname,givenNames,gender) values (1648,'Robertson','William Preston','m');
insert into AppearsIn(actor,movie,role) values (1648,55,'Voice');
insert into AppearsIn(actor,movie,role) values (1648,57,'Radio Evangelist');
insert into AppearsIn(actor,movie,role) values (1648,65,'Amazing Voice');
insert into Actors(id,familyname,givenNames,gender) values (1649,'Robillard','Kim','m');
insert into AppearsIn(actor,movie,role) values (1649,33,'Toothless Cripple');
insert into Actors(id,familyname,givenNames,gender) values (1650,'Robinson','Isaiah','m');
insert into AppearsIn(actor,movie,role) values (1650,33,'Pockets');
insert into Actors(id,familyname,givenNames,gender) values (1651,'Rocco','Sam','m');
insert into AppearsIn(actor,movie,role) values (1651,34,'College Student');
insert into Actors(id,familyname,givenNames,gender) values (1652,'Rock','Chris','m');
insert into AppearsIn(actor,movie,role) values (1652,27,'Comedian');
insert into Actors(id,familyname,givenNames,gender) values (1653,'Rocz','Bill','m');
insert into AppearsIn(actor,movie,role) values (1653,65,'Newscaster');
insert into Actors(id,familyname,givenNames,gender) values (1654,'Rodriguez','Mel','m');
insert into AppearsIn(actor,movie,role) values (1654,44,'Man in Cast');
insert into Actors(id,familyname,givenNames,gender) values (1655,'Roehm','Jason','m');
insert into AppearsIn(actor,movie,role) values (1655,34,'Russian Soldier');
insert into Actors(id,familyname,givenNames,gender) values (1656,'Rohan','Brad','m');
insert into AppearsIn(actor,movie,role) values (1656,44,'Ramp & Freight Cananda');
insert into Actors(id,familyname,givenNames,gender) values (1657,'Rollins','Henry','m');
insert into AppearsIn(actor,movie,role) values (1657,50,'Guard Henry');
insert into Actors(id,familyname,givenNames,gender) values (1658,'Rolston','Mark','m');
insert into AppearsIn(actor,movie,role) values (1658,2,'Pvt. Drake');
insert into Actors(id,familyname,givenNames,gender) values (1659,'Rooney','Jack','m');
insert into AppearsIn(actor,movie,role) values (1659,60,'Man at Merchandise Mart');
insert into Actors(id,familyname,givenNames,gender) values (1660,'Root','Stephen','m');
insert into AppearsIn(actor,movie,role) values (1660,62,'Fernand Gudge');
insert into AppearsIn(actor,movie,role) values (1660,63,'Man who hires Wells');
insert into AppearsIn(actor,movie,role) values (1660,64,'Radio Station Man');
insert into Actors(id,familyname,givenNames,gender) values (1661,'Rosales Jr.','Thomas','m');
insert into AppearsIn(actor,movie,role) values (1661,39,'Carter');
insert into Actors(id,familyname,givenNames,gender) values (1662,'Roselius','John','m');
insert into AppearsIn(actor,movie,role) values (1662,50,'Al');
insert into Actors(id,familyname,givenNames,gender) values (1663,'Rosen','Lee Aaron','m');
insert into AppearsIn(actor,movie,role) values (1663,42,'Soldier on the Beach');
insert into Actors(id,familyname,givenNames,gender) values (1664,'Rosner','Hans','m');
insert into AppearsIn(actor,movie,role) values (1664,43,'Ghetto Man');
insert into Actors(id,familyname,givenNames,gender) values (1665,'Rosner','Henry','m');
insert into AppearsIn(actor,movie,role) values (1665,43,'Himself - Schindler Mourner');
insert into Actors(id,familyname,givenNames,gender) values (1666,'Rosner','Leopold','m');
insert into AppearsIn(actor,movie,role) values (1666,43,'Himself - Schindler Mourner');
insert into Actors(id,familyname,givenNames,gender) values (1667,'Rosner','Olek','m');
insert into AppearsIn(actor,movie,role) values (1667,43,'Himself - Schindler Mourner');
insert into Actors(id,familyname,givenNames,gender) values (1668,'Ross','Gene','m');
insert into AppearsIn(actor,movie,role) values (1668,50,'Warden Clements');
insert into Actors(id,familyname,givenNames,gender) values (1669,'Ross','Ricco','m');
insert into AppearsIn(actor,movie,role) values (1669,2,'Pvt. Frost');
insert into Actors(id,familyname,givenNames,gender) values (1670,'Rossovich','Rick','m');
insert into AppearsIn(actor,movie,role) values (1670,6,'Matt Buchanan');
insert into Actors(id,familyname,givenNames,gender) values (1671,'Rourke','Mickey','m');
insert into AppearsIn(actor,movie,role) values (1671,25,'Pvt. Reese');
insert into Actors(id,familyname,givenNames,gender) values (1672,'Runyard','Michael','m');
insert into AppearsIn(actor,movie,role) values (1672,33,'Screaming Pirate');
insert into Actors(id,familyname,givenNames,gender) values (1673,'Rush','Geoffrey','m');
insert into AppearsIn(actor,movie,role) values (1673,61,'Donovan Donaly');
insert into Actors(id,familyname,givenNames,gender) values (1674,'Rusler','Morgan','m');
insert into AppearsIn(actor,movie,role) values (1674,28,'FBI Agent');
insert into Actors(id,familyname,givenNames,gender) values (1675,'Russell','Carlton Lee','m');
insert into AppearsIn(actor,movie,role) values (1675,53,'Jumping Man');
insert into Actors(id,familyname,givenNames,gender) values (1676,'Russell','Derek','m');
insert into AppearsIn(actor,movie,role) values (1676,65,'Glen and Dot''s Kid');
insert into Actors(id,familyname,givenNames,gender) values (1677,'Russom','Leon','m');
insert into AppearsIn(actor,movie,role) values (1677,56,'Malibu Police Chief');
insert into Actors(id,familyname,givenNames,gender) values (1678,'Ruth','Robert','m');
insert into AppearsIn(actor,movie,role) values (1678,28,'Hotel Manager');
insert into Actors(id,familyname,givenNames,gender) values (1679,'Ryall','David','m');
insert into AppearsIn(actor,movie,role) values (1679,47,'Man With Whores');
insert into Actors(id,familyname,givenNames,gender) values (1680,'Rydbeck','Whitney','m');
insert into AppearsIn(actor,movie,role) values (1680,25,'Daffy');
insert into Actors(id,familyname,givenNames,gender) values (1681,'Ryder','Kevin','m');
insert into AppearsIn(actor,movie,role) values (1681,44,'Businessman');
insert into Actors(id,familyname,givenNames,gender) values (1682,'Ryoo','Seung-wan','m');
insert into AppearsIn(actor,movie,role) values (1682,16,'Delivery Boy');
insert into AppearsIn(actor,movie,role) values (1682,17,'A passerby');
insert into Actors(id,familyname,givenNames,gender) values (1683,'Ryu','Seung-beom','m');
insert into AppearsIn(actor,movie,role) values (1683,16,'Retarded Boy at River');
insert into Actors(id,familyname,givenNames,gender) values (1684,'Sabro','Leif','m');
insert into AppearsIn(actor,movie,role) values (1684,13,'Pilot');
insert into Actors(id,familyname,givenNames,gender) values (1685,'Sachs','Robin','m');
insert into AppearsIn(actor,movie,role) values (1685,39,'Mr. Paul Bowman');
insert into Actors(id,familyname,givenNames,gender) values (1686,'Sack','Errol','m');
insert into AppearsIn(actor,movie,role) values (1686,34,'Hostile soldier');
insert into Actors(id,familyname,givenNames,gender) values (1687,'Sagalevitch','Dr. Anatoly M.','m');
insert into AppearsIn(actor,movie,role) values (1687,4,'Himself');
insert into AppearsIn(actor,movie,role) values (1687,7,'Anatoly Milkailavich');
insert into Actors(id,familyname,givenNames,gender) values (1688,'Sagall','Jonathan','m');
insert into AppearsIn(actor,movie,role) values (1688,43,'Poldek Pfefferberg');
insert into Actors(id,familyname,givenNames,gender) values (1689,'Sagan','Jerzy','m');
insert into AppearsIn(actor,movie,role) values (1689,43,'Old Ghetto Man');
insert into Actors(id,familyname,givenNames,gender) values (1690,'Sagastizado I','Tony','m');
insert into AppearsIn(actor,movie,role) values (1690,44,'Salvadorian');
insert into Actors(id,familyname,givenNames,gender) values (1691,'Sagoes','Ken','m');
insert into AppearsIn(actor,movie,role) values (1691,61,'Gus''s Pal');
insert into Actors(id,familyname,givenNames,gender) values (1692,'Salvano','Gino','m');
insert into AppearsIn(actor,movie,role) values (1692,8,'Bread Van Terrorist #2');
insert into Actors(id,familyname,givenNames,gender) values (1693,'Samra','Ofer','m');
insert into AppearsIn(actor,movie,role) values (1693,8,'Yusif');
insert into Actors(id,familyname,givenNames,gender) values (1694,'Sandel','Wantland','m');
insert into AppearsIn(actor,movie,role) values (1694,60,'New Year''s Mob');
insert into Actors(id,familyname,givenNames,gender) values (1695,'Sanders','Larry','m');
insert into AppearsIn(actor,movie,role) values (1695,35,'Scout Master');
insert into Actors(id,familyname,givenNames,gender) values (1696,'Sanders','Zachary','m');
insert into AppearsIn(actor,movie,role) values (1696,65,'Glen and Dot''s Kid');
insert into Actors(id,familyname,givenNames,gender) values (1697,'Sandler','Andrew','m');
insert into AppearsIn(actor,movie,role) values (1697,40,'Marks'' Son');
insert into Actors(id,familyname,givenNames,gender) values (1698,'Sandoval','Miguel','m');
insert into AppearsIn(actor,movie,role) values (1698,38,'Juanito Rostagno');
insert into Actors(id,familyname,givenNames,gender) values (1699,'Santiago','Eddie','m');
insert into AppearsIn(actor,movie,role) values (1699,44,'Man on Phone');
insert into Actors(id,familyname,givenNames,gender) values (1700,'Sarles','Matt','m');
insert into AppearsIn(actor,movie,role) values (1700,26,'Young Aide');
insert into Actors(id,familyname,givenNames,gender) values (1701,'Sarracino','Ernest','m');
insert into AppearsIn(actor,movie,role) values (1701,60,'Luigi the Tailor');
insert into Actors(id,familyname,givenNames,gender) values (1702,'Sasso','Dick','m');
insert into AppearsIn(actor,movie,role) values (1702,60,'Drunk in Alley');
insert into Actors(id,familyname,givenNames,gender) values (1703,'Sauey','Brett','m');
insert into AppearsIn(actor,movie,role) values (1703,4,'Sixth Officer Moody');
insert into Actors(id,familyname,givenNames,gender) values (1704,'Savageau','Adam','m');
insert into AppearsIn(actor,movie,role) values (1704,65,'Arizona Quint');
insert into Actors(id,familyname,givenNames,gender) values (1705,'Savageau','Benjamin','m');
insert into AppearsIn(actor,movie,role) values (1705,65,'Arizona Quint');
insert into Actors(id,familyname,givenNames,gender) values (1706,'Sawi','Lansana','m');
insert into AppearsIn(actor,movie,role) values (1706,26,'Morlu');
insert into Actors(id,familyname,givenNames,gender) values (1707,'Sawyer','David','m');
insert into AppearsIn(actor,movie,role) values (1707,39,'Workman');
insert into Actors(id,familyname,givenNames,gender) values (1708,'Saxon','Rolf','m');
insert into AppearsIn(actor,movie,role) values (1708,42,'Lt. Briggs');
insert into Actors(id,familyname,givenNames,gender) values (1709,'Sayle','Alexei','m');
insert into AppearsIn(actor,movie,role) values (1709,35,'Sultan');
insert into Actors(id,familyname,givenNames,gender) values (1710,'Scanlan','John','m');
insert into AppearsIn(actor,movie,role) values (1710,60,'Board Member');
insert into Actors(id,familyname,givenNames,gender) values (1711,'Schafer','Steven I.','m');
insert into AppearsIn(actor,movie,role) values (1711,59,'Mechanic');
insert into Actors(id,familyname,givenNames,gender) values (1712,'Scheider','Roy','m');
insert into AppearsIn(actor,movie,role) values (1712,37,'Police Chief Martin Brody');
insert into Actors(id,familyname,givenNames,gender) values (1713,'Schiff','Richard','m');
insert into AppearsIn(actor,movie,role) values (1713,60,'Mailroom Screamer');
insert into AppearsIn(actor,movie,role) values (1713,39,'Eddie Carr');
insert into Actors(id,familyname,givenNames,gender) values (1714,'Schiller','Michael','m');
insert into AppearsIn(actor,movie,role) values (1714,43,'Plaszow SS Guard');
insert into Actors(id,familyname,givenNames,gender) values (1715,'Schmidt','Riley','m');
insert into AppearsIn(actor,movie,role) values (1715,40,'Pre-Crime Employee');
insert into Actors(id,familyname,givenNames,gender) values (1716,'Schmitz','Eric','m');
insert into AppearsIn(actor,movie,role) values (1716,4,'Himself');
insert into Actors(id,familyname,givenNames,gender) values (1717,'Schmitz','Peter','m');
insert into AppearsIn(actor,movie,role) values (1717,59,'Airport Lot Attendant');
insert into Actors(id,familyname,givenNames,gender) values (1718,'Schmolzer','August','m');
insert into AppearsIn(actor,movie,role) values (1718,43,'Dieter Reeder');
insert into Actors(id,familyname,givenNames,gender) values (1719,'Schneider','David','m');
insert into AppearsIn(actor,movie,role) values (1719,65,'Arizona Quint');
insert into Actors(id,familyname,givenNames,gender) values (1720,'Schneider','Michael','m');
insert into AppearsIn(actor,movie,role) values (1720,43,'Juda Dresner');
insert into Actors(id,familyname,givenNames,gender) values (1721,'Schrader','Keith','m');
insert into AppearsIn(actor,movie,role) values (1721,60,'Businessman');
insert into Actors(id,familyname,givenNames,gender) values (1722,'Schroeder','David','m');
insert into AppearsIn(actor,movie,role) values (1722,51,'Robert Smith');
insert into Actors(id,familyname,givenNames,gender) values (1723,'Schrum','Peter','m');
insert into AppearsIn(actor,movie,role) values (1723,5,'Lloyd');
insert into Actors(id,familyname,givenNames,gender) values (1724,'Schultz','Armand','m');
insert into AppearsIn(actor,movie,role) values (1724,58,'Olson');
insert into Actors(id,familyname,givenNames,gender) values (1725,'Schultz','Woody','m');
insert into AppearsIn(actor,movie,role) values (1725,3,'Med Tech #2');
insert into Actors(id,familyname,givenNames,gender) values (1726,'Schwarzenegger','Arnold','m');
insert into AppearsIn(actor,movie,role) values (1726,5,'The Terminator');
insert into AppearsIn(actor,movie,role) values (1726,6,'The Terminator');
insert into AppearsIn(actor,movie,role) values (1726,8,'Harry Tasker');
insert into Actors(id,familyname,givenNames,gender) values (1727,'Schweickhardt','Kurt','m');
insert into AppearsIn(actor,movie,role) values (1727,59,'Car Salesman');
insert into Actors(id,familyname,givenNames,gender) values (1728,'Scott','Alan','m');
insert into AppearsIn(actor,movie,role) values (1728,27,'Worker');
insert into Actors(id,familyname,givenNames,gender) values (1729,'Scott','Andrew','m');
insert into AppearsIn(actor,movie,role) values (1729,42,'Soldier on the Beach');
insert into Actors(id,familyname,givenNames,gender) values (1730,'Scott','Donovan','m');
insert into AppearsIn(actor,movie,role) values (1730,25,'Kid Sailor');
insert into Actors(id,familyname,givenNames,gender) values (1731,'Scriba','Mik','m');
insert into AppearsIn(actor,movie,role) values (1731,44,'Transportation Liaison');
insert into Actors(id,familyname,givenNames,gender) values (1732,'Scudder','Billy','m');
insert into AppearsIn(actor,movie,role) values (1732,27,'Mechanic');
insert into Actors(id,familyname,givenNames,gender) values (1733,'Scudder','Sam','m');
insert into AppearsIn(actor,movie,role) values (1733,42,'Paratrooper #1');
insert into Actors(id,familyname,givenNames,gender) values (1734,'Scurfield','Matthew','m');
insert into AppearsIn(actor,movie,role) values (1734,41,'2nd Nazi');
insert into Actors(id,familyname,givenNames,gender) values (1735,'Searle','Robert','m');
insert into AppearsIn(actor,movie,role) values (1735,1,'Tommy Ray Dietz');
insert into Actors(id,familyname,givenNames,gender) values (1736,'Sefton','Gary','m');
insert into AppearsIn(actor,movie,role) values (1736,42,'Rice');
insert into Actors(id,familyname,givenNames,gender) values (1737,'Seidenberg','Wolfgang','m');
insert into AppearsIn(actor,movie,role) values (1737,43,'Plaszow SS Guard');
insert into Actors(id,familyname,givenNames,gender) values (1738,'Seitz','John','m');
insert into AppearsIn(actor,movie,role) values (1738,60,'Benny');
insert into Actors(id,familyname,givenNames,gender) values (1739,'Semmelrogge','Martin','m');
insert into AppearsIn(actor,movie,role) values (1739,43,'Waffen SS Man');
insert into Actors(id,familyname,givenNames,gender) values (1740,'Sesay','Ibrahim','m');
insert into AppearsIn(actor,movie,role) values (1740,26,'Amistad African Extra');
insert into Actors(id,familyname,givenNames,gender) values (1741,'Seth','Roshan','m');
insert into AppearsIn(actor,movie,role) values (1741,36,'Chattar Lal');
insert into Actors(id,familyname,givenNames,gender) values (1742,'Seweryn','Andrzej','m');
insert into AppearsIn(actor,movie,role) values (1742,43,'Julian Scherner');
insert into Actors(id,familyname,givenNames,gender) values (1743,'Sexton','Brent','m');
insert into AppearsIn(actor,movie,role) values (1743,27,'Russell');
insert into Actors(id,familyname,givenNames,gender) values (1744,'Seymour','Ralph','m');
insert into AppearsIn(actor,movie,role) values (1744,32,'Cohen');
insert into Actors(id,familyname,givenNames,gender) values (1745,'Shaffer','Nicholas','m');
insert into AppearsIn(actor,movie,role) values (1745,61,'Waiter');
insert into Actors(id,familyname,givenNames,gender) values (1746,'Shah','Kiran','m');
insert into AppearsIn(actor,movie,role) values (1746,41,'Abu');
insert into Actors(id,familyname,givenNames,gender) values (1747,'Shalhoub','Tony','m');
insert into AppearsIn(actor,movie,role) values (1747,55,'Ben Geisler');
insert into Actors(id,familyname,givenNames,gender) values (1748,'Sharafyan','Mikayel','m');
insert into AppearsIn(actor,movie,role) values (1748,44,'Traveler');
insert into Actors(id,familyname,givenNames,gender) values (1749,'Sharian','John','m');
insert into AppearsIn(actor,movie,role) values (1749,42,'Corporal');
insert into Actors(id,familyname,givenNames,gender) values (1750,'Sharp','Matthew','m');
insert into AppearsIn(actor,movie,role) values (1750,42,'Soldier on the Beach');
insert into Actors(id,familyname,givenNames,gender) values (1751,'Shaw','Adam','m');
insert into AppearsIn(actor,movie,role) values (1751,42,'Delancey');
insert into Actors(id,familyname,givenNames,gender) values (1752,'Shaw','Bernard','m');
insert into AppearsIn(actor,movie,role) values (1752,39,'CNN Anchor');
insert into Actors(id,familyname,givenNames,gender) values (1753,'Shaw','Justin','m');
insert into AppearsIn(actor,movie,role) values (1753,4,'John ''Jack'' Phillips');
insert into Actors(id,familyname,givenNames,gender) values (1754,'Shaw','Robert','m');
insert into AppearsIn(actor,movie,role) values (1754,37,'Quint');
insert into Actors(id,familyname,givenNames,gender) values (1755,'Shaw','Scott','m');
insert into AppearsIn(actor,movie,role) values (1755,5,'Cyberdyne Tech');
insert into Actors(id,familyname,givenNames,gender) values (1756,'She','Zhai Nai','m');
insert into AppearsIn(actor,movie,role) values (1756,32,'Yang');
insert into Actors(id,familyname,givenNames,gender) values (1757,'Sheard','Michael','m');
insert into AppearsIn(actor,movie,role) values (1757,35,'Adolf Hitler');
insert into Actors(id,familyname,givenNames,gender) values (1758,'Sheen','Martin','m');
insert into AppearsIn(actor,movie,role) values (1758,28,'Roger Strong');
insert into Actors(id,familyname,givenNames,gender) values (1759,'Sheldon','Louis','m');
insert into AppearsIn(actor,movie,role) values (1759,35,'Young Officer at Castle');
insert into Actors(id,familyname,givenNames,gender) values (1760,'Shelton','Jeremy','m');
insert into AppearsIn(actor,movie,role) values (1760,26,'Amistad African Extra');
insert into Actors(id,familyname,givenNames,gender) values (1761,'Sheppard','William Morgan','m');
insert into AppearsIn(actor,movie,role) values (1761,47,'Man In Pub');
insert into AppearsIn(actor,movie,role) values (1761,54,'Mr. Reindeer');
insert into Actors(id,familyname,givenNames,gender) values (1762,'Sherman','Ethan','m');
insert into AppearsIn(actor,movie,role) values (1762,40,'Revo Sunglass Model');
insert into Actors(id,familyname,givenNames,gender) values (1763,'Sherry','Tom','m');
insert into AppearsIn(actor,movie,role) values (1763,31,'Medic');
insert into Actors(id,familyname,givenNames,gender) values (1764,'Shields','Curtis','m');
insert into AppearsIn(actor,movie,role) values (1764,26,'Bassie');
insert into Actors(id,familyname,givenNames,gender) values (1765,'Shimizu','Hiroshi','m');
insert into AppearsIn(actor,movie,role) values (1765,25,'Ito');
insert into Actors(id,familyname,givenNames,gender) values (1766,'Shin','Ha-kyun','m');
insert into AppearsIn(actor,movie,role) values (1766,16,'Ryu');
insert into AppearsIn(actor,movie,role) values (1766,17,'A hired assassin 2');
insert into AppearsIn(actor,movie,role) values (1766,18,'Jeong Woo-jin');
insert into AppearsIn(actor,movie,role) values (1766,24,'Thirst (2009)');
insert into Actors(id,familyname,givenNames,gender) values (1767,'Shindell','Jay','m');
insert into AppearsIn(actor,movie,role) values (1767,40,'Man in car');
insert into Actors(id,familyname,givenNames,gender) values (1768,'Shine','Tony','m');
insert into AppearsIn(actor,movie,role) values (1768,13,'Epidemic (1987)  &lt;21&gt;');
insert into Actors(id,familyname,givenNames,gender) values (1769,'Shipman','William','m');
insert into AppearsIn(actor,movie,role) values (1769,8,'Office Worker');
insert into Actors(id,familyname,givenNames,gender) values (1770,'Shocknek','Kent','m');
insert into AppearsIn(actor,movie,role) values (1770,44,'Newscaster');
insert into Actors(id,familyname,givenNames,gender) values (1771,'Shoemo','Andrew','m');
insert into AppearsIn(actor,movie,role) values (1771,26,'Amistad African Extra');
insert into Actors(id,familyname,givenNames,gender) values (1772,'Shonka','J. Scott','m');
insert into AppearsIn(actor,movie,role) values (1772,39,'InGen Worker');
insert into Actors(id,familyname,givenNames,gender) values (1773,'Shreeve','Craig','m');
insert into AppearsIn(actor,movie,role) values (1773,29,'Air Traffic Controller');
insert into Actors(id,familyname,givenNames,gender) values (1774,'Sidique','Abu','m');
insert into AppearsIn(actor,movie,role) values (1774,26,'Tsukama');
insert into Actors(id,familyname,givenNames,gender) values (1775,'Siemion','Adam','m');
insert into AppearsIn(actor,movie,role) values (1775,43,'O.D./Chicken Boy');
insert into Actors(id,familyname,givenNames,gender) values (1776,'Sigloch','Matt','m');
insert into AppearsIn(actor,movie,role) values (1776,50,'Assistant #1');
insert into AppearsIn(actor,movie,role) values (1776,8,'SWAT Team Leader');
insert into Actors(id,familyname,givenNames,gender) values (1777,'Signore','Andy','m');
insert into AppearsIn(actor,movie,role) values (1777,28,'Pedestrian');
insert into Actors(id,familyname,givenNames,gender) values (1778,'Silva','Erich','m');
insert into AppearsIn(actor,movie,role) values (1778,12,'Man in Dark Suit 2');
insert into Actors(id,familyname,givenNames,gender) values (1779,'Silva','Frank','m');
insert into AppearsIn(actor,movie,role) values (1779,53,'Bob');
insert into Actors(id,familyname,givenNames,gender) values (1780,'Silva','Geno','m');
insert into AppearsIn(actor,movie,role) values (1780,25,'Martinez');
insert into AppearsIn(actor,movie,role) values (1780,26,'Ruiz');
insert into AppearsIn(actor,movie,role) values (1780,39,'Carlos the Barge Captain');
insert into AppearsIn(actor,movie,role) values (1780,51,'Cookie Park Hotel Manager/Club Silencio M.C.');
insert into Actors(id,familyname,givenNames,gender) values (1781,'Silvera','Philip J','m');
insert into AppearsIn(actor,movie,role) values (1781,34,'Ugh Mud Warrior');
insert into Actors(id,familyname,givenNames,gender) values (1782,'Simmons','J.K.','m');
insert into AppearsIn(actor,movie,role) values (1782,58,'CIA Superior');
insert into AppearsIn(actor,movie,role) values (1782,62,'Garth Pancake');
insert into Actors(id,familyname,givenNames,gender) values (1783,'Simotes','Tony','m');
insert into AppearsIn(actor,movie,role) values (1783,5,'Vault Guard');
insert into Actors(id,familyname,givenNames,gender) values (1784,'Simpson','Michael','m');
insert into AppearsIn(actor,movie,role) values (1784,13,'Cabbie/Priest');
insert into Actors(id,familyname,givenNames,gender) values (1785,'Simpson','Michael Phillip','m');
insert into AppearsIn(actor,movie,role) values (1785,14,'Robins');
insert into Actors(id,familyname,givenNames,gender) values (1786,'Sinclair','Kurt','m');
insert into AppearsIn(actor,movie,role) values (1786,40,'Adulation #1');
insert into Actors(id,familyname,givenNames,gender) values (1787,'Siner','Guy','m');
insert into AppearsIn(actor,movie,role) values (1787,50,'Prison Official #1');
insert into Actors(id,familyname,givenNames,gender) values (1788,'Singer','Leon','m');
insert into AppearsIn(actor,movie,role) values (1788,26,'Don Pablo');
insert into Actors(id,familyname,givenNames,gender) values (1789,'Singh','Desi','m');
insert into AppearsIn(actor,movie,role) values (1789,51,'First Cab Driver');
insert into Actors(id,familyname,givenNames,gender) values (1790,'Singh','Raj','m');
insert into AppearsIn(actor,movie,role) values (1790,36,'Pankot Maharaja Zalin Singh');
insert into Actors(id,familyname,givenNames,gender) values (1791,'Singleton','Bernard','m');
insert into AppearsIn(actor,movie,role) values (1791,26,'Amistad African Extra');
insert into Actors(id,familyname,givenNames,gender) values (1792,'Siragusa','Peter','m');
insert into AppearsIn(actor,movie,role) values (1792,56,'Gary the Bartender');
insert into AppearsIn(actor,movie,role) values (1792,60,'Newsreel Reporter');
insert into Actors(id,familyname,givenNames,gender) values (1793,'Sissoko','Yaya','m');
insert into AppearsIn(actor,movie,role) values (1793,26,'Amistad African Extra');
insert into Actors(id,familyname,givenNames,gender) values (1794,'Sizemore','Tom','m');
insert into AppearsIn(actor,movie,role) values (1794,42,'Sgt. Mike Horvath');
insert into Actors(id,familyname,givenNames,gender) values (1795,'Skaggs','Jimmie F.','m');
insert into AppearsIn(actor,movie,role) values (1795,28,'Bartender');
insert into Actors(id,familyname,givenNames,gender) values (1796,'Skahill','Bix','m');
insert into AppearsIn(actor,movie,role) values (1796,59,'Night Parking Attendant');
insert into Actors(id,familyname,givenNames,gender) values (1797,'Skalski','Sebastian','m');
insert into AppearsIn(actor,movie,role) values (1797,43,'Stableboy');
insert into Actors(id,familyname,givenNames,gender) values (1798,'Skarsgard','Stellan','m');
insert into AppearsIn(actor,movie,role) values (1798,26,'Tappan');
insert into AppearsIn(actor,movie,role) values (1798,11,'Doctor');
insert into AppearsIn(actor,movie,role) values (1798,12,'Chuck');
insert into Actors(id,familyname,givenNames,gender) values (1799,'Skorstad','Ben','m');
insert into AppearsIn(actor,movie,role) values (1799,39,'Cargo Helicopter Pilot');
insert into Actors(id,familyname,givenNames,gender) values (1800,'Skov','Mik','m');
insert into AppearsIn(actor,movie,role) values (1800,13,'Epidemic (1987)  &lt;23&gt;');
insert into Actors(id,familyname,givenNames,gender) values (1801,'Skovsted','Anders','m');
insert into AppearsIn(actor,movie,role) values (1801,11,'Dancer in the Dark (2000)  (uncredited)');
insert into Actors(id,familyname,givenNames,gender) values (1802,'Sky','Kim','m');
insert into AppearsIn(actor,movie,role) values (1802,28,'Mother of little girl');
insert into Actors(id,familyname,givenNames,gender) values (1803,'Slade','John','m');
insert into AppearsIn(actor,movie,role) values (1803,7,'Ohio Man');
insert into Actors(id,familyname,givenNames,gender) values (1804,'Slaughter','Lou','m');
insert into AppearsIn(actor,movie,role) values (1804,50,'Slickster');
insert into Actors(id,familyname,givenNames,gender) values (1805,'Smith','Brandon','m');
insert into AppearsIn(actor,movie,role) values (1805,63,'INS Official');
insert into Actors(id,familyname,givenNames,gender) values (1806,'Smith','Charles ''Lew''','m');
insert into AppearsIn(actor,movie,role) values (1806,65,'Nice Old Grocery Man');
insert into Actors(id,familyname,givenNames,gender) values (1807,'Smith','Daniel Browning','m');
insert into AppearsIn(actor,movie,role) values (1807,40,'Contortionist');
insert into Actors(id,familyname,givenNames,gender) values (1808,'Smith','Howard K.','m');
insert into AppearsIn(actor,movie,role) values (1808,29,'Himself - TV News Anchor');
insert into Actors(id,familyname,givenNames,gender) values (1809,'Smith','Paul L.','m');
insert into AppearsIn(actor,movie,role) values (1809,46,'The Beast Rabban');
insert into Actors(id,familyname,givenNames,gender) values (1810,'Smith','R. David','m');
insert into AppearsIn(actor,movie,role) values (1810,27,'Welder');
insert into Actors(id,familyname,givenNames,gender) values (1811,'Smith','Sean-Michael','m');
insert into AppearsIn(actor,movie,role) values (1811,11,'Person in Doorway');
insert into Actors(id,familyname,givenNames,gender) values (1812,'Smith','Stephen Wolfe','m');
insert into AppearsIn(actor,movie,role) values (1812,7,'1st Class Dining Room Steward');
insert into Actors(id,familyname,givenNames,gender) values (1813,'Smrz','Brian','m');
insert into AppearsIn(actor,movie,role) values (1813,38,'Driver of Grant, Sattler & Malcolm''s Jeep');
insert into Actors(id,familyname,givenNames,gender) values (1814,'Snipes','Jon Jon','m');
insert into AppearsIn(actor,movie,role) values (1814,45,'Little Donny');
insert into Actors(id,familyname,givenNames,gender) values (1815,'Snodderly','Ed','m');
insert into AppearsIn(actor,movie,role) values (1815,64,'Village Idiot');
insert into Actors(id,familyname,givenNames,gender) values (1816,'Sogliuzzo','Andre','m');
insert into AppearsIn(actor,movie,role) values (1816,40,'Additional Voices');
insert into Actors(id,familyname,givenNames,gender) values (1817,'Solari','John','m');
insert into AppearsIn(actor,movie,role) values (1817,50,'Lou');
insert into Actors(id,familyname,givenNames,gender) values (1818,'Sommer','Josef','m');
insert into AppearsIn(actor,movie,role) values (1818,29,'Larry Butler');
insert into Actors(id,familyname,givenNames,gender) values (1819,'Song','Kang-ho','m');
insert into AppearsIn(actor,movie,role) values (1819,16,'Park Dong-jin');
insert into AppearsIn(actor,movie,role) values (1819,17,'A hired assassin 1');
insert into AppearsIn(actor,movie,role) values (1819,18,'Sgt. Oh Kyeong-pil');
insert into AppearsIn(actor,movie,role) values (1819,24,'Thirst (2009)');
insert into Actors(id,familyname,givenNames,gender) values (1820,'Song','Seung-Hwan','m');
insert into AppearsIn(actor,movie,role) values (1820,19,'Moon Is the Sun''s Dream (1992)');
insert into Actors(id,familyname,givenNames,gender) values (1821,'Sonnenfeld','Barry','m');
insert into AppearsIn(actor,movie,role) values (1821,55,'Page calling for Barton Fink');
insert into AppearsIn(actor,movie,role) values (1821,57,'Marty''s Vomiting');
insert into Actors(id,familyname,givenNames,gender) values (1822,'Sorenson','Fred','m');
insert into AppearsIn(actor,movie,role) values (1822,41,'Jock');
insert into Actors(id,familyname,givenNames,gender) values (1823,'Sountsov','Aleksandr','m');
insert into AppearsIn(actor,movie,role) values (1823,44,'Traveler');
insert into Actors(id,familyname,givenNames,gender) values (1824,'Southerland','Boots','m');
insert into AppearsIn(actor,movie,role) values (1824,63,'''Managerial'' Victim #2');
insert into Actors(id,familyname,givenNames,gender) values (1825,'Sow','El Hadj Malik','m');
insert into AppearsIn(actor,movie,role) values (1825,26,'Golabu');
insert into Actors(id,familyname,givenNames,gender) values (1826,null,'Sparky','m');
insert into AppearsIn(actor,movie,role) values (1826,45,'The Dog');
insert into Actors(id,familyname,givenNames,gender) values (1827,'Spencer','Julian','m');
insert into AppearsIn(actor,movie,role) values (1827,42,'Garrity');
insert into Actors(id,familyname,givenNames,gender) values (1828,'Spielberg','Max','m');
insert into AppearsIn(actor,movie,role) values (1828,28,'Kid in Plane');
insert into Actors(id,familyname,givenNames,gender) values (1829,'Spielberg','Steven','m');
insert into AppearsIn(actor,movie,role) values (1829,36,'Tourist at Airport');
insert into AppearsIn(actor,movie,role) values (1829,37,'Amity Point Lifestation Worker');
insert into AppearsIn(actor,movie,role) values (1829,39,'Popcorn-Eating Man');
insert into Actors(id,familyname,givenNames,gender) values (1830,'Spight','Hugh','m');
insert into AppearsIn(actor,movie,role) values (1830,47,'Puss In Panto');
insert into Actors(id,familyname,givenNames,gender) values (1831,'Spivey','Carlos','m');
insert into AppearsIn(actor,movie,role) values (1831,26,'Chike');
insert into Actors(id,familyname,givenNames,gender) values (1832,'Sprintall','Lee','m');
insert into AppearsIn(actor,movie,role) values (1832,36,'Dancer');
insert into Actors(id,familyname,givenNames,gender) values (1833,'Squire','Jeffrey','m');
insert into AppearsIn(actor,movie,role) values (1833,28,'Johnny');
insert into Actors(id,familyname,givenNames,gender) values (1834,'St. Amour','Samuel','m');
insert into AppearsIn(actor,movie,role) values (1834,28,'Choir');
insert into Actors(id,familyname,givenNames,gender) values (1835,'St. George','Edward','m');
insert into AppearsIn(actor,movie,role) values (1835,49,'Hair Stylist');
insert into Actors(id,familyname,givenNames,gender) values (1836,'St. James','David','m');
insert into AppearsIn(actor,movie,role) values (1836,39,'Screamer');
insert into Actors(id,familyname,givenNames,gender) values (1837,'Stack','Robert','m');
insert into AppearsIn(actor,movie,role) values (1837,25,'Maj. Gen. Joseph W. Stilwell');
insert into Actors(id,familyname,givenNames,gender) values (1838,'Stadler','Joerg','m');
insert into AppearsIn(actor,movie,role) values (1838,42,'Steamboat Willie');
insert into Actors(id,familyname,givenNames,gender) values (1839,'Stahl','Jerry','m');
insert into AppearsIn(actor,movie,role) values (1839,49,'Devon Berk''s Agent');
insert into Actors(id,familyname,givenNames,gender) values (1840,'Stander','Lionel','m');
insert into AppearsIn(actor,movie,role) values (1840,25,'Angelo Scioli');
insert into Actors(id,familyname,givenNames,gender) values (1841,'Standing','John','m');
insert into AppearsIn(actor,movie,role) values (1841,47,'Fox');
insert into Actors(id,familyname,givenNames,gender) values (1842,'Stanislawski','Marian','m');
insert into AppearsIn(actor,movie,role) values (1842,49,'Franciszek');
insert into Actors(id,familyname,givenNames,gender) values (1843,'Stanton','Dan','m');
insert into AppearsIn(actor,movie,role) values (1843,5,'T-1000 Lewis');
insert into Actors(id,familyname,givenNames,gender) values (1844,'Stanton','Don','m');
insert into AppearsIn(actor,movie,role) values (1844,5,'Lewis, Guard');
insert into Actors(id,familyname,givenNames,gender) values (1845,'Stanton','Harry Dean','m');
insert into AppearsIn(actor,movie,role) values (1845,49,'Freddie Howard');
insert into AppearsIn(actor,movie,role) values (1845,53,'Carl Rodd');
insert into AppearsIn(actor,movie,role) values (1845,54,'Johnnie Farragut');
insert into Actors(id,familyname,givenNames,gender) values (1846,'Starr','Howard','m');
insert into AppearsIn(actor,movie,role) values (1846,30,'Young Harpo');
insert into Actors(id,familyname,givenNames,gender) values (1847,'Starr','Mike','m');
insert into AppearsIn(actor,movie,role) values (1847,60,'Newsroom Reporter');
insert into Actors(id,familyname,givenNames,gender) values (1848,'Staubach','Mark Allan','m');
insert into AppearsIn(actor,movie,role) values (1848,27,'Teen in Van');
insert into Actors(id,familyname,givenNames,gender) values (1849,'Stear','Steven','m');
insert into AppearsIn(actor,movie,role) values (1849,5,'SWAT officer');
insert into Actors(id,familyname,givenNames,gender) values (1850,'Steedman','Trevor','m');
insert into AppearsIn(actor,movie,role) values (1850,2,'Pvt. Wierzbowski');
insert into Actors(id,familyname,givenNames,gender) values (1851,'Stephens','Robert','m');
insert into AppearsIn(actor,movie,role) values (1851,32,'Mr. Lockwood');
insert into Actors(id,familyname,givenNames,gender) values (1852,'Stewart','Ewan','m');
insert into AppearsIn(actor,movie,role) values (1852,7,'1st Officer Murdoch');
insert into Actors(id,familyname,givenNames,gender) values (1853,'Stewart','Michael','m');
insert into AppearsIn(actor,movie,role) values (1853,65,'Arizona Quint');
insert into Actors(id,familyname,givenNames,gender) values (1854,'Stewart','Patrick','m');
insert into AppearsIn(actor,movie,role) values (1854,46,'Gurney Halleck');
insert into Actors(id,familyname,givenNames,gender) values (1855,'Stifel','David','m');
insert into AppearsIn(actor,movie,role) values (1855,40,'Lycon - Seller of Black Inhalers');
insert into Actors(id,familyname,givenNames,gender) values (1856,'Still','Jeff','m');
insert into AppearsIn(actor,movie,role) values (1856,60,'Newsreel Reporter');
insert into Actors(id,familyname,givenNames,gender) values (1857,'Stiller','Ben','m');
insert into AppearsIn(actor,movie,role) values (1857,32,'Dainty');
insert into Actors(id,familyname,givenNames,gender) values (1858,null,'Sting','m');
insert into AppearsIn(actor,movie,role) values (1858,46,'Feyd-Rautha');
insert into Actors(id,familyname,givenNames,gender) values (1859,'Stockstad','Ryan','m');
insert into AppearsIn(actor,movie,role) values (1859,44,'Brookstone Employee');
insert into Actors(id,familyname,givenNames,gender) values (1860,'Stockwell','Dean','m');
insert into AppearsIn(actor,movie,role) values (1860,45,'Ben');
insert into AppearsIn(actor,movie,role) values (1860,46,'Dr. Wellington Yueh');
insert into Actors(id,familyname,givenNames,gender) values (1861,'Stoffer','Joel','m');
insert into AppearsIn(actor,movie,role) values (1861,34,'Taylor');
insert into Actors(id,familyname,givenNames,gender) values (1862,'Stone','Philip','m');
insert into AppearsIn(actor,movie,role) values (1862,36,'Captain Phillip Blumburtt');
insert into Actors(id,familyname,givenNames,gender) values (1863,'Stone','Wayne','m');
insert into AppearsIn(actor,movie,role) values (1863,6,'Tanker Driver');
insert into Actors(id,familyname,givenNames,gender) values (1864,'Stoner','Ahmad','m');
insert into AppearsIn(actor,movie,role) values (1864,33,'No Nap');
insert into Actors(id,familyname,givenNames,gender) values (1865,'Stopowski','Michal','m');
insert into AppearsIn(actor,movie,role) values (1865,49,'Circus Man #6');
insert into Actors(id,familyname,givenNames,gender) values (1866,'Stormare','Peter','m');
insert into AppearsIn(actor,movie,role) values (1866,56,'Nihilist #1, Uli Kunkel/''Karl Hungus''');
insert into AppearsIn(actor,movie,role) values (1866,11,'Jeff');
insert into AppearsIn(actor,movie,role) values (1866,59,'Gaear Grimsrud');
insert into AppearsIn(actor,movie,role) values (1866,39,'Dieter Stark');
insert into AppearsIn(actor,movie,role) values (1866,40,'Dr. Solomon Eddie');
insert into Actors(id,familyname,givenNames,gender) values (1867,'Stovitz','Ken','m');
insert into AppearsIn(actor,movie,role) values (1867,45,'Mike');
insert into Actors(id,familyname,givenNames,gender) values (1868,'Strange','Patrick Michael','m');
insert into AppearsIn(actor,movie,role) values (1868,58,'Tourist');
insert into Actors(id,familyname,givenNames,gender) values (1869,'Strobel','Al','m');
insert into AppearsIn(actor,movie,role) values (1869,53,'Philip Gerard (The One Armed Man)');
insert into Actors(id,familyname,givenNames,gender) values (1870,'Strobele','Alexander','m');
insert into AppearsIn(actor,movie,role) values (1870,43,'Monterlupich Prisoner');
insert into Actors(id,familyname,givenNames,gender) values (1871,null,'Stromboli','m');
insert into AppearsIn(actor,movie,role) values (1871,47,'Fire Eater');
insert into Actors(id,familyname,givenNames,gender) values (1872,'Strong','Phillip','m');
insert into AppearsIn(actor,movie,role) values (1872,30,'Mayor');
insert into Actors(id,familyname,givenNames,gender) values (1873,'Stuart','Richard','m');
insert into AppearsIn(actor,movie,role) values (1873,29,'Truck Dispatcher');
insert into Actors(id,familyname,givenNames,gender) values (1874,'Stuart','Thomas','m');
insert into AppearsIn(actor,movie,role) values (1874,39,'Screamer');
insert into Actors(id,familyname,givenNames,gender) values (1875,'Studi','Wes','m');
insert into AppearsIn(actor,movie,role) values (1875,3,'Avatar (2009)');
insert into Actors(id,familyname,givenNames,gender) values (1876,'Suarez','Jeremy','m');
insert into AppearsIn(actor,movie,role) values (1876,62,'Li''l Gawain');
insert into Actors(id,familyname,givenNames,gender) values (1877,'Sullivan','Brad','m');
insert into AppearsIn(actor,movie,role) values (1877,1,'USS Montana Executive Officer');
insert into Actors(id,familyname,givenNames,gender) values (1878,'Sullivan','Dennis','m');
insert into AppearsIn(actor,movie,role) values (1878,65,'Policeman in Arizona House');
insert into Actors(id,familyname,givenNames,gender) values (1879,'Summers','Neil','m');
insert into AppearsIn(actor,movie,role) values (1879,54,'Cop');
insert into Actors(id,familyname,givenNames,gender) values (1880,'Sundstrom','Carl','m');
insert into AppearsIn(actor,movie,role) values (1880,50,'Hank');
insert into Actors(id,familyname,givenNames,gender) values (1881,'Suskin','Mitchell','m');
insert into AppearsIn(actor,movie,role) values (1881,31,'Medic');
insert into Actors(id,familyname,givenNames,gender) values (1882,'Sussman','Kevin','m');
insert into AppearsIn(actor,movie,role) values (1882,27,'Supernerd');
insert into AppearsIn(actor,movie,role) values (1882,58,'Divorce Lawyer #1');
insert into Actors(id,familyname,givenNames,gender) values (1883,'Sutherland','Kiefer','m');
insert into AppearsIn(actor,movie,role) values (1883,53,'Sam Stanley');
insert into Actors(id,familyname,givenNames,gender) values (1884,'Sutter','Jason','m');
insert into AppearsIn(actor,movie,role) values (1884,27,'Percussionist');
insert into Actors(id,familyname,givenNames,gender) values (1885,'Sutton','Daniel','m');
insert into AppearsIn(actor,movie,role) values (1885,26,'Union Soldier');
insert into Actors(id,familyname,givenNames,gender) values (1886,'Suwala','Kazimierz','m');
insert into AppearsIn(actor,movie,role) values (1886,49,'Circus Man #2');
insert into Actors(id,familyname,givenNames,gender) values (1887,'Swalve','Darwyn','m');
insert into AppearsIn(actor,movie,role) values (1887,55,'Wrestler');
insert into Actors(id,familyname,givenNames,gender) values (1888,'Swan','Billy','m');
insert into AppearsIn(actor,movie,role) values (1888,54,'Billy Swan');
insert into Actors(id,familyname,givenNames,gender) values (1889,'Swift','Tony','m');
insert into AppearsIn(actor,movie,role) values (1889,44,'Airline passenger');
insert into Actors(id,familyname,givenNames,gender) values (1890,'Swingler','Richard','m');
insert into AppearsIn(actor,movie,role) values (1890,31,'Science Teacher');
insert into Actors(id,familyname,givenNames,gender) values (1891,'Sykes','Valek','m');
insert into AppearsIn(actor,movie,role) values (1891,27,'Bull');
insert into Actors(id,familyname,givenNames,gender) values (1892,'Symonds','Robert','m');
insert into AppearsIn(actor,movie,role) values (1892,28,'Mr. Rosen');
insert into Actors(id,familyname,givenNames,gender) values (1893,'Szedlak','Bela','m');
insert into AppearsIn(actor,movie,role) values (1893,7,'Orchestra Member');
insert into Actors(id,familyname,givenNames,gender) values (1894,'Szedlak','Ferenc','m');
insert into AppearsIn(actor,movie,role) values (1894,7,'Orchestra Member');
insert into Actors(id,familyname,givenNames,gender) values (1895,'Szeibert','Joseph ''Simon''','m');
insert into AppearsIn(actor,movie,role) values (1895,53,'Band Member at Roadhouse');
insert into Actors(id,familyname,givenNames,gender) values (1896,'Szmigiel','Marek','m');
insert into AppearsIn(actor,movie,role) values (1896,49,'Janek''s Driver');
insert into Actors(id,familyname,givenNames,gender) values (1897,'Szumilas','Bogdan','m');
insert into AppearsIn(actor,movie,role) values (1897,34,'Russian Scientist');
insert into AppearsIn(actor,movie,role) values (1897,44,'Emigrant');
insert into Actors(id,familyname,givenNames,gender) values (1898,'Szymaniak','Dariusz','m');
insert into AppearsIn(actor,movie,role) values (1898,43,'Prisoner at Depot');
insert into Actors(id,familyname,givenNames,gender) values (1899,'Tablian','Vic','m');
insert into AppearsIn(actor,movie,role) values (1899,41,'Barranca/Monkey Man');
insert into Actors(id,familyname,givenNames,gender) values (1900,'Tagoe','Eddie','m');
insert into AppearsIn(actor,movie,role) values (1900,41,'Messenger Pirate');
insert into Actors(id,familyname,givenNames,gender) values (1901,'Tajudeen','Lawal','m');
insert into AppearsIn(actor,movie,role) values (1901,26,'Amistad African Extra');
insert into Actors(id,familyname,givenNames,gender) values (1902,'Tamblyn','Russ','m');
insert into AppearsIn(actor,movie,role) values (1902,53,'Dr. Lawrence Jacoby');
insert into Actors(id,familyname,givenNames,gender) values (1903,'Tamburro','Charles A.','m');
insert into AppearsIn(actor,movie,role) values (1903,5,'Police Helicopter Pilot');
insert into AppearsIn(actor,movie,role) values (1903,8,'Helicopter Pilot');
insert into Actors(id,familyname,givenNames,gender) values (1904,'Tan','Dollar','m');
insert into AppearsIn(actor,movie,role) values (1904,40,'PSA Crime Guy');
insert into Actors(id,familyname,givenNames,gender) values (1905,'Tan','Philip','m');
insert into AppearsIn(actor,movie,role) values (1905,36,'Chief Henchman');
insert into Actors(id,familyname,givenNames,gender) values (1906,'Tank','Henry','m');
insert into AppearsIn(actor,movie,role) values (1906,65,'Mopping Convict');
insert into Actors(id,familyname,givenNames,gender) values (1907,'Tate','Nick','m');
insert into AppearsIn(actor,movie,role) values (1907,33,'Noodler');
insert into Actors(id,familyname,givenNames,gender) values (1908,'Taylor','Christian','m');
insert into AppearsIn(actor,movie,role) values (1908,40,'Pre-Crime Officer');
insert into Actors(id,familyname,givenNames,gender) values (1909,'Taylor','Dub','m');
insert into AppearsIn(actor,movie,role) values (1909,25,'Mr. Malcomb');
insert into Actors(id,familyname,givenNames,gender) values (1910,'Taylor','Nathan','m');
insert into AppearsIn(actor,movie,role) values (1910,40,'Kid Tourist');
insert into Actors(id,familyname,givenNames,gender) values (1911,'Taylor','Rocky','m');
insert into AppearsIn(actor,movie,role) values (1911,41,'German soldier');
insert into AppearsIn(actor,movie,role) values (1911,7,'Bert Cartmell');
insert into Actors(id,familyname,givenNames,gender) values (1912,'Taylor','Scott Alan','m');
insert into AppearsIn(actor,movie,role) values (1912,44,'Bar patron');
insert into Actors(id,familyname,givenNames,gender) values (1913,'Tennant','Andy','m');
insert into AppearsIn(actor,movie,role) values (1913,25,'Babyface');
insert into Actors(id,familyname,givenNames,gender) values (1914,'Terhune','Bob','m');
insert into AppearsIn(actor,movie,role) values (1914,54,'Earl Kovich');
insert into Actors(id,familyname,givenNames,gender) values (1915,'Termo','Leonard','m');
insert into AppearsIn(actor,movie,role) values (1915,50,'Judge');
insert into Actors(id,familyname,givenNames,gender) values (1916,'Terry','Sonny','m');
insert into AppearsIn(actor,movie,role) values (1916,30,'Jook Joint Musician');
insert into Actors(id,familyname,givenNames,gender) values (1917,'Thauvette','Guy','m');
insert into AppearsIn(actor,movie,role) values (1917,28,'Warden Garren');
insert into Actors(id,familyname,givenNames,gender) values (1918,'Theroux','Justin','m');
insert into AppearsIn(actor,movie,role) values (1918,49,'Devon Berk/Billy Side');
insert into AppearsIn(actor,movie,role) values (1918,51,'Adam Kesher');
insert into Actors(id,familyname,givenNames,gender) values (1919,'Thewlis','David','m');
insert into AppearsIn(actor,movie,role) values (1919,56,'Knox Harrington');
insert into Actors(id,familyname,givenNames,gender) values (1920,'Thibeau','Jack','m');
insert into AppearsIn(actor,movie,role) values (1920,25,'Stilwell Aide');
insert into Actors(id,familyname,givenNames,gender) values (1921,'Thomas','David','m');
insert into AppearsIn(actor,movie,role) values (1921,30,'Road-Gang Leader');
insert into Actors(id,familyname,givenNames,gender) values (1922,'Thomas','Henry','m');
insert into AppearsIn(actor,movie,role) values (1922,31,'Elliott');
insert into Actors(id,familyname,givenNames,gender) values (1923,'Thomas','Jake','m');
insert into AppearsIn(actor,movie,role) values (1923,27,'Martin Swinton');
insert into Actors(id,familyname,givenNames,gender) values (1924,'Thomas','Ransford','m');
insert into AppearsIn(actor,movie,role) values (1924,26,'Alkali');
insert into Actors(id,familyname,givenNames,gender) values (1925,'Thompson III','Reece P.','m');
insert into AppearsIn(actor,movie,role) values (1925,7,'Irish Little Boy');
insert into Actors(id,familyname,givenNames,gender) values (1926,'Thompson','Brian','m');
insert into AppearsIn(actor,movie,role) values (1926,6,'Punk');
insert into Actors(id,familyname,givenNames,gender) values (1927,'Thompson','Bryan','m');
insert into AppearsIn(actor,movie,role) values (1927,34,'Letterman');
insert into Actors(id,familyname,givenNames,gender) values (1928,'Thompson','Christian','m');
insert into AppearsIn(actor,movie,role) values (1928,51,'Dancer');
insert into Actors(id,familyname,givenNames,gender) values (1929,'Thompson','Galen','m');
insert into AppearsIn(actor,movie,role) values (1929,25,'Stilwell Aide');
insert into AppearsIn(actor,movie,role) values (1929,29,'Special Forces Trooper');
insert into Actors(id,familyname,givenNames,gender) values (1930,'Thor','Cameron','m');
insert into AppearsIn(actor,movie,role) values (1930,33,'Ron');
insert into AppearsIn(actor,movie,role) values (1930,38,'Lewis Dodgson');
insert into Actors(id,familyname,givenNames,gender) values (1931,'Thornton','Billy Bob','m');
insert into AppearsIn(actor,movie,role) values (1931,61,'Howard D. Doyle');
insert into Actors(id,familyname,givenNames,gender) values (1932,'Thornton','Paul','m');
insert into AppearsIn(actor,movie,role) values (1932,34,'College professor');
insert into Actors(id,familyname,givenNames,gender) values (1933,'Throne','Malachi','m');
insert into AppearsIn(actor,movie,role) values (1933,28,'Abe Penner');
insert into Actors(id,familyname,givenNames,gender) values (1934,'Thurman','Bill','m');
insert into AppearsIn(actor,movie,role) values (1934,29,'Air Traffic Controller');
insert into Actors(id,familyname,givenNames,gender) values (1935,'Tillis','James','m');
insert into AppearsIn(actor,movie,role) values (1935,30,'Buster');
insert into Actors(id,familyname,givenNames,gender) values (1936,'Timmis','Conor','m');
insert into AppearsIn(actor,movie,role) values (1936,34,'Student on sidewalk');
insert into Actors(id,familyname,givenNames,gender) values (1937,'Tingle','Shayne','m');
insert into AppearsIn(actor,movie,role) values (1937,64,'Rail Man');
insert into Actors(id,familyname,givenNames,gender) values (1938,'Tipping','Tip','m');
insert into AppearsIn(actor,movie,role) values (1938,2,'Pvt. Crowe');
insert into AppearsIn(actor,movie,role) values (1938,35,'Tank Crewman');
insert into Actors(id,familyname,givenNames,gender) values (1939,'Tobin','John H.','m');
insert into AppearsIn(actor,movie,role) values (1939,26,'Supreme Court Reporter');
insert into AppearsIn(actor,movie,role) values (1939,34,'Sierra Madre Cowboy');
insert into Actors(id,familyname,givenNames,gender) values (1940,'Todd','Chris','m');
insert into AppearsIn(actor,movie,role) values (1940,34,'College Brawler #1');
insert into Actors(id,familyname,givenNames,gender) values (1941,'Todd','Paul','m');
insert into AppearsIn(actor,movie,role) values (1941,28,'Maitre D''');
insert into Actors(id,familyname,givenNames,gender) values (1942,'Todisco','Mario','m');
insert into AppearsIn(actor,movie,role) values (1942,60,'Norville''s Goon');
insert into Actors(id,familyname,givenNames,gender) values (1943,'Todorov','Emmanuel','m');
insert into AppearsIn(actor,movie,role) values (1943,34,'Russian Soldier #1');
insert into Actors(id,familyname,givenNames,gender) values (1944,'Toennesen','Thorkild','m');
insert into AppearsIn(actor,movie,role) values (1944,13,'Epidemic (1987)  (as Thorkild Tonnesen)  &lt;24&gt;');
insert into Actors(id,familyname,givenNames,gender) values (1945,'Toner','Tom','m');
insert into AppearsIn(actor,movie,role) values (1945,60,'Newsroom Reporter');
insert into Actors(id,familyname,givenNames,gender) values (1946,'Toop','Carl','m');
insert into AppearsIn(actor,movie,role) values (1946,2,'Alien Warrior');
insert into Actors(id,familyname,givenNames,gender) values (1947,'Toth','Frank','m');
insert into AppearsIn(actor,movie,role) values (1947,31,'Policeman');
insert into Actors(id,familyname,givenNames,gender) values (1948,'Traore','Amadou','m');
insert into AppearsIn(actor,movie,role) values (1948,26,'Amistad African Extra');
insert into Actors(id,familyname,givenNames,gender) values (1949,'Trautman','Allan','m');
insert into AppearsIn(actor,movie,role) values (1949,61,'Convention Lawyer');
insert into Actors(id,familyname,givenNames,gender) values (1950,'Travis','Greg','m');
insert into AppearsIn(actor,movie,role) values (1950,50,'Tail Gate Driver');
insert into Actors(id,familyname,givenNames,gender) values (1951,'Tremblay','Guy-Daniel','m');
insert into AppearsIn(actor,movie,role) values (1951,28,'French Police');
insert into Actors(id,familyname,givenNames,gender) values (1952,'Treves','Frederick','m');
insert into AppearsIn(actor,movie,role) values (1952,47,'Alderman');
insert into Actors(id,familyname,givenNames,gender) values (1953,'Trowbridge','R. Gern','m');
insert into AppearsIn(actor,movie,role) values (1953,7,'Drowning Man');
insert into Actors(id,familyname,givenNames,gender) values (1954,'True-Frost','Jim','m');
insert into AppearsIn(actor,movie,role) values (1954,60,'Buzz');
insert into Actors(id,familyname,givenNames,gender) values (1955,'Truffaut','Francois','m');
insert into AppearsIn(actor,movie,role) values (1955,29,'Claude Lacombe');
insert into Actors(id,familyname,givenNames,gender) values (1956,'Truitt','Mark Rafael','m');
insert into AppearsIn(actor,movie,role) values (1956,7,'Yaley');
insert into Actors(id,familyname,givenNames,gender) values (1957,'Trujillo','Anthony','m');
insert into AppearsIn(actor,movie,role) values (1957,6,'Mexican Boy (close-ups)');
insert into Actors(id,familyname,givenNames,gender) values (1958,'Trumpower','Max','m');
insert into AppearsIn(actor,movie,role) values (1958,40,'Homeless Person');
insert into Actors(id,familyname,givenNames,gender) values (1959,'Tsykun','Yury','m');
insert into AppearsIn(actor,movie,role) values (1959,58,'Senior Russian Embassy Man');
insert into Actors(id,familyname,givenNames,gender) values (1960,'Tucci','Stanley','m');
insert into AppearsIn(actor,movie,role) values (1960,44,'Frank Dixon');
insert into Actors(id,familyname,givenNames,gender) values (1961,'Tulak','Thomas','m');
insert into AppearsIn(actor,movie,role) values (1961,33,'Too Small');
insert into Actors(id,familyname,givenNames,gender) values (1962,'Tull','Clyde','m');
insert into AppearsIn(actor,movie,role) values (1962,28,'Hotel Guest');
insert into AppearsIn(actor,movie,role) values (1962,40,'Party Guest');
insert into Actors(id,familyname,givenNames,gender) values (1963,'Tulsiram','Toufig','m');
insert into AppearsIn(actor,movie,role) values (1963,44,'Voices');
insert into Actors(id,familyname,givenNames,gender) values (1964,'Tuohy','Liam','m');
insert into AppearsIn(actor,movie,role) values (1964,7,'Chief Baker Joughin');
insert into Actors(id,familyname,givenNames,gender) values (1965,'Turk','Brian','m');
insert into AppearsIn(actor,movie,role) values (1965,27,'Backstage Bull');
insert into AppearsIn(actor,movie,role) values (1965,39,'InGen Worker');
insert into Actors(id,familyname,givenNames,gender) values (1966,'Turner','Arnold F.','m');
insert into AppearsIn(actor,movie,role) values (1966,30,'Jook Joint Patron');
insert into Actors(id,familyname,givenNames,gender) values (1967,'Turner','Dale E.','m');
insert into AppearsIn(actor,movie,role) values (1967,61,'Gus''s Pal');
insert into Actors(id,familyname,givenNames,gender) values (1968,'Turturro','John','m');
insert into AppearsIn(actor,movie,role) values (1968,55,'Barton Fink');
insert into AppearsIn(actor,movie,role) values (1968,56,'Jesus Quintana');
insert into AppearsIn(actor,movie,role) values (1968,64,'Pete');
insert into Actors(id,familyname,givenNames,gender) values (1969,'Tveden','Ray','m');
insert into AppearsIn(actor,movie,role) values (1969,33,'Man in Stands');
insert into Actors(id,familyname,givenNames,gender) values (1970,'Twigger','Stephen','m');
insert into AppearsIn(actor,movie,role) values (1970,7,'Steerage Band Member');
insert into Actors(id,familyname,givenNames,gender) values (1971,'Tecsy','Sandor','m');
insert into AppearsIn(actor,movie,role) values (1971,58,'Russian Embassy Escort');
insert into Actors(id,familyname,givenNames,gender) values (1972,'Udoma','Charles','m');
insert into AppearsIn(actor,movie,role) values (1972,26,'Kessebe');
insert into Actors(id,familyname,givenNames,gender) values (1973,'Ullett','Nick','m');
insert into AppearsIn(actor,movie,role) values (1973,33,'Pirate Jailer');
insert into Actors(id,familyname,givenNames,gender) values (1974,'Ulrich','Herbert','m');
insert into AppearsIn(actor,movie,role) values (1974,18,'Swedish soldier');
insert into Actors(id,familyname,givenNames,gender) values (1975,'Ulstad','Ron','m');
insert into AppearsIn(actor,movie,role) values (1975,40,'Adulation #6');
insert into Actors(id,familyname,givenNames,gender) values (1976,'Ungerman','William','m');
insert into AppearsIn(actor,movie,role) values (1976,53,'Band Member at Roadhouse');
insert into Actors(id,familyname,givenNames,gender) values (1977,'Uribe','Roland','m');
insert into AppearsIn(actor,movie,role) values (1977,63,'Well Dressed Mexican');
insert into Actors(id,familyname,givenNames,gender) values (1978,'Urich','Vern','m');
insert into AppearsIn(actor,movie,role) values (1978,7,'Man in Water');
insert into Actors(id,familyname,givenNames,gender) values (1979,'Ussing','Olaf','m');
insert into AppearsIn(actor,movie,role) values (1979,13,'Epidemic (1987)  &lt;25&gt;');
insert into Actors(id,familyname,givenNames,gender) values (1980,'Valera','Jon','m');
insert into AppearsIn(actor,movie,role) values (1980,34,'Cave Warrior');
insert into Actors(id,familyname,givenNames,gender) values (1981,'Van Ginkel','Matthew','m');
insert into AppearsIn(actor,movie,role) values (1981,33,'Baby Peter Banning');
insert into Actors(id,familyname,givenNames,gender) values (1982,'Vandenberg','Dominiquie','m');
insert into AppearsIn(actor,movie,role) values (1982,49,'Trainyard Worker');
insert into Actors(id,familyname,givenNames,gender) values (1983,'Vaughn','Vince','m');
insert into AppearsIn(actor,movie,role) values (1983,39,'Nick Van Owen');
insert into Actors(id,familyname,givenNames,gender) values (1984,'Vegh','David','m');
insert into AppearsIn(actor,movie,role) values (1984,42,'Paratrooper Oliver');
insert into Actors(id,familyname,givenNames,gender) values (1985,'Ventresca','Vincent','m');
insert into AppearsIn(actor,movie,role) values (1985,42,'Soldier on beach');
insert into Actors(id,familyname,givenNames,gender) values (1986,'Verroca','Frank','m');
insert into AppearsIn(actor,movie,role) values (1986,25,'USO Nerd');
insert into Actors(id,familyname,givenNames,gender) values (1987,'Viale','Jean Pierre','m');
insert into AppearsIn(actor,movie,role) values (1987,45,'Master of Ceremonies');
insert into Actors(id,familyname,givenNames,gender) values (1988,'Vidal','Fred','m');
insert into AppearsIn(actor,movie,role) values (1988,44,'Passenger');
insert into Actors(id,familyname,givenNames,gender) values (1989,'Vidan','Richard','m');
insert into AppearsIn(actor,movie,role) values (1989,5,'Weatherby');
insert into Actors(id,familyname,givenNames,gender) values (1990,'Vigus','Larry','m');
insert into AppearsIn(actor,movie,role) values (1990,28,'FBI Agent');
insert into AppearsIn(actor,movie,role) values (1990,61,'Lawyer');
insert into Actors(id,familyname,givenNames,gender) values (1991,'Vikmo','Kent','m');
insert into AppearsIn(actor,movie,role) values (1991,12,'Additional Cast');
insert into Actors(id,familyname,givenNames,gender) values (1992,'Villaume','Edward F.','m');
insert into AppearsIn(actor,movie,role) values (1992,44,'Businessman/Passenger');
insert into Actors(id,familyname,givenNames,gender) values (1993,'Vince','Pruitt Taylor','m');
insert into AppearsIn(actor,movie,role) values (1993,54,'Buddy');
insert into Actors(id,familyname,givenNames,gender) values (1994,'Voge','Eric','m');
insert into AppearsIn(actor,movie,role) values (1994,11,'Officer');
insert into AppearsIn(actor,movie,role) values (1994,12,'Additional Cast');
insert into Actors(id,familyname,givenNames,gender) values (1995,'Vogel','Tony','m');
insert into AppearsIn(actor,movie,role) values (1995,41,'Tall Captain');
insert into Actors(id,familyname,givenNames,gender) values (1996,'Voges','Torsten','m');
insert into AppearsIn(actor,movie,role) values (1996,56,'Nihilist #3, Franz');
insert into Actors(id,familyname,givenNames,gender) values (1997,'Voldstad','John','m');
insert into AppearsIn(actor,movie,role) values (1997,25,'USO Nerd');
insert into Actors(id,familyname,givenNames,gender) values (1998,'Volok','Ilia','m');
insert into AppearsIn(actor,movie,role) values (1998,34,'Russian Suit #2');
insert into Actors(id,familyname,givenNames,gender) values (1999,'von Bargen','Daniel','m');
insert into AppearsIn(actor,movie,role) values (1999,26,'Warden Pendleton');
insert into AppearsIn(actor,movie,role) values (1999,64,'Sheriff Cooley');
insert into Actors(id,familyname,givenNames,gender) values (2000,'von Dohlen','Lenny','m');
insert into AppearsIn(actor,movie,role) values (2000,53,'Harold Smith');
insert into Actors(id,familyname,givenNames,gender) values (2001,'von Sydow','Max','m');
insert into AppearsIn(actor,movie,role) values (2001,46,'Dr. Kynes');
insert into AppearsIn(actor,movie,role) values (2001,14,'Narrator');
insert into AppearsIn(actor,movie,role) values (2001,40,'Director Lamar Burgess');
insert into Actors(id,familyname,givenNames,gender) values (2002,'von Thun','Friedrich','m');
insert into AppearsIn(actor,movie,role) values (2002,43,'Rolf Czurda');
insert into Actors(id,familyname,givenNames,gender) values (2003,'von Trier','Lars','m');
insert into AppearsIn(actor,movie,role) values (2003,13,'Himself/Dr. Mesmer');
insert into AppearsIn(actor,movie,role) values (2003,14,'Jew');
insert into Actors(id,familyname,givenNames,gender) values (2004,'Voorhees','Jeffrey','m');
insert into AppearsIn(actor,movie,role) values (2004,37,'Alex Kintner');
insert into Actors(id,familyname,givenNames,gender) values (2005,'Valdez','Francisco','m');
insert into AppearsIn(actor,movie,role) values (2005,7,'Man Being Combed for Lice');
insert into Actors(id,familyname,givenNames,gender) values (2006,'Vorsel','Niels','m');
insert into AppearsIn(actor,movie,role) values (2006,13,'Himself');
insert into Actors(id,familyname,givenNames,gender) values (2007,'Wagner','Jake','m');
insert into AppearsIn(actor,movie,role) values (2007,28,'Kid');
insert into Actors(id,familyname,givenNames,gender) values (2008,'Walcutt','John','m');
insert into AppearsIn(actor,movie,role) values (2008,7,'1st Class Husband');
insert into Actors(id,familyname,givenNames,gender) values (2009,'Walken','Christopher','m');
insert into AppearsIn(actor,movie,role) values (2009,28,'Frank Abagnale');
insert into Actors(id,familyname,givenNames,gender) values (2010,'Walker','Dude','m');
insert into AppearsIn(actor,movie,role) values (2010,40,'Reporter');
insert into Actors(id,familyname,givenNames,gender) values (2011,'Walker','James','m');
insert into AppearsIn(actor,movie,role) values (2011,32,'Mr. Radik');
insert into Actors(id,familyname,givenNames,gender) values (2012,'Walker','Randy','m');
insert into AppearsIn(actor,movie,role) values (2012,5,'SWAT officer');
insert into Actors(id,familyname,givenNames,gender) values (2013,'Wallace','George','m');
insert into AppearsIn(actor,movie,role) values (2013,40,'Chief Justice Pollard');
insert into Actors(id,familyname,givenNames,gender) values (2014,'Wallace','George','m');
insert into AppearsIn(actor,movie,role) values (2014,62,'Sheriff Wyner');
insert into Actors(id,familyname,givenNames,gender) values (2015,'Walrod','C. Ransom','m');
insert into AppearsIn(actor,movie,role) values (2015,39,'Ship Driver');
insert into Actors(id,familyname,givenNames,gender) values (2016,'Walsh','Brian','m');
insert into AppearsIn(actor,movie,role) values (2016,7,'Irish Man');
insert into Actors(id,familyname,givenNames,gender) values (2017,'Walsh','Jack','m');
insert into AppearsIn(actor,movie,role) values (2017,48,'Mr. Roundheels');
insert into Actors(id,familyname,givenNames,gender) values (2018,'Walsh','M. Emmet','m');
insert into AppearsIn(actor,movie,role) values (2018,57,'Loren Visser');
insert into AppearsIn(actor,movie,role) values (2018,65,'Machine Shop Ear-Bender');
insert into Actors(id,familyname,givenNames,gender) values (2019,'Walsh','Robert','m');
insert into AppearsIn(actor,movie,role) values (2019,26,'Guardsman');
insert into Actors(id,familyname,givenNames,gender) values (2020,'Walsh','Vincent','m');
insert into AppearsIn(actor,movie,role) values (2020,42,'Soldier on the Beach');
insert into Actors(id,familyname,givenNames,gender) values (2021,'Walter','Tracey','m');
insert into AppearsIn(actor,movie,role) values (2021,54,'Traveller');
insert into Actors(id,familyname,givenNames,gender) values (2022,'Walters','John','m');
insert into AppearsIn(actor,movie,role) values (2022,42,'Old French Man');
insert into Actors(id,familyname,givenNames,gender) values (2023,'Walton','Matt','m');
insert into AppearsIn(actor,movie,role) values (2023,58,'Morning Show Host');
insert into Actors(id,familyname,givenNames,gender) values (2024,'Warlock','Dick','m');
insert into AppearsIn(actor,movie,role) values (2024,1,'Dwight Perry');
insert into Actors(id,familyname,givenNames,gender) values (2025,'Warner','Chris','m');
insert into AppearsIn(actor,movie,role) values (2025,63,'Flatbed Driver');
insert into Actors(id,familyname,givenNames,gender) values (2026,'Warner','David','m');
insert into AppearsIn(actor,movie,role) values (2026,7,'Spicer Lovejoy');
insert into Actors(id,familyname,givenNames,gender) values (2027,'Warrilow','David','m');
insert into AppearsIn(actor,movie,role) values (2027,55,'Garland Stanford');
insert into Actors(id,familyname,givenNames,gender) values (2028,'Waters Jr.','Wilson','m');
insert into AppearsIn(actor,movie,role) values (2028,64,'Gravedigger');
insert into Actors(id,familyname,givenNames,gender) values (2029,'Watford','Myk','m');
insert into AppearsIn(actor,movie,role) values (2029,63,'''Managerial'' Victim #1');
insert into Actors(id,familyname,givenNames,gender) values (2030,'Watkins','Leonard','m');
insert into AppearsIn(actor,movie,role) values (2030,45,'Double Ed');
insert into Actors(id,familyname,givenNames,gender) values (2031,'Watson','Maurice','m');
insert into AppearsIn(actor,movie,role) values (2031,62,'Othar');
insert into Actors(id,familyname,givenNames,gender) values (2032,'Wax','Jamie','m');
insert into AppearsIn(actor,movie,role) values (2032,28,'Bellhop');
insert into Actors(id,familyname,givenNames,gender) values (2033,'Wayans','Marlon','m');
insert into AppearsIn(actor,movie,role) values (2033,62,'Gawain MacSam');
insert into Actors(id,familyname,givenNames,gender) values (2034,'Weatherred','Michael D.','m');
insert into AppearsIn(actor,movie,role) values (2034,51,'Hank');
insert into Actors(id,familyname,givenNames,gender) values (2035,'Weathers','Carl','m');
insert into AppearsIn(actor,movie,role) values (2035,29,'Military Policeman');
insert into Actors(id,familyname,givenNames,gender) values (2036,'Weaver','Jason','m');
insert into AppearsIn(actor,movie,role) values (2036,62,'Weemack Funthes');
insert into Actors(id,familyname,givenNames,gender) values (2037,'Weaver','Lee','m');
insert into AppearsIn(actor,movie,role) values (2037,64,'Blind Seer');
insert into Actors(id,familyname,givenNames,gender) values (2038,'Weaver','Malcolm','m');
insert into AppearsIn(actor,movie,role) values (2038,41,'Ratty Nepalese');
insert into Actors(id,familyname,givenNames,gender) values (2039,'Weber','Jake','m');
insert into AppearsIn(actor,movie,role) values (2039,26,'Mr. Wright');
insert into Actors(id,familyname,givenNames,gender) values (2040,'Weeks','Jimmie Ray','m');
insert into AppearsIn(actor,movie,role) values (2040,1,'Leland McBride');
insert into Actors(id,familyname,givenNames,gender) values (2041,'Wehmeyer','Stephen','m');
insert into AppearsIn(actor,movie,role) values (2041,7,'Steerage Band Member');
insert into Actors(id,familyname,givenNames,gender) values (2042,'Weil','Robert','m');
insert into AppearsIn(actor,movie,role) values (2042,60,'Mail Room Boss');
insert into Actors(id,familyname,givenNames,gender) values (2043,'Weinberg','Jason','m');
insert into AppearsIn(actor,movie,role) values (2043,49,'Nikki Grace''s Manager');
insert into Actors(id,familyname,givenNames,gender) values (2044,'Weiner','Ken','m');
insert into AppearsIn(actor,movie,role) values (2044,44,'Foreign Traveler');
insert into Actors(id,familyname,givenNames,gender) values (2045,'Weisser','Norbert','m');
insert into AppearsIn(actor,movie,role) values (2045,43,'Albert Hujar');
insert into Actors(id,familyname,givenNames,gender) values (2046,'Welch','Sean','m');
insert into AppearsIn(actor,movie,role) values (2046,28,'Pilot #5');
insert into Actors(id,familyname,givenNames,gender) values (2047,'Wells','Frank T.','m');
insert into AppearsIn(actor,movie,role) values (2047,26,'Crier');
insert into Actors(id,familyname,givenNames,gender) values (2048,'Welminski','Andrzej','m');
insert into AppearsIn(actor,movie,role) values (2048,43,'Dr. Blancke');
insert into Actors(id,familyname,givenNames,gender) values (2049,'Wescott','Don','m');
insert into AppearsIn(actor,movie,role) values (2049,59,'Bark Beetle Narrator');
insert into Actors(id,familyname,givenNames,gender) values (2050,'Wesley','Paul','m');
insert into AppearsIn(actor,movie,role) values (2050,40,'Nathan with Bicycle');
insert into Actors(id,familyname,givenNames,gender) values (2051,'West','John Stuart','m');
insert into AppearsIn(actor,movie,role) values (2051,6,'MacDougal');
insert into Actors(id,familyname,givenNames,gender) values (2052,'Westmoreland','Bob','m');
insert into AppearsIn(actor,movie,role) values (2052,29,'Load Dispatcher');
insert into Actors(id,familyname,givenNames,gender) values (2053,'Wheeler','Gene','m');
insert into AppearsIn(actor,movie,role) values (2053,40,'Murder Bystander');
insert into Actors(id,familyname,givenNames,gender) values (2054,'Wheeler','Rick','m');
insert into AppearsIn(actor,movie,role) values (2054,39,'Cargo Helicopter Pilot');
insert into Actors(id,familyname,givenNames,gender) values (2055,'White','Buck','m');
insert into AppearsIn(actor,movie,role) values (2055,64,'The Whites');
insert into Actors(id,familyname,givenNames,gender) values (2056,'White','Jeordie','m');
insert into AppearsIn(actor,movie,role) values (2056,50,'Porno Star #2');
insert into Actors(id,familyname,givenNames,gender) values (2057,'White','Stuart','m');
insert into AppearsIn(actor,movie,role) values (2057,33,'Chauffeur');
insert into Actors(id,familyname,givenNames,gender) values (2058,'Whitenight','Tom','m');
insert into AppearsIn(actor,movie,role) values (2058,40,'Price - Agent #3');
insert into Actors(id,familyname,givenNames,gender) values (2059,'Whiting','Richard','m');
insert into AppearsIn(actor,movie,role) values (2059,60,'Ancient Puzzler');
insert into Actors(id,familyname,givenNames,gender) values (2060,'Whitmey','Nigel','m');
insert into AppearsIn(actor,movie,role) values (2060,42,'Pvt. Boyd');
insert into Actors(id,familyname,givenNames,gender) values (2061,'Wilde','Alfred','m');
insert into AppearsIn(actor,movie,role) values (2061,37,'Harry Wiseman');
insert into Actors(id,familyname,givenNames,gender) values (2062,'Wilder','Shane','m');
insert into AppearsIn(actor,movie,role) values (2062,5,'Trucker');
insert into Actors(id,familyname,givenNames,gender) values (2063,'Wilderson','Wayne','m');
insert into AppearsIn(actor,movie,role) values (2063,27,'Comedian');
insert into Actors(id,familyname,givenNames,gender) values (2064,'Wiles','Michael Shamus','m');
insert into AppearsIn(actor,movie,role) values (2064,27,'Cop');
insert into AppearsIn(actor,movie,role) values (2064,50,'Guard Mike');
insert into Actors(id,familyname,givenNames,gender) values (2065,'Wilkins','Miguel','m');
insert into AppearsIn(actor,movie,role) values (2065,4,'Quartermaster Hitchens');
insert into Actors(id,familyname,givenNames,gender) values (2066,'Williams','Buster','m');
insert into AppearsIn(actor,movie,role) values (2066,44,'Bass');
insert into Actors(id,familyname,givenNames,gender) values (2067,'Williams','Chino ''Fats''','m');
insert into AppearsIn(actor,movie,role) values (2067,6,'Truck Driver');
insert into Actors(id,familyname,givenNames,gender) values (2068,'Williams','Chris','m');
insert into AppearsIn(actor,movie,role) values (2068,40,'Ben Moseley/Additional Voices');
insert into Actors(id,familyname,givenNames,gender) values (2069,'Williams','Gerard G.','m');
insert into AppearsIn(actor,movie,role) values (2069,5,'Jock');
insert into Actors(id,familyname,givenNames,gender) values (2070,'Williams','Kenyon','m');
insert into AppearsIn(actor,movie,role) values (2070,39,'Cargo Helicopter Pilot');
insert into Actors(id,familyname,givenNames,gender) values (2071,'Williams','Robin','m');
insert into AppearsIn(actor,movie,role) values (2071,27,'Dr. Know');
insert into AppearsIn(actor,movie,role) values (2071,33,'Peter Banning');
insert into Actors(id,familyname,givenNames,gender) values (2072,'Williams','Samm-Art','m');
insert into AppearsIn(actor,movie,role) values (2072,57,'Meurice');
insert into Actors(id,familyname,givenNames,gender) values (2073,'Williams','Treat','m');
insert into AppearsIn(actor,movie,role) values (2073,25,'Cpl. Chuck ''Stretch'' Sitarski');
insert into Actors(id,familyname,givenNames,gender) values (2074,'Williams','Webster','m');
insert into AppearsIn(actor,movie,role) values (2074,6,'Reporter');
insert into Actors(id,familyname,givenNames,gender) values (2075,'Williamson','Scott','m');
insert into AppearsIn(actor,movie,role) values (2075,33,'Coach');
insert into Actors(id,familyname,givenNames,gender) values (2076,'Willingham','Noble','m');
insert into AppearsIn(actor,movie,role) values (2076,60,'Zebulon Cardoza');
insert into Actors(id,familyname,givenNames,gender) values (2077,'Willis','Brett','m');
insert into AppearsIn(actor,movie,role) values (2077,33,'Additional Lost Boy');
insert into Actors(id,familyname,givenNames,gender) values (2078,'Willis','Brian','m');
insert into AppearsIn(actor,movie,role) values (2078,33,'Additional Lost Boy');
insert into Actors(id,familyname,givenNames,gender) values (2079,'Wilson','Trey','m');
insert into AppearsIn(actor,movie,role) values (2079,65,'Nathan Arizona');
insert into Actors(id,familyname,givenNames,gender) values (2080,'Wilton','Garth','m');
insert into AppearsIn(actor,movie,role) values (2080,7,'1st Class Waiter');
insert into Actors(id,familyname,givenNames,gender) values (2081,'Winfield','Paul','m');
insert into AppearsIn(actor,movie,role) values (2081,6,'Lieutenant Ed Traxler');
insert into Actors(id,familyname,givenNames,gender) values (2082,'Winkler','Maciej','m');
insert into AppearsIn(actor,movie,role) values (2082,43,'Black Marketeer');
insert into Actors(id,familyname,givenNames,gender) values (2083,'Winley','Robert','m');
insert into AppearsIn(actor,movie,role) values (2083,5,'Cigar-Smoking Biker');
insert into Actors(id,familyname,givenNames,gender) values (2084,'Winn','Mark','m');
insert into AppearsIn(actor,movie,role) values (2084,33,'Praising Pirate');
insert into AppearsIn(actor,movie,role) values (2084,8,'Arab Terrorist');
insert into Actors(id,familyname,givenNames,gender) values (2085,'Winston','Matt','m');
insert into AppearsIn(actor,movie,role) values (2085,27,'Executive');
insert into Actors(id,familyname,givenNames,gender) values (2086,'Winstone','Ray','m');
insert into AppearsIn(actor,movie,role) values (2086,34,'George ''Mac'' McHale');
insert into Actors(id,familyname,givenNames,gender) values (2087,'Wise','Ray','m');
insert into AppearsIn(actor,movie,role) values (2087,53,'Leland Palmer');
insert into Actors(id,familyname,givenNames,gender) values (2088,'Wisher Jr.','William','m');
insert into AppearsIn(actor,movie,role) values (2088,1,'Bill Tyler, Reporter');
insert into AppearsIn(actor,movie,role) values (2088,5,'Galleria photographer/Cop');
insert into AppearsIn(actor,movie,role) values (2088,6,'Cop who gets burned by the Terminator');
insert into AppearsIn(actor,movie,role) values (2088,9,'Raj');
insert into Actors(id,familyname,givenNames,gender) values (2089,'Witting','Dieter','m');
insert into AppearsIn(actor,movie,role) values (2089,43,'Bosch');
insert into Actors(id,familyname,givenNames,gender) values (2090,'Witting','Steve','m');
insert into AppearsIn(actor,movie,role) values (2090,28,'Manager');
insert into Actors(id,familyname,givenNames,gender) values (2091,'Wohl','David','m');
insert into AppearsIn(actor,movie,role) values (2091,42,'War Department Captain');
insert into Actors(id,familyname,givenNames,gender) values (2092,'Wolf','Nick','m');
insert into AppearsIn(actor,movie,role) values (2092,11,'Man with Hood');
insert into Actors(id,familyname,givenNames,gender) values (2093,'Wolf','Ove','m');
insert into AppearsIn(actor,movie,role) values (2093,12,'Additional Cast');
insert into Actors(id,familyname,givenNames,gender) values (2094,'Wolfington','Iggie','m');
insert into AppearsIn(actor,movie,role) values (2094,25,'Meyer Mishkin');
insert into Actors(id,familyname,givenNames,gender) values (2095,'Woller','Kirk B.R.','m');
insert into AppearsIn(actor,movie,role) values (2095,40,'Pre-Crime Cop');
insert into Actors(id,familyname,givenNames,gender) values (2096,'Wong','B.D.','m');
insert into AppearsIn(actor,movie,role) values (2096,38,'Henry Wu');
insert into Actors(id,familyname,givenNames,gender) values (2097,'Wood','Grahame','m');
insert into AppearsIn(actor,movie,role) values (2097,42,'Soldier on the Beach');
insert into Actors(id,familyname,givenNames,gender) values (2098,'Woods','Richard','m');
insert into AppearsIn(actor,movie,role) values (2098,60,'Board Member');
insert into Actors(id,familyname,givenNames,gender) values (2099,'Work','Jay P.','m');
insert into AppearsIn(actor,movie,role) values (2099,49,'Saxophonist');
insert into Actors(id,familyname,givenNames,gender) values (2100,'Worthington','Sam','m');
insert into AppearsIn(actor,movie,role) values (2100,3,'Jake Sully');
insert into Actors(id,familyname,givenNames,gender) values (2101,'Wrage','Glenn','m');
insert into AppearsIn(actor,movie,role) values (2101,42,'Doyle');
insert into Actors(id,familyname,givenNames,gender) values (2102,'Wright','Ed','m');
insert into AppearsIn(actor,movie,role) values (2102,54,'Desk Clerk');
insert into Actors(id,familyname,givenNames,gender) values (2103,'Wright','Tommy','m');
insert into AppearsIn(actor,movie,role) values (2103,47,'First Bobby');
insert into Actors(id,familyname,givenNames,gender) values (2104,'Wrona','Marek','m');
insert into AppearsIn(actor,movie,role) values (2104,43,'Toffel''s Secretary');
insert into Actors(id,familyname,givenNames,gender) values (2105,'Wulff','Randall','m');
insert into AppearsIn(actor,movie,role) values (2105,51,'Limo Driver');
insert into Actors(id,familyname,givenNames,gender) values (2106,'Wulkan','Mordeci','m');
insert into AppearsIn(actor,movie,role) values (2106,43,'Himself - Schindler Mourner');
insert into Actors(id,familyname,givenNames,gender) values (2107,'Wunderman','Severin','m');
insert into AppearsIn(actor,movie,role) values (2107,40,'Skiing Customer');
insert into Actors(id,familyname,givenNames,gender) values (2108,'Wylie','John','m');
insert into AppearsIn(actor,movie,role) values (2108,60,'Board Member');
insert into Actors(id,familyname,givenNames,gender) values (2109,'Wojcicki','Jacek','m');
insert into AppearsIn(actor,movie,role) values (2109,43,'Henry Rosner');
insert into Actors(id,familyname,givenNames,gender) values (2110,'Yale','Stan','m');
insert into AppearsIn(actor,movie,role) values (2110,6,'Derelict in Alley');
insert into Actors(id,familyname,givenNames,gender) values (2111,'Yama','Michael','m');
insert into AppearsIn(actor,movie,role) values (2111,36,'Chinese Co-Pilot');
insert into Actors(id,familyname,givenNames,gender) values (2112,'Yamada','Takao','m');
insert into AppearsIn(actor,movie,role) values (2112,32,'Japanese Truck Driver');
insert into Actors(id,familyname,givenNames,gender) values (2113,'Yeater','James','m');
insert into AppearsIn(actor,movie,role) values (2113,65,'Fingerprint Technician');
insert into Actors(id,familyname,givenNames,gender) values (2114,'Yin','Edward','m');
insert into AppearsIn(actor,movie,role) values (2114,40,'Additional Voices');
insert into Actors(id,familyname,givenNames,gender) values (2115,'Yip','David','m');
insert into AppearsIn(actor,movie,role) values (2115,36,'Wu Han');
insert into Actors(id,familyname,givenNames,gender) values (2116,'Yohannes','Tesfay','m');
insert into AppearsIn(actor,movie,role) values (2116,26,'Amistad African Extra');
insert into Actors(id,familyname,givenNames,gender) values (2117,'Yong','Yi','m');
insert into AppearsIn(actor,movie,role) values (2117,20,'Delivery Boy');
insert into Actors(id,familyname,givenNames,gender) values (2118,'York','Marcus A.','m');
insert into AppearsIn(actor,movie,role) values (2118,27,'Flesh Fair');
insert into Actors(id,familyname,givenNames,gender) values (2119,'Young','Cy','m');
insert into AppearsIn(actor,movie,role) values (2119,29,'Radio Telescope Team');
insert into Actors(id,familyname,givenNames,gender) values (2120,'Young','Dick','m');
insert into AppearsIn(actor,movie,role) values (2120,37,'Pratt');
insert into Actors(id,familyname,givenNames,gender) values (2121,'Young','Harrison','m');
insert into AppearsIn(actor,movie,role) values (2121,42,'Ryan as Old Man');
insert into Actors(id,familyname,givenNames,gender) values (2122,'Young','Ric','m');
insert into AppearsIn(actor,movie,role) values (2122,36,'Kao Kan');
insert into Actors(id,familyname,givenNames,gender) values (2123,'Young','Richard','m');
insert into AppearsIn(actor,movie,role) values (2123,35,'Fedora');
insert into Actors(id,familyname,givenNames,gender) values (2124,'Young','Ron','m');
insert into AppearsIn(actor,movie,role) values (2124,5,'Pool Cue Biker');
insert into Actors(id,familyname,givenNames,gender) values (2125,'Young','Ruben','m');
insert into AppearsIn(actor,movie,role) values (2125,65,'''Trapped'' Convict');
insert into Actors(id,familyname,givenNames,gender) values (2126,'Young','William','m');
insert into AppearsIn(actor,movie,role) values (2126,26,'Businessman');
insert into Actors(id,familyname,givenNames,gender) values (2127,'Youngberg','Curt','m');
insert into AppearsIn(actor,movie,role) values (2127,27,'Kid');
insert into Actors(id,familyname,givenNames,gender) values (2128,'Yu','Ji-tae','m');
insert into AppearsIn(actor,movie,role) values (2128,17,'A grown-up Won-mo');
insert into AppearsIn(actor,movie,role) values (2128,20,'Woo-jin Lee');
insert into Actors(id,familyname,givenNames,gender) values (2129,'Yulish','Alexi','m');
insert into AppearsIn(actor,movie,role) values (2129,49,'Doctor');
insert into Actors(id,familyname,givenNames,gender) values (2130,'Zajonc','Robert ''Bobby Z''','m');
insert into AppearsIn(actor,movie,role) values (2130,38,'InGen Helicopter Pilot');
insert into AppearsIn(actor,movie,role) values (2130,39,'InGen Helicopter Pilot');
insert into Actors(id,familyname,givenNames,gender) values (2131,'Zambrano','Federico','m');
insert into AppearsIn(actor,movie,role) values (2131,4,'John Jacob Astor');
insert into Actors(id,familyname,givenNames,gender) values (2132,'Zane','Billy','m');
insert into AppearsIn(actor,movie,role) values (2132,7,'Caledon ''Cal'' Hockley');
insert into Actors(id,familyname,givenNames,gender) values (2133,'Zane','Ryken','m');
insert into AppearsIn(actor,movie,role) values (2133,8,'Snowboarder');
insert into Actors(id,familyname,givenNames,gender) values (2134,'Zano','Nick','m');
insert into AppearsIn(actor,movie,role) values (2134,28,'James');
insert into Actors(id,familyname,givenNames,gender) values (2135,'Zaydenberg','Ilya Jonathan','m');
insert into AppearsIn(actor,movie,role) values (2135,34,'Russian Soldier #5');
insert into Actors(id,familyname,givenNames,gender) values (2136,'Zbirog','Jozef','m');
insert into AppearsIn(actor,movie,role) values (2136,49,'Darek');
insert into Actors(id,familyname,givenNames,gender) values (2137,'Zdunek','Adam','m');
insert into AppearsIn(actor,movie,role) values (2137,49,'Man on Street');
insert into Actors(id,familyname,givenNames,gender) values (2138,'Zhao','Ge Yan','m');
insert into AppearsIn(actor,movie,role) values (2138,32,'Merchant');
insert into Actors(id,familyname,givenNames,gender) values (2139,'Zika','Christian','m');
insert into AppearsIn(actor,movie,role) values (2139,25,'Stevie Douglas');
insert into Actors(id,familyname,givenNames,gender) values (2140,'Zimet','Ben','m');
insert into AppearsIn(actor,movie,role) values (2140,14,'Old Man 1');
insert into Actors(id,familyname,givenNames,gender) values (2141,'Zimmermann','Timm','m');
insert into AppearsIn(actor,movie,role) values (2141,11,'Guard');
insert into Actors(id,familyname,givenNames,gender) values (2142,'Zuckerman','Alex','m');
insert into AppearsIn(actor,movie,role) values (2142,33,'Latchboy');
insert into Actors(id,familyname,givenNames,gender) values (2143,'Zwerling','Darrell','m');
insert into AppearsIn(actor,movie,role) values (2143,54,'Singer''s Manager');
insert into Actors(id,familyname,givenNames,gender) values (2144,'Zydowicz','Marek','m');
insert into AppearsIn(actor,movie,role) values (2144,49,'Gordy');
insert into Actors(id,familyname,givenNames,gender) values (2145,'Orner','Ingvar','m');
insert into AppearsIn(actor,movie,role) values (2145,12,'Additional Cast');
insert into Actors(id,familyname,givenNames,gender) values (2146,'Aarons','Bonnie','f');
insert into AppearsIn(actor,movie,role) values (2146,51,'Bum');
insert into Actors(id,familyname,givenNames,gender) values (2147,'Aaseng','Mikhaila','f');
insert into AppearsIn(actor,movie,role) values (2147,49,'Tammi');
insert into Actors(id,familyname,givenNames,gender) values (2148,'Abernathy','Louisa','f');
insert into AppearsIn(actor,movie,role) values (2148,62,'Church Voice');
insert into Actors(id,familyname,givenNames,gender) values (2149,'Acker','Amy','f');
insert into AppearsIn(actor,movie,role) values (2149,28,'Miggy');
insert into Actors(id,familyname,givenNames,gender) values (2150,'Adams','Amy','f');
insert into AppearsIn(actor,movie,role) values (2150,28,'Brenda Strong');
insert into Actors(id,familyname,givenNames,gender) values (2151,'Adams','Margaret','f');
insert into AppearsIn(actor,movie,role) values (2151,53,'Fat Trout Neighbor');
insert into Actors(id,familyname,givenNames,gender) values (2152,'Alford','Lucie','f');
insert into AppearsIn(actor,movie,role) values (2152,47,'Horse');
insert into Actors(id,familyname,givenNames,gender) values (2153,'Allen','Karen','f');
insert into AppearsIn(actor,movie,role) values (2153,34,'Marion Ravenwood');
insert into AppearsIn(actor,movie,role) values (2153,41,'Marion Ravenwood');
insert into Actors(id,familyname,givenNames,gender) values (2154,'Allen','Nancy','f');
insert into AppearsIn(actor,movie,role) values (2154,25,'Donna Stratton');
insert into Actors(id,familyname,givenNames,gender) values (2155,'Amas','Michele','f');
insert into AppearsIn(actor,movie,role) values (2155,47,'Horse');
insert into Actors(id,familyname,givenNames,gender) values (2156,'Amick','Madchen','f');
insert into AppearsIn(actor,movie,role) values (2156,53,'Shelly Johnson');
insert into Actors(id,familyname,givenNames,gender) values (2157,'Amis','Suzy','f');
insert into AppearsIn(actor,movie,role) values (2157,7,'Lizzy Calvert');
insert into Actors(id,familyname,givenNames,gender) values (2158,'Anderson','Camille','f');
insert into AppearsIn(actor,movie,role) values (2158,61,'Santa Fe Tart');
insert into Actors(id,familyname,givenNames,gender) values (2159,'Anderson','Jamie','f');
insert into AppearsIn(actor,movie,role) values (2159,28,'Ilene');
insert into Actors(id,familyname,givenNames,gender) values (2160,'Anderson','Sharon','f');
insert into AppearsIn(actor,movie,role) values (2160,59,'Morning Show Hostess');
insert into Actors(id,familyname,givenNames,gender) values (2161,'Andersson','Harriet','f');
insert into AppearsIn(actor,movie,role) values (2161,12,'Gloria');
insert into Actors(id,familyname,givenNames,gender) values (2162,'Andrews','Nicole','f');
insert into AppearsIn(actor,movie,role) values (2162,28,'Hot Blonde');
insert into Actors(id,familyname,givenNames,gender) values (2163,'Anka','Amanda','f');
insert into AppearsIn(actor,movie,role) values (2163,50,'Girl #1');
insert into Actors(id,familyname,givenNames,gender) values (2164,'Annis','Francesca','f');
insert into AppearsIn(actor,movie,role) values (2164,46,'Lady Jessica');
insert into Actors(id,familyname,givenNames,gender) values (2165,'Anthony','Jasmine Jessica','f');
insert into AppearsIn(actor,movie,role) values (2165,28,'Little Girl');
insert into Actors(id,familyname,givenNames,gender) values (2166,'Aragon','Angelica','f');
insert into AppearsIn(actor,movie,role) values (2166,46,'Bene Gesserit Sister');
insert into Actors(id,familyname,givenNames,gender) values (2167,'Arcoraci','Vene L.','f');
insert into AppearsIn(actor,movie,role) values (2167,40,'Office Worker');
insert into Actors(id,familyname,givenNames,gender) values (2168,'Armstrong','Nina','f');
insert into AppearsIn(actor,movie,role) values (2168,32,'Nina');
insert into AppearsIn(actor,movie,role) values (2168,35,'Flower Girl');
insert into Actors(id,familyname,givenNames,gender) values (2169,'Arquette','Patricia','f');
insert into AppearsIn(actor,movie,role) values (2169,50,'Renee Madison/Alice Wakefield');
insert into Actors(id,familyname,givenNames,gender) values (2170,'Arthur','Michelle','f');
insert into AppearsIn(actor,movie,role) values (2170,44,'Field Reporter');
insert into Actors(id,familyname,givenNames,gender) values (2171,'Asbert','Vanessa','f');
insert into AppearsIn(actor,movie,role) values (2171,40,'Bulgari Model');
insert into Actors(id,familyname,givenNames,gender) values (2172,'Ashton','Tracy','f');
insert into AppearsIn(actor,movie,role) values (2172,49,'The Marine''s Sister');
insert into Actors(id,familyname,givenNames,gender) values (2173,'Asiedu','Nana Yaw','f');
insert into AppearsIn(actor,movie,role) values (2173,30,'African Musician');
insert into Actors(id,familyname,givenNames,gender) values (2174,'Astell','Debbie','f');
insert into AppearsIn(actor,movie,role) values (2174,36,'Dancer');
insert into Actors(id,familyname,givenNames,gender) values (2175,'Augustine','Phoebe','f');
insert into AppearsIn(actor,movie,role) values (2175,53,'Ronette Pulaski');
insert into Actors(id,familyname,givenNames,gender) values (2176,'Avery','Margaret','f');
insert into AppearsIn(actor,movie,role) values (2176,30,'Shug Avery');
insert into Actors(id,familyname,givenNames,gender) values (2177,'Axakowsky','Nadia','f');
insert into AppearsIn(actor,movie,role) values (2177,40,'Reporter');
insert into Actors(id,familyname,givenNames,gender) values (2178,'Ayres','Rosalind','f');
insert into AppearsIn(actor,movie,role) values (2178,7,'Lady Duff Gordon');
insert into Actors(id,familyname,givenNames,gender) values (2179,'Azzara','Candice','f');
insert into AppearsIn(actor,movie,role) values (2179,28,'Darcy');
insert into Actors(id,familyname,givenNames,gender) values (2180,'Bacall','Lauren','f');
insert into AppearsIn(actor,movie,role) values (2180,12,'Ma Ginger');
insert into Actors(id,familyname,givenNames,gender) values (2181,'Bacchus','Maureen','f');
insert into AppearsIn(actor,movie,role) values (2181,36,'Dancer');
insert into Actors(id,familyname,givenNames,gender) values (2182,'Backlinie','Susan','f');
insert into AppearsIn(actor,movie,role) values (2182,25,'Polar Bear Woman');
insert into AppearsIn(actor,movie,role) values (2182,37,'Christine ''Chrissie'' Watkins');
insert into Actors(id,familyname,givenNames,gender) values (2183,'Bae','Du-na','f');
insert into AppearsIn(actor,movie,role) values (2183,16,'Cha Yeong-mi');
insert into Actors(id,familyname,givenNames,gender) values (2184,'Bahati','Fulani','f');
insert into AppearsIn(actor,movie,role) values (2184,49,'Dancing Girl #2');
insert into Actors(id,familyname,givenNames,gender) values (2185,'Bailey','Jessie','f');
insert into AppearsIn(actor,movie,role) values (2185,62,'Tea Lady');
insert into Actors(id,familyname,givenNames,gender) values (2186,'Baird','Karen','f');
insert into AppearsIn(actor,movie,role) values (2186,49,'Servant');
insert into Actors(id,familyname,givenNames,gender) values (2187,'Baker','Cynthia','f');
insert into AppearsIn(actor,movie,role) values (2187,60,'New Year''s Mob');
insert into Actors(id,familyname,givenNames,gender) values (2188,'Baker','Justine','f');
insert into AppearsIn(actor,movie,role) values (2188,61,'Wedding Guest');
insert into Actors(id,familyname,givenNames,gender) values (2189,'Baker','Kitana','f');
insert into AppearsIn(actor,movie,role) values (2189,61,'Santa Fe Tart');
insert into Actors(id,familyname,givenNames,gender) values (2190,'Bancroft','Anne','f');
insert into AppearsIn(actor,movie,role) values (2190,47,'Mrs. Kendal');
insert into Actors(id,familyname,givenNames,gender) values (2191,'Bang','Eun-hee','f');
insert into AppearsIn(actor,movie,role) values (2191,19,'Moon Is the Sun''s Dream (1992)');
insert into Actors(id,familyname,givenNames,gender) values (2192,'Bangalie','Charlean Isata','f');
insert into AppearsIn(actor,movie,role) values (2192,26,'Margru');
insert into Actors(id,familyname,givenNames,gender) values (2193,'Banks','Elizabeth','f');
insert into AppearsIn(actor,movie,role) values (2193,28,'Lucy');
insert into Actors(id,familyname,givenNames,gender) values (2194,'Barrett','Helena','f');
insert into AppearsIn(actor,movie,role) values (2194,34,'Teenage Girl #2');
insert into Actors(id,familyname,givenNames,gender) values (2195,'Barroso','Claudia','f');
insert into AppearsIn(actor,movie,role) values (2195,44,'Passenger');
insert into Actors(id,familyname,givenNames,gender) values (2196,'Barrymore','Drew','f');
insert into AppearsIn(actor,movie,role) values (2196,31,'Gertie');
insert into Actors(id,familyname,givenNames,gender) values (2197,'Barton','Corinne','f');
insert into AppearsIn(actor,movie,role) values (2197,36,'Dancer');
insert into Actors(id,familyname,givenNames,gender) values (2198,'Basil','Anastasia','f');
insert into AppearsIn(actor,movie,role) values (2198,44,'La Perla Employee Julie');
insert into Actors(id,familyname,givenNames,gender) values (2199,'Bassman','Jessica','f');
insert into AppearsIn(actor,movie,role) values (2199,28,'Nurse Bassman');
insert into Actors(id,familyname,givenNames,gender) values (2200,'Bates','Bobbie','f');
insert into AppearsIn(actor,movie,role) values (2200,7,'Dancer');
insert into Actors(id,familyname,givenNames,gender) values (2201,'Bates','Jeanne','f');
insert into AppearsIn(actor,movie,role) values (2201,48,'Mrs. X');
insert into AppearsIn(actor,movie,role) values (2201,51,'Irene');
insert into Actors(id,familyname,givenNames,gender) values (2202,'Bates','Kathy','f');
insert into AppearsIn(actor,movie,role) values (2202,7,'Molly Brown');
insert into Actors(id,familyname,givenNames,gender) values (2203,'Bau','Rebeka','f');
insert into AppearsIn(actor,movie,role) values (2203,43,'Herself - Schindler Mourner');
insert into Actors(id,familyname,givenNames,gender) values (2204,'Bay','Frances','f');
insert into AppearsIn(actor,movie,role) values (2204,45,'Aunt Barbara');
insert into AppearsIn(actor,movie,role) values (2204,53,'Mrs. Tremond (Chalfont)');
insert into AppearsIn(actor,movie,role) values (2204,54,'Madam');
insert into Actors(id,familyname,givenNames,gender) values (2205,'Baye','Nathalie','f');
insert into AppearsIn(actor,movie,role) values (2205,28,'Paula Abagnale');
insert into Actors(id,familyname,givenNames,gender) values (2206,'Beaubian','Susan','f');
insert into AppearsIn(actor,movie,role) values (2206,30,'Corrine');
insert into Actors(id,familyname,givenNames,gender) values (2207,'Beddington','Carol','f');
insert into AppearsIn(actor,movie,role) values (2207,36,'Dancer');
insert into Actors(id,familyname,givenNames,gender) values (2208,'Bednarczyk','Dominika','f');
insert into AppearsIn(actor,movie,role) values (2208,43,'Ghetto Girl');
insert into Actors(id,familyname,givenNames,gender) values (2209,'Bega','Leslie','f');
insert into AppearsIn(actor,movie,role) values (2209,50,'Raquel');
insert into Actors(id,familyname,givenNames,gender) values (2210,'Bell','Rini','f');
insert into AppearsIn(actor,movie,role) values (2210,44,'Nadia');
insert into Actors(id,familyname,givenNames,gender) values (2211,'Bellar','Clara','f');
insert into AppearsIn(actor,movie,role) values (2211,27,'FemMecha Nanny');
insert into Actors(id,familyname,givenNames,gender) values (2212,'Belle','Camilla','f');
insert into AppearsIn(actor,movie,role) values (2212,39,'Cathy Bowman');
insert into Actors(id,familyname,givenNames,gender) values (2213,'Belouin','Suzete','f');
insert into AppearsIn(actor,movie,role) values (2213,49,'Mandi');
insert into Actors(id,familyname,givenNames,gender) values (2214,'Bengtsson','Marianne','f');
insert into AppearsIn(actor,movie,role) values (2214,11,'Dancer');
insert into Actors(id,familyname,givenNames,gender) values (2215,'Benn','Te Te','f');
insert into AppearsIn(actor,movie,role) values (2215,62,'Gawain''s Sister');
insert into Actors(id,familyname,givenNames,gender) values (2216,'Bennett','Paige','f');
insert into AppearsIn(actor,movie,role) values (2216,53,'French Girl at Hap''s');
insert into Actors(id,familyname,givenNames,gender) values (2217,'Benson','Deborah','f');
insert into AppearsIn(actor,movie,role) values (2217,25,'USO Girl');
insert into Actors(id,familyname,givenNames,gender) values (2218,'Benson','Lucille','f');
insert into AppearsIn(actor,movie,role) values (2218,25,'Gas Mama (Eloise)');
insert into Actors(id,familyname,givenNames,gender) values (2219,'Berggreen','Mette','f');
insert into AppearsIn(actor,movie,role) values (2219,11,'Receptionist');
insert into Actors(id,familyname,givenNames,gender) values (2220,'Berrymore','Dru','f');
insert into AppearsIn(actor,movie,role) values (2220,50,'Blonde on Staircase');
insert into Actors(id,familyname,givenNames,gender) values (2221,'Bethune','Patricia','f');
insert into AppearsIn(actor,movie,role) values (2221,39,'Screamer');
insert into Actors(id,familyname,givenNames,gender) values (2222,'Betzold','Marion','f');
insert into AppearsIn(actor,movie,role) values (2222,47,'Principal Boy');
insert into Actors(id,familyname,givenNames,gender) values (2223,'Bever','Blair Bruce','f');
insert into AppearsIn(actor,movie,role) values (2223,54,'Hotel Custodian');
insert into Actors(id,familyname,givenNames,gender) values (2224,'Biernat','Dominka','f');
insert into AppearsIn(actor,movie,role) values (2224,49,'Woman #1');
insert into Actors(id,familyname,givenNames,gender) values (2225,'Bird','Hallie','f');
insert into AppearsIn(actor,movie,role) values (2225,27,'Waitress');
insert into Actors(id,familyname,givenNames,gender) values (2226,'Bivens','Heidi','f');
insert into AppearsIn(actor,movie,role) values (2226,49,'Devon Berk''s Wardrobe Assistant');
insert into Actors(id,familyname,givenNames,gender) values (2227,null,'Bjork','f');
insert into AppearsIn(actor,movie,role) values (2227,11,'Selma Jezkova');
insert into Actors(id,familyname,givenNames,gender) values (2228,'Blair','Isla','f');
insert into AppearsIn(actor,movie,role) values (2228,35,'Mrs. Donovan');
insert into Actors(id,familyname,givenNames,gender) values (2229,'Blanchett','Cate','f');
insert into AppearsIn(actor,movie,role) values (2229,34,'Col. Dr. Irina Spalko');
insert into Actors(id,familyname,givenNames,gender) values (2230,'Blanco','Lydia','f');
insert into AppearsIn(actor,movie,role) values (2230,44,'Burger King Employee');
insert into Actors(id,familyname,givenNames,gender) values (2231,'Bock','Crystal','f');
insert into AppearsIn(actor,movie,role) values (2231,58,'PR Woman');
insert into Actors(id,familyname,givenNames,gender) values (2232,'Boden','Petra','f');
insert into AppearsIn(actor,movie,role) values (2232,59,'Cashier');
insert into Actors(id,familyname,givenNames,gender) values (2233,'Bodle','Jane','f');
insert into AppearsIn(actor,movie,role) values (2233,28,'TWA Ticket Agent');
insert into Actors(id,familyname,givenNames,gender) values (2234,'Bolger','Latrina','f');
insert into AppearsIn(actor,movie,role) values (2234,49,'Dancing Girl #1');
insert into Actors(id,familyname,givenNames,gender) values (2235,'Bolton','Barbara','f');
insert into AppearsIn(actor,movie,role) values (2235,32,'British Prisoner');
insert into Actors(id,familyname,givenNames,gender) values (2236,'Bond','Maya','f');
insert into AppearsIn(actor,movie,role) values (2236,51,'Ruth Elms');
insert into Actors(id,familyname,givenNames,gender) values (2237,'Boone','Sharon','f');
insert into AppearsIn(actor,movie,role) values (2237,36,'Dancer');
insert into Actors(id,familyname,givenNames,gender) values (2238,'Booth','Brenda Isaacs','f');
insert into AppearsIn(actor,movie,role) values (2238,33,'Secretary');
insert into Actors(id,familyname,givenNames,gender) values (2239,'Bourn','Dawn M.','f');
insert into AppearsIn(actor,movie,role) values (2239,7,'Woman in Life Boat');
insert into Actors(id,familyname,givenNames,gender) values (2240,'Bowman','Margaret','f');
insert into AppearsIn(actor,movie,role) values (2240,63,'Del Rio Motel Clerk');
insert into Actors(id,familyname,givenNames,gender) values (2241,'Boxer','Amanda','f');
insert into AppearsIn(actor,movie,role) values (2241,42,'Mrs. Margaret Ryan');
insert into Actors(id,familyname,givenNames,gender) values (2242,'Boyd','Alexandra','f');
insert into AppearsIn(actor,movie,role) values (2242,7,'1st Class Woman');
insert into Actors(id,familyname,givenNames,gender) values (2243,'Boyer','Katy','f');
insert into AppearsIn(actor,movie,role) values (2243,39,'Benjamin''s Mom');
insert into AppearsIn(actor,movie,role) values (2243,40,'Mother');
insert into Actors(id,familyname,givenNames,gender) values (2244,'Boyle','Lisa','f');
insert into AppearsIn(actor,movie,role) values (2244,50,'Marian');
insert into Actors(id,familyname,givenNames,gender) values (2245,'Boyle','Sally','f');
insert into AppearsIn(actor,movie,role) values (2245,54,'Aunt Rootie');
insert into Actors(id,familyname,givenNames,gender) values (2246,'Braun','Wendy','f');
insert into AppearsIn(actor,movie,role) values (2246,56,'Chorine Dancer');
insert into Actors(id,familyname,givenNames,gender) values (2247,'Breland','Marianna','f');
insert into AppearsIn(actor,movie,role) values (2247,64,'Wharvey Gal');
insert into Actors(id,familyname,givenNames,gender) values (2248,'Brett','Fannie','f');
insert into AppearsIn(actor,movie,role) values (2248,7,'Madame Aubert');
insert into Actors(id,familyname,givenNames,gender) values (2249,'Brinegar','Lisa','f');
insert into AppearsIn(actor,movie,role) values (2249,5,'Girl');
insert into Actors(id,familyname,givenNames,gender) values (2250,'Brinkemo','Evelina','f');
insert into AppearsIn(actor,movie,role) values (2250,12,'Athena');
insert into Actors(id,familyname,givenNames,gender) values (2251,'Brobeck','Anna','f');
insert into AppearsIn(actor,movie,role) values (2251,12,'Olympia');
insert into Actors(id,familyname,givenNames,gender) values (2252,'Brown','Blair','f');
insert into AppearsIn(actor,movie,role) values (2252,12,'Mrs. Henson');
insert into Actors(id,familyname,givenNames,gender) values (2253,'Brucato','Ingrid','f');
insert into AppearsIn(actor,movie,role) values (2253,53,'Curious Woman');
insert into Actors(id,familyname,givenNames,gender) values (2254,'Buckner','Bari','f');
insert into AppearsIn(actor,movie,role) values (2254,39,'Screaming Woman');
insert into Actors(id,familyname,givenNames,gender) values (2255,'Buie','Donna','f');
insert into AppearsIn(actor,movie,role) values (2255,30,'Daisy');
insert into Actors(id,familyname,givenNames,gender) values (2256,'Burke','Carlease','f');
insert into AppearsIn(actor,movie,role) values (2256,44,'Brookstone Manager');
insert into Actors(id,familyname,givenNames,gender) values (2257,'Burnett','Laura','f');
insert into AppearsIn(actor,movie,role) values (2257,38,'Archeologist');
insert into Actors(id,familyname,givenNames,gender) values (2258,'Burville','Elizabeth','f');
insert into AppearsIn(actor,movie,role) values (2258,36,'Dancer');
insert into Actors(id,familyname,givenNames,gender) values (2259,'Busia','Akosua','f');
insert into AppearsIn(actor,movie,role) values (2259,30,'Nettie Harris');
insert into Actors(id,familyname,givenNames,gender) values (2260,'Butler','Lucy','f');
insert into AppearsIn(actor,movie,role) values (2260,50,'Candace Dayton');
insert into Actors(id,familyname,givenNames,gender) values (2261,'Byron','Kathleen','f');
insert into AppearsIn(actor,movie,role) values (2261,47,'Lady Waddington');
insert into AppearsIn(actor,movie,role) values (2261,42,'Old Mrs. Ryan');
insert into Actors(id,familyname,givenNames,gender) values (2262,'Cabasa','Lisa Ann','f');
insert into AppearsIn(actor,movie,role) values (2262,54,'Reindeer Dancer');
insert into Actors(id,familyname,givenNames,gender) values (2263,'Cabral','Mercedes','f');
insert into AppearsIn(actor,movie,role) values (2263,24,'Thirst (2009)');
insert into Actors(id,familyname,givenNames,gender) values (2264,'Cahoon','Bonnie','f');
insert into AppearsIn(actor,movie,role) values (2264,40,'Nikki Jameson/Additional Voices');
insert into Actors(id,familyname,givenNames,gender) values (2265,'Caine','Allison','f');
insert into AppearsIn(actor,movie,role) values (2265,37,'Additional Voices');
insert into Actors(id,familyname,givenNames,gender) values (2266,'Calloway','Ashley','f');
insert into AppearsIn(actor,movie,role) values (2266,49,'Dancing Girl #3');
insert into Actors(id,familyname,givenNames,gender) values (2267,'Cameron','Susan','f');
insert into AppearsIn(actor,movie,role) values (2267,31,'Medic');
insert into Actors(id,familyname,givenNames,gender) values (2268,'Campbell','Adrienne','f');
insert into AppearsIn(actor,movie,role) values (2268,29,'Sylvia Neary');
insert into Actors(id,familyname,givenNames,gender) values (2269,'Campbell','Mariah','f');
insert into AppearsIn(actor,movie,role) values (2269,26,'Masery');
insert into Actors(id,familyname,givenNames,gender) values (2270,'Campbell','Marisa','f');
insert into AppearsIn(actor,movie,role) values (2270,36,'Dancer');
insert into Actors(id,familyname,givenNames,gender) values (2271,'Capshaw','Jessica','f');
insert into AppearsIn(actor,movie,role) values (2271,40,'Evanna');
insert into Actors(id,familyname,givenNames,gender) values (2272,'Capshaw','Kate','f');
insert into AppearsIn(actor,movie,role) values (2272,36,'Wilhelmina ''Willie'' Scott');
insert into Actors(id,familyname,givenNames,gender) values (2273,'Carby','Fanny','f');
insert into AppearsIn(actor,movie,role) values (2273,47,'Mrs. Kendal''s Dresser');
insert into Actors(id,familyname,givenNames,gender) values (2274,'Carlisle','Kitty','f');
insert into AppearsIn(actor,movie,role) values (2274,28,'Herself');
insert into Actors(id,familyname,givenNames,gender) values (2275,'Carrera','Asia','f');
insert into AppearsIn(actor,movie,role) values (2275,56,'Sherry in ''Logjammin''');
insert into Actors(id,familyname,givenNames,gender) values (2276,'Carrere','Tia','f');
insert into AppearsIn(actor,movie,role) values (2276,8,'Juno Skinner');
insert into Actors(id,familyname,givenNames,gender) values (2277,'Carter','KimStacy','f');
insert into AppearsIn(actor,movie,role) values (2277,26,'Tecora Slave');
insert into Actors(id,familyname,givenNames,gender) values (2278,'Carteris','Gabrielle','f');
insert into AppearsIn(actor,movie,role) values (2278,40,'Agatha/Additional Voices');
insert into Actors(id,familyname,givenNames,gender) values (2279,'Cartwright','Christine','f');
insert into AppearsIn(actor,movie,role) values (2279,36,'Dancer');
insert into Actors(id,familyname,givenNames,gender) values (2280,'Casey','Debra','f');
insert into AppearsIn(actor,movie,role) values (2280,5,'Mohawk Girl at Biker Bar');
insert into Actors(id,familyname,givenNames,gender) values (2281,'Cash','Monique','f');
insert into AppearsIn(actor,movie,role) values (2281,49,'Lead Dancer');
insert into Actors(id,familyname,givenNames,gender) values (2282,'Castle','Ann','f');
insert into AppearsIn(actor,movie,role) values (2282,32,'Mrs. Phillips');
insert into Actors(id,familyname,givenNames,gender) values (2283,'Cedotal','Vanessa','f');
insert into AppearsIn(actor,movie,role) values (2283,40,'Woman');
insert into Actors(id,familyname,givenNames,gender) values (2284,'Cerisola','Carolina','f');
insert into AppearsIn(actor,movie,role) values (2284,49,'Club Backstage Girl');
insert into Actors(id,familyname,givenNames,gender) values (2285,'Chance','Andrea','f');
insert into AppearsIn(actor,movie,role) values (2285,36,'Dancer');
insert into Actors(id,familyname,givenNames,gender) values (2286,'Chantrell','Shirley','f');
insert into AppearsIn(actor,movie,role) values (2286,32,'Chinese Cook at Detention Centre');
insert into Actors(id,familyname,givenNames,gender) values (2287,'Chappell','Katsy','f');
insert into AppearsIn(actor,movie,role) values (2287,8,'Allison');
insert into Actors(id,familyname,givenNames,gender) values (2288,'Charles','Nancy Linehan','f');
insert into AppearsIn(actor,movie,role) values (2288,40,'Celeste Burgess');
insert into Actors(id,familyname,givenNames,gender) values (2289,'Chase','Daveigh','f');
insert into AppearsIn(actor,movie,role) values (2289,27,'Child Singer');
insert into Actors(id,familyname,givenNames,gender) values (2290,'Chase','Helena','f');
insert into AppearsIn(actor,movie,role) values (2290,49,'Street Person #1');
insert into Actors(id,familyname,givenNames,gender) values (2291,'Chatton','Charlotte','f');
insert into AppearsIn(actor,movie,role) values (2291,7,'Madeleine Astor');
insert into Actors(id,familyname,givenNames,gender) values (2292,'Chauvin','Lilyan','f');
insert into AppearsIn(actor,movie,role) values (2292,28,'Mrs. Lavalier');
insert into Actors(id,familyname,givenNames,gender) values (2293,'Cheatham-Mosley','Karla','f');
insert into AppearsIn(actor,movie,role) values (2293,58,'Party Guest #2');
insert into Actors(id,familyname,givenNames,gender) values (2294,'Chen','Joan','f');
insert into AppearsIn(actor,movie,role) values (2294,53,'Jocelyn ''Josie'' Packard');
insert into Actors(id,familyname,givenNames,gender) values (2295,'Cheshire','Denise','f');
insert into AppearsIn(actor,movie,role) values (2295,25,'Swimming Girl (at U-boat periscope)');
insert into AppearsIn(actor,movie,role) values (2295,37,'Swimming Chrissie, First Victim');
insert into Actors(id,familyname,givenNames,gender) values (2296,'Chester','Vanessa Lee','f');
insert into AppearsIn(actor,movie,role) values (2296,39,'Kelly Curtis Malcolm');
insert into Actors(id,familyname,givenNames,gender) values (2297,'Choi','Hie-jin','f');
insert into AppearsIn(actor,movie,role) values (2297,21,'Choi Seul-gi');
insert into Actors(id,familyname,givenNames,gender) values (2298,'Chong','Rae Dawn','f');
insert into AppearsIn(actor,movie,role) values (2298,30,'Squeak');
insert into Actors(id,familyname,givenNames,gender) values (2299,'Chu','Jennifer','f');
insert into AppearsIn(actor,movie,role) values (2299,44,'Chinese Interpreter');
insert into Actors(id,familyname,givenNames,gender) values (2300,'Clare','Jillian','f');
insert into AppearsIn(actor,movie,role) values (2300,28,'Little Girl');
insert into Actors(id,familyname,givenNames,gender) values (2301,'Clark','Michelle','f');
insert into AppearsIn(actor,movie,role) values (2301,49,'Make-Up Artist');
insert into Actors(id,familyname,givenNames,gender) values (2302,'Clarkson','Patricia','f');
insert into AppearsIn(actor,movie,role) values (2302,12,'Vera');
insert into Actors(id,familyname,givenNames,gender) values (2303,'Clever','Kimberly','f');
insert into AppearsIn(actor,movie,role) values (2303,51,'Dancer');
insert into Actors(id,familyname,givenNames,gender) values (2304,'Cline','Carrie ''CeCe''','f');
insert into AppearsIn(actor,movie,role) values (2304,28,'Missy');
insert into Actors(id,familyname,givenNames,gender) values (2305,'Close','Glenn','f');
insert into AppearsIn(actor,movie,role) values (2305,33,'Gutless');
insert into Actors(id,familyname,givenNames,gender) values (2306,'Cobler','Jan','f');
insert into AppearsIn(actor,movie,role) values (2306,33,'Secretary');
insert into Actors(id,familyname,givenNames,gender) values (2307,'Codling','Teresa','f');
insert into AppearsIn(actor,movie,role) values (2307,47,'Princess In Panto');
insert into Actors(id,familyname,givenNames,gender) values (2308,'Cohen','Ashley','f');
insert into AppearsIn(actor,movie,role) values (2308,28,'Party Twin');
insert into Actors(id,familyname,givenNames,gender) values (2309,'Cohen','Gilda','f');
insert into AppearsIn(actor,movie,role) values (2309,47,'Midget');
insert into Actors(id,familyname,givenNames,gender) values (2310,'Cohen','Kelly','f');
insert into AppearsIn(actor,movie,role) values (2310,28,'Party Twin');
insert into Actors(id,familyname,givenNames,gender) values (2311,'Cohn','Lauren','f');
insert into AppearsIn(actor,movie,role) values (2311,28,'Female Teller');
insert into Actors(id,familyname,givenNames,gender) values (2312,'Cole','Kimberly Ann','f');
insert into AppearsIn(actor,movie,role) values (2312,53,'Lil the Dancer');
insert into Actors(id,familyname,givenNames,gender) values (2313,'Coleman','Eliza','f');
insert into AppearsIn(actor,movie,role) values (2313,27,'General Circuita');
insert into Actors(id,familyname,givenNames,gender) values (2314,'Coles','Barbara','f');
insert into AppearsIn(actor,movie,role) values (2314,2,'Cocooned Woman');
insert into Actors(id,familyname,givenNames,gender) values (2315,'Colgan','Valerie','f');
insert into AppearsIn(actor,movie,role) values (2315,2,'ECA Representative');
insert into AppearsIn(actor,movie,role) values (2315,42,'War Department Clerk');
insert into Actors(id,familyname,givenNames,gender) values (2316,'Collins','Jessica','f');
insert into AppearsIn(actor,movie,role) values (2316,28,'Peggy');
insert into Actors(id,familyname,givenNames,gender) values (2317,'Colton','Jan','f');
insert into AppearsIn(actor,movie,role) values (2317,36,'Dancer');
insert into Actors(id,familyname,givenNames,gender) values (2318,'Condon','Barbara Kerr','f');
insert into AppearsIn(actor,movie,role) values (2318,61,'Herb Myerson''s Private Nurse');
insert into Actors(id,familyname,givenNames,gender) values (2319,'Conwell','Nula','f');
insert into AppearsIn(actor,movie,role) values (2319,47,'Nurse Kathleen');
insert into Actors(id,familyname,givenNames,gender) values (2320,'Cooper','Audra L.','f');
insert into AppearsIn(actor,movie,role) values (2320,53,'Second Prostitute');
insert into Actors(id,familyname,givenNames,gender) values (2321,'Copeland','Kathi','f');
insert into AppearsIn(actor,movie,role) values (2321,40,'Murder Bystander');
insert into Actors(id,familyname,givenNames,gender) values (2322,'Cordiner','Anne','f');
insert into AppearsIn(actor,movie,role) values (2322,17,'StepMother, Australian');
insert into Actors(id,familyname,givenNames,gender) values (2323,'Cornett','Mercedes','f');
insert into AppearsIn(actor,movie,role) values (2323,28,'Heather');
insert into Actors(id,familyname,givenNames,gender) values (2324,'Coronel','Marly','f');
insert into AppearsIn(actor,movie,role) values (2324,34,'Villager');
insert into Actors(id,familyname,givenNames,gender) values (2325,'Costello','Deirdre','f');
insert into AppearsIn(actor,movie,role) values (2325,47,'1st Whore');
insert into Actors(id,familyname,givenNames,gender) values (2326,'Cottet','Mia','f');
insert into AppearsIn(actor,movie,role) values (2326,61,'Ramona Barcelona');
insert into Actors(id,familyname,givenNames,gender) values (2327,'Coulson','Catherine E.','f');
insert into AppearsIn(actor,movie,role) values (2327,53,'The Log Lady');
insert into Actors(id,familyname,givenNames,gender) values (2328,'Courtney','Fritzi Jane','f');
insert into AppearsIn(actor,movie,role) values (2328,37,'Mrs. Taft');
insert into Actors(id,familyname,givenNames,gender) values (2329,'Cox','Evelyn','f');
insert into AppearsIn(actor,movie,role) values (2329,64,'Cox Family');
insert into Actors(id,familyname,givenNames,gender) values (2330,'Cox','Nikki','f');
insert into AppearsIn(actor,movie,role) values (2330,5,'Girl');
insert into Actors(id,familyname,givenNames,gender) values (2331,'Cox','Suzanne','f');
insert into AppearsIn(actor,movie,role) values (2331,64,'Cox Family');
insert into Actors(id,familyname,givenNames,gender) values (2332,'Crider','Missy','f');
insert into AppearsIn(actor,movie,role) values (2332,51,'Waitress at Winkies (Diane/Betty)');
insert into Actors(id,familyname,givenNames,gender) values (2333,'Cronin','Laurel','f');
insert into AppearsIn(actor,movie,role) values (2333,33,'Liza, Wendy''s Housekeeper');
insert into Actors(id,familyname,givenNames,gender) values (2334,'Cross','Paula','f');
insert into AppearsIn(actor,movie,role) values (2334,1,'Young Woman');
insert into Actors(id,familyname,givenNames,gender) values (2335,'Crow','Ashley','f');
insert into AppearsIn(actor,movie,role) values (2335,40,'Sarah Marks');
insert into Actors(id,familyname,givenNames,gender) values (2336,'Cruise','Julee','f');
insert into AppearsIn(actor,movie,role) values (2336,53,'Roadhouse Singer');
insert into Actors(id,familyname,givenNames,gender) values (2337,'Csitos','Michelle','f');
insert into AppearsIn(actor,movie,role) values (2337,43,'Schindler''s List (1993)  (uncredited)');
insert into Actors(id,familyname,givenNames,gender) values (2338,'Culver','Carol','f');
insert into AppearsIn(actor,movie,role) values (2338,25,'Anderson Sister');
insert into Actors(id,familyname,givenNames,gender) values (2339,'Curtis','Jamie Lee','f');
insert into AppearsIn(actor,movie,role) values (2339,8,'Helen Tasker');
insert into Actors(id,familyname,givenNames,gender) values (2340,'Cybulski','Henryka','f');
insert into AppearsIn(actor,movie,role) values (2340,49,'Mrs. Zydowicz');
insert into Actors(id,familyname,givenNames,gender) values (2341,'D''Arcy','Jan','f');
insert into AppearsIn(actor,movie,role) values (2341,53,'Sylvia Horne');
insert into Actors(id,familyname,givenNames,gender) values (2342,'Dabrowska','Oliwia','f');
insert into AppearsIn(actor,movie,role) values (2342,43,'Red Genia');
insert into Actors(id,familyname,givenNames,gender) values (2343,'Dalgleish','Louise','f');
insert into AppearsIn(actor,movie,role) values (2343,36,'Dancer');
insert into Actors(id,familyname,givenNames,gender) values (2344,'Dandourian','Magdalena','f');
insert into AppearsIn(actor,movie,role) values (2344,43,'Nuisa Horowitz');
insert into Actors(id,familyname,givenNames,gender) values (2345,'Darko','Juliette','f');
insert into AppearsIn(actor,movie,role) values (2345,26,'Teme');
insert into Actors(id,familyname,givenNames,gender) values (2346,'Dattilo','Kristin','f');
insert into AppearsIn(actor,movie,role) values (2346,61,'Rex''s Young Woman');
insert into Actors(id,familyname,givenNames,gender) values (2347,'Davenport','Claire','f');
insert into AppearsIn(actor,movie,role) values (2347,47,'Fat Lady');
insert into Actors(id,familyname,givenNames,gender) values (2348,'Davidtz','Embeth','f');
insert into AppearsIn(actor,movie,role) values (2348,43,'Helen Hirsch');
insert into Actors(id,familyname,givenNames,gender) values (2349,'Davis','Judy','f');
insert into AppearsIn(actor,movie,role) values (2349,55,'Audrey Taylor');
insert into Actors(id,familyname,givenNames,gender) values (2350,'Davis','Mary Bond','f');
insert into AppearsIn(actor,movie,role) values (2350,33,'Prostitute');
insert into Actors(id,familyname,givenNames,gender) values (2351,'Dawson','Kiva','f');
insert into AppearsIn(actor,movie,role) values (2351,56,'Dancer');
insert into Actors(id,familyname,givenNames,gender) values (2352,'de la Cheneliere','Evelyne','f');
insert into AppearsIn(actor,movie,role) values (2352,44,'Passenger');
insert into Actors(id,familyname,givenNames,gender) values (2353,'de Mel','Ruby','f');
insert into AppearsIn(actor,movie,role) values (2353,36,'Village Woman');
insert into Actors(id,familyname,givenNames,gender) values (2354,'de Sosa','Ruth','f');
insert into AppearsIn(actor,movie,role) values (2354,33,'Secretary');
insert into Actors(id,familyname,givenNames,gender) values (2355,'Deacon','Gwenda','f');
insert into AppearsIn(actor,movie,role) values (2355,5,'Gwen, Night Nurse');
insert into Actors(id,familyname,givenNames,gender) values (2356,'DeBriae','Mary A.','f');
insert into AppearsIn(actor,movie,role) values (2356,8,'Swiss Aristocrat');
insert into Actors(id,familyname,givenNames,gender) values (2357,'Del Rio','Rebekah','f');
insert into AppearsIn(actor,movie,role) values (2357,51,'Herself');
insert into AppearsIn(actor,movie,role) values (2357,52,'Jane');
insert into Actors(id,familyname,givenNames,gender) values (2358,'Delano','Diane','f');
insert into AppearsIn(actor,movie,role) values (2358,62,'Mountain Girl');
insert into Actors(id,familyname,givenNames,gender) values (2359,'Deneuve','Catherine','f');
insert into AppearsIn(actor,movie,role) values (2359,11,'Kathy');
insert into Actors(id,familyname,givenNames,gender) values (2360,'Dengler-Eaton','Lisa','f');
insert into AppearsIn(actor,movie,role) values (2360,49,'Club Dancer');
insert into Actors(id,familyname,givenNames,gender) values (2361,'Depland','A. Michelle','f');
insert into AppearsIn(actor,movie,role) values (2361,45,'Party Girl');
insert into Actors(id,familyname,givenNames,gender) values (2362,'Dern','Laura','f');
insert into AppearsIn(actor,movie,role) values (2362,45,'Sandy Williams');
insert into AppearsIn(actor,movie,role) values (2362,49,'Nikki Grace/Susan Blue');
insert into AppearsIn(actor,movie,role) values (2362,38,'Dr. Ellie Sattler');
insert into AppearsIn(actor,movie,role) values (2362,54,'Lula Fortune');
insert into Actors(id,familyname,givenNames,gender) values (2363,'Deschanel','Mary Jo','f');
insert into AppearsIn(actor,movie,role) values (2363,53,'Eileen Hayward');
insert into Actors(id,familyname,givenNames,gender) values (2364,'Diaz','Cameron','f');
insert into AppearsIn(actor,movie,role) values (2364,40,'Woman on Metro');
insert into Actors(id,familyname,givenNames,gender) values (2365,'Dickerson','Erynn','f');
insert into AppearsIn(actor,movie,role) values (2365,49,'Dancing Girl #4');
insert into Actors(id,familyname,givenNames,gender) values (2366,'Dillon','Melinda','f');
insert into AppearsIn(actor,movie,role) values (2366,29,'Gillian Guiler');
insert into Actors(id,familyname,givenNames,gender) values (2367,'Distefano','Lillian Njoki','f');
insert into AppearsIn(actor,movie,role) values (2367,30,'Young Tashi');
insert into Actors(id,familyname,givenNames,gender) values (2368,'Doody','Alison','f');
insert into AppearsIn(actor,movie,role) values (2368,35,'Dr. Elsa Schneider');
insert into Actors(id,familyname,givenNames,gender) values (2369,'Dooling','Lucinda','f');
insert into AppearsIn(actor,movie,role) values (2369,25,'Lucinda');
insert into Actors(id,familyname,givenNames,gender) values (2370,'Doubleday','Kaitlin','f');
insert into AppearsIn(actor,movie,role) values (2370,28,'Joanna');
insert into Actors(id,familyname,givenNames,gender) values (2371,'Douglass','Amy','f');
insert into AppearsIn(actor,movie,role) values (2371,29,'Implantee');
insert into Actors(id,familyname,givenNames,gender) values (2372,'Doverspike','Lauran','f');
insert into AppearsIn(actor,movie,role) values (2372,49,'The Other Woman');
insert into Actors(id,familyname,givenNames,gender) values (2373,'Doyle','Lorraine','f');
insert into AppearsIn(actor,movie,role) values (2373,36,'Dancer');
insert into Actors(id,familyname,givenNames,gender) values (2374,'Drake','Judith','f');
insert into AppearsIn(actor,movie,role) values (2374,61,'Mrs. Gutman');
insert into Actors(id,familyname,givenNames,gender) values (2375,'Dresner','Danka','f');
insert into AppearsIn(actor,movie,role) values (2375,43,'Herself - Schindler Mourner');
insert into Actors(id,familyname,givenNames,gender) values (2376,'du Tertre','Celine','f');
insert into AppearsIn(actor,movie,role) values (2376,28,'Little Girl on Street');
insert into Actors(id,familyname,givenNames,gender) values (2377,'Duffy','Julia','f');
insert into AppearsIn(actor,movie,role) values (2377,61,'Sarah Sorkin');
insert into Actors(id,familyname,givenNames,gender) values (2378,'Dumas','Mildred','f');
insert into AppearsIn(actor,movie,role) values (2378,62,'Church Voice');
insert into Actors(id,familyname,givenNames,gender) values (2379,'Dunlop','Lesley','f');
insert into AppearsIn(actor,movie,role) values (2379,47,'Nora');
insert into Actors(id,familyname,givenNames,gender) values (2380,'Dunn','Kathleen S.','f');
insert into AppearsIn(actor,movie,role) values (2380,7,'Woman in Water');
insert into Actors(id,familyname,givenNames,gender) values (2381,'Dunn','Maureen','f');
insert into AppearsIn(actor,movie,role) values (2381,40,'Adulation #5');
insert into Actors(id,familyname,givenNames,gender) values (2382,'Dushku','Eliza','f');
insert into AppearsIn(actor,movie,role) values (2382,8,'Dana Tasker');
insert into Actors(id,familyname,givenNames,gender) values (2383,'Eccles','Julie','f');
insert into AppearsIn(actor,movie,role) values (2383,35,'Irene');
insert into Actors(id,familyname,givenNames,gender) values (2384,'Echols','Jennifer','f');
insert into AppearsIn(actor,movie,role) values (2384,62,'Waffle Hut Waitress');
insert into Actors(id,familyname,givenNames,gender) values (2385,'Eifert','Jamie','f');
insert into AppearsIn(actor,movie,role) values (2385,49,'Sandi');
insert into Actors(id,familyname,givenNames,gender) values (2386,'Eleniak','Erika','f');
insert into AppearsIn(actor,movie,role) values (2386,31,'Pretty Young Girl');
insert into Actors(id,familyname,givenNames,gender) values (2387,'Elrod','Lu','f');
insert into AppearsIn(actor,movie,role) values (2387,56,'Coffee Shop Waitress');
insert into Actors(id,familyname,givenNames,gender) values (2388,'Engel','Susan','f');
insert into AppearsIn(actor,movie,role) values (2388,44,'Stewardess');
insert into Actors(id,familyname,givenNames,gender) values (2389,'Evangelisti','Noel','f');
insert into AppearsIn(actor,movie,role) values (2389,5,'Hospital Guard');
insert into Actors(id,familyname,givenNames,gender) values (2390,'Evans','Michelle','f');
insert into AppearsIn(actor,movie,role) values (2390,42,'Jean''s Wife');
insert into Actors(id,familyname,givenNames,gender) values (2391,'Everett','Pamela','f');
insert into AppearsIn(actor,movie,role) values (2391,60,'Dream Dancer');
insert into Actors(id,familyname,givenNames,gender) values (2392,'Fabian','Miri','f');
insert into AppearsIn(actor,movie,role) values (2392,43,'Chaja Dresner');
insert into Actors(id,familyname,givenNames,gender) values (2393,'Falkenberg','Katrine','f');
insert into AppearsIn(actor,movie,role) values (2393,11,'Suzan');
insert into Actors(id,familyname,givenNames,gender) values (2394,'Fallon','Siobhan','f');
insert into AppearsIn(actor,movie,role) values (2394,11,'Brenda');
insert into AppearsIn(actor,movie,role) values (2394,12,'Martha');
insert into Actors(id,familyname,givenNames,gender) values (2395,'Farhi','Ruth','f');
insert into AppearsIn(actor,movie,role) values (2395,43,'Old Jewish Woman');
insert into Actors(id,familyname,givenNames,gender) values (2396,'Fay','Meagen','f');
insert into AppearsIn(actor,movie,role) values (2396,55,'Poppy Carnahan');
insert into Actors(id,familyname,givenNames,gender) values (2397,'Fenn','Sherilyn','f');
insert into AppearsIn(actor,movie,role) values (2397,54,'Girl in Accident');
insert into Actors(id,familyname,givenNames,gender) values (2398,'Ferera','Ravit','f');
insert into AppearsIn(actor,movie,role) values (2398,43,'Maria Mischel');
insert into Actors(id,familyname,givenNames,gender) values (2399,'Ferguson','Lisa K.','f');
insert into AppearsIn(actor,movie,role) values (2399,51,'Julie Chadwick');
insert into Actors(id,familyname,givenNames,gender) values (2400,'Fieldwright','Vanessa','f');
insert into AppearsIn(actor,movie,role) values (2400,36,'Dancer');
insert into Actors(id,familyname,givenNames,gender) values (2401,'Fierro','Lee','f');
insert into AppearsIn(actor,movie,role) values (2401,37,'Mrs. Kintner');
insert into Actors(id,familyname,givenNames,gender) values (2402,'Finger','Nancy','f');
insert into AppearsIn(actor,movie,role) values (2402,57,'Girl on Overlook');
insert into Actors(id,familyname,givenNames,gender) values (2403,'Fisher','Carrie','f');
insert into AppearsIn(actor,movie,role) values (2403,33,'Woman Kissing on Bridge');
insert into Actors(id,familyname,givenNames,gender) values (2404,'Fisher','Frances','f');
insert into AppearsIn(actor,movie,role) values (2404,7,'Ruth Dewitt Bukater');
insert into Actors(id,familyname,givenNames,gender) values (2405,'Fletcher','Anne','f');
insert into AppearsIn(actor,movie,role) values (2405,7,'Dancer');
insert into Actors(id,familyname,givenNames,gender) values (2406,'Fletcher','Diane','f');
insert into AppearsIn(actor,movie,role) values (2406,27,'Sentient Machine Security');
insert into Actors(id,familyname,givenNames,gender) values (2407,'Forbes','Sheridan','f');
insert into AppearsIn(actor,movie,role) values (2407,32,'British Prisoner');
insert into Actors(id,familyname,givenNames,gender) values (2408,'Ford','Erica','f');
insert into AppearsIn(actor,movie,role) values (2408,40,'Employee');
insert into Actors(id,familyname,givenNames,gender) values (2409,'Foreman','Amanda','f');
insert into AppearsIn(actor,movie,role) values (2409,49,'Tracy');
insert into Actors(id,familyname,givenNames,gender) values (2410,'Forster','Kate','f');
insert into AppearsIn(actor,movie,role) values (2410,51,'Martha Johnson');
insert into Actors(id,familyname,givenNames,gender) values (2411,'Frank','Judy','f');
insert into AppearsIn(actor,movie,role) values (2411,58,'Lawyer''s Secretary');
insert into Actors(id,familyname,givenNames,gender) values (2412,'Frazier','Loree','f');
insert into AppearsIn(actor,movie,role) values (2412,6,'Customer');
insert into Actors(id,familyname,givenNames,gender) values (2413,'Freeman','Margaret','f');
insert into AppearsIn(actor,movie,role) values (2413,30,'Odessa');
insert into Actors(id,familyname,givenNames,gender) values (2414,'Friedler-Gow','Lauren','f');
insert into AppearsIn(actor,movie,role) values (2414,33,'Lost Boy in Play');
insert into Actors(id,familyname,givenNames,gender) values (2415,'Furst','Stephanie','f');
insert into AppearsIn(actor,movie,role) values (2415,33,'Mermaid');
insert into Actors(id,familyname,givenNames,gender) values (2416,'Gafrey','Mary','f');
insert into AppearsIn(actor,movie,role) values (2416,29,'Mrs. Harris');
insert into Actors(id,familyname,givenNames,gender) values (2417,'Gaines','Marjorie','f');
insert into AppearsIn(actor,movie,role) values (2417,25,'Anderson Sister');
insert into Actors(id,familyname,givenNames,gender) values (2418,'Gainsbourg','Charlotte','f');
insert into AppearsIn(actor,movie,role) values (2418,10,'Antichrist (2009)');
insert into Actors(id,familyname,givenNames,gender) values (2419,'Gaipa','Amy','f');
insert into AppearsIn(actor,movie,role) values (2419,7,'Trudy Bolt');
insert into Actors(id,familyname,givenNames,gender) values (2420,'Galayini','Riad','f');
insert into AppearsIn(actor,movie,role) values (2420,44,'Chef');
insert into Actors(id,familyname,givenNames,gender) values (2421,'Gallego','Gina','f');
insert into AppearsIn(actor,movie,role) values (2421,40,'Pre-Crime Public Service Announcer');
insert into Actors(id,familyname,givenNames,gender) values (2422,'Gallup','Denise','f');
insert into AppearsIn(actor,movie,role) values (2422,25,'Twin');
insert into Actors(id,familyname,givenNames,gender) values (2423,'Gallup','Dian','f');
insert into AppearsIn(actor,movie,role) values (2423,25,'Twin');
insert into Actors(id,familyname,givenNames,gender) values (2424,'Gannen','Barbara','f');
insert into AppearsIn(actor,movie,role) values (2424,25,'Interceptor Assistant');
insert into Actors(id,familyname,givenNames,gender) values (2425,'Garland','Trish','f');
insert into AppearsIn(actor,movie,role) values (2425,25,'Anderson Sister');
insert into Actors(id,familyname,givenNames,gender) values (2426,'Garner','Jennifer','f');
insert into AppearsIn(actor,movie,role) values (2426,28,'Cheryl Ann');
insert into Actors(id,familyname,givenNames,gender) values (2427,'Garr','Teri','f');
insert into AppearsIn(actor,movie,role) values (2427,29,'Ronnie Neary');
insert into Actors(id,familyname,givenNames,gender) values (2428,'Garten','Aimee Amanda','f');
insert into AppearsIn(actor,movie,role) values (2428,7,'Young Female 1st Class Passener');
insert into Actors(id,familyname,givenNames,gender) values (2429,'Garten','Jo Lynn','f');
insert into AppearsIn(actor,movie,role) values (2429,7,'Older Female 2nd Class Passenger');
insert into Actors(id,familyname,givenNames,gender) values (2430,'Gary','Lorraine','f');
insert into AppearsIn(actor,movie,role) values (2430,25,'Joan Douglas');
insert into AppearsIn(actor,movie,role) values (2430,37,'Ellen Brody');
insert into Actors(id,familyname,givenNames,gender) values (2431,'Gavia','Raquel','f');
insert into AppearsIn(actor,movie,role) values (2431,57,'Landlady');
insert into Actors(id,familyname,givenNames,gender) values (2432,'Gaybis','Anne','f');
insert into AppearsIn(actor,movie,role) values (2432,53,'Dancer on Stage in ''Pink Room''');
insert into Actors(id,familyname,givenNames,gender) values (2433,'Gebel','Malgoscha','f');
insert into AppearsIn(actor,movie,role) values (2433,43,'Wiktoria Klonowska');
insert into Actors(id,familyname,givenNames,gender) values (2434,'Gebuhr','Vera','f');
insert into AppearsIn(actor,movie,role) values (2434,14,'Depot Assistant');
insert into AppearsIn(actor,movie,role) values (2434,15,'Aeldre Terne');
insert into Actors(id,familyname,givenNames,gender) values (2435,'Gelman','Kimiko','f');
insert into AppearsIn(actor,movie,role) values (2435,40,'Mother on Metro');
insert into Actors(id,familyname,givenNames,gender) values (2436,'George','Melissa','f');
insert into AppearsIn(actor,movie,role) values (2436,51,'Camilla Rhodes');
insert into Actors(id,familyname,givenNames,gender) values (2437,'Giancaterino','Kim','f');
insert into AppearsIn(actor,movie,role) values (2437,8,'Restaurant Patron');
insert into Actors(id,familyname,givenNames,gender) values (2438,'Gidley','Pamela','f');
insert into AppearsIn(actor,movie,role) values (2438,53,'Teresa Banks');
insert into Actors(id,familyname,givenNames,gender) values (2439,'Gilan','Yvonne','f');
insert into AppearsIn(actor,movie,role) values (2439,32,'Mrs. Lockwood');
insert into Actors(id,familyname,givenNames,gender) values (2440,'Gillis','Mary','f');
insert into AppearsIn(actor,movie,role) values (2440,61,'Court Reporter');
insert into Actors(id,familyname,givenNames,gender) values (2441,'Glaser','Sara','f');
insert into AppearsIn(actor,movie,role) values (2441,49,'Script Supervisor Ellen Thomas');
insert into Actors(id,familyname,givenNames,gender) values (2442,'Glass','Tiffany','f');
insert into AppearsIn(actor,movie,role) values (2442,28,'Miss Mason');
insert into Actors(id,familyname,givenNames,gender) values (2443,'Glassman','Brenda','f');
insert into AppearsIn(actor,movie,role) values (2443,36,'Dancer');
insert into Actors(id,familyname,givenNames,gender) values (2444,'Glazer','Cori','f');
insert into AppearsIn(actor,movie,role) values (2444,51,'Blue-Haired Lady in balcony seat at Club Silencio');
insert into Actors(id,familyname,givenNames,gender) values (2445,'Gleason','Mary Pat','f');
insert into AppearsIn(actor,movie,role) values (2445,61,'Nero''s Waitress');
insert into Actors(id,familyname,givenNames,gender) values (2446,'Glenn','Mary F.','f');
insert into AppearsIn(actor,movie,role) values (2446,65,'Payroll Cashier');
insert into Actors(id,familyname,givenNames,gender) values (2447,'Glinska','Ludmilla','f');
insert into AppearsIn(actor,movie,role) values (2447,15,'Glauce');
insert into Actors(id,familyname,givenNames,gender) values (2448,'Glockner','Eleanor','f');
insert into AppearsIn(actor,movie,role) values (2448,60,'Mrs. Mussburger');
insert into Actors(id,familyname,givenNames,gender) values (2449,'Go','Su-hee','f');
insert into AppearsIn(actor,movie,role) values (2449,17,'Ma-nyeo');
insert into Actors(id,familyname,givenNames,gender) values (2450,'Goldberg','Whoopi','f');
insert into AppearsIn(actor,movie,role) values (2450,30,'Celie Johnson');
insert into Actors(id,familyname,givenNames,gender) values (2451,'Goldstein','Jenette','f');
insert into AppearsIn(actor,movie,role) values (2451,2,'Pvt. Vasquez');
insert into AppearsIn(actor,movie,role) values (2451,5,'Janelle Voight');
insert into AppearsIn(actor,movie,role) values (2451,7,'Irish Mommy');
insert into Actors(id,familyname,givenNames,gender) values (2452,'Goodall','Caroline','f');
insert into AppearsIn(actor,movie,role) values (2452,33,'Moira Banning');
insert into AppearsIn(actor,movie,role) values (2452,43,'Emilie Schindler');
insert into Actors(id,familyname,givenNames,gender) values (2453,'Gordon','Hannah','f');
insert into AppearsIn(actor,movie,role) values (2453,47,'Mrs. Treves');
insert into Actors(id,familyname,givenNames,gender) values (2454,'Gordon','Kari','f');
insert into AppearsIn(actor,movie,role) values (2454,40,'Child');
insert into Actors(id,familyname,givenNames,gender) values (2455,'Gordon','Raquel','f');
insert into AppearsIn(actor,movie,role) values (2455,40,'Child');
insert into Actors(id,familyname,givenNames,gender) values (2456,'Gordon','Wendy','f');
insert into AppearsIn(actor,movie,role) values (2456,1,'Anchorwoman');
insert into Actors(id,familyname,givenNames,gender) values (2457,'Gough','Elaine','f');
insert into AppearsIn(actor,movie,role) values (2457,36,'Dancer');
insert into Actors(id,familyname,givenNames,gender) values (2458,'Grace','April','f');
insert into AppearsIn(actor,movie,role) values (2458,27,'Female Colleague');
insert into Actors(id,familyname,givenNames,gender) values (2459,'Graham','Heather','f');
insert into AppearsIn(actor,movie,role) values (2459,53,'Annie Blackburn');
insert into Actors(id,familyname,givenNames,gender) values (2460,'Grant','Beth','f');
insert into AppearsIn(actor,movie,role) values (2460,63,'Carla Jean''s Mother');
insert into Actors(id,familyname,givenNames,gender) values (2461,'Grant','Lee','f');
insert into AppearsIn(actor,movie,role) values (2461,51,'Louise Bonner');
insert into Actors(id,familyname,givenNames,gender) values (2462,'Grdevich','Sabrina','f');
insert into AppearsIn(actor,movie,role) values (2462,27,'Secretary');
insert into Actors(id,familyname,givenNames,gender) values (2463,'Greaves','Gail','f');
insert into AppearsIn(actor,movie,role) values (2463,49,'Bartender');
insert into Actors(id,familyname,givenNames,gender) values (2464,'Green-Fann','Mi Mi','f');
insert into AppearsIn(actor,movie,role) values (2464,62,'Church Voice');
insert into Actors(id,familyname,givenNames,gender) values (2465,'Gregson Wagner','Natasha','f');
insert into AppearsIn(actor,movie,role) values (2465,50,'Sheila');
insert into Actors(id,familyname,givenNames,gender) values (2466,'Gribbon','Melissa','f');
insert into AppearsIn(actor,movie,role) values (2466,28,'Stewardess');
insert into Actors(id,familyname,givenNames,gender) values (2467,'Grimes','Barbara Ann','f');
insert into AppearsIn(actor,movie,role) values (2467,60,'Mrs. Cardoza');
insert into Actors(id,familyname,givenNames,gender) values (2468,'Grochal','Aldona','f');
insert into AppearsIn(actor,movie,role) values (2468,43,'Mrs. Nussbaum');
insert into Actors(id,familyname,givenNames,gender) values (2469,'Grudzka','Dominiya','f');
insert into AppearsIn(actor,movie,role) values (2469,49,'Woman #1');
insert into Actors(id,familyname,givenNames,gender) values (2470,'Grumbar','Dorothy','f');
insert into AppearsIn(actor,movie,role) values (2470,42,'Old French Woman');
insert into Actors(id,familyname,givenNames,gender) values (2471,'Gruszka','Karolina','f');
insert into AppearsIn(actor,movie,role) values (2471,49,'Lost Girl');
insert into Actors(id,familyname,givenNames,gender) values (2472,'Grzymowicz','Marcin','f');
insert into AppearsIn(actor,movie,role) values (2472,43,'Czurda''s Secretary');
insert into Actors(id,familyname,givenNames,gender) values (2473,'Gwin','Kit','f');
insert into AppearsIn(actor,movie,role) values (2473,63,'Sheriff Bell''s Secretary');
insert into Actors(id,familyname,givenNames,gender) values (2474,'Hadleigh','Sue','f');
insert into AppearsIn(actor,movie,role) values (2474,36,'Dancer');
insert into Actors(id,familyname,givenNames,gender) values (2475,'Haigh','Caroline','f');
insert into AppearsIn(actor,movie,role) values (2475,47,'Tree');
insert into Actors(id,familyname,givenNames,gender) values (2476,'Hale','Fiona','f');
insert into AppearsIn(actor,movie,role) values (2476,40,'Old Woman');
insert into Actors(id,familyname,givenNames,gender) values (2477,'Hall','Irma P.','f');
insert into AppearsIn(actor,movie,role) values (2477,62,'Marva Munson');
insert into Actors(id,familyname,givenNames,gender) values (2478,'Hamilton Gearren','Leslie','f');
insert into AppearsIn(actor,movie,role) values (2478,5,'Twin Sarah');
insert into Actors(id,familyname,givenNames,gender) values (2479,'Hamilton','Linda','f');
insert into AppearsIn(actor,movie,role) values (2479,5,'Sarah Connor');
insert into AppearsIn(actor,movie,role) values (2479,6,'Sarah Connor');
insert into Actors(id,familyname,givenNames,gender) values (2480,'Hamilton','Paula','f');
insert into AppearsIn(actor,movie,role) values (2480,32,'British Prisoner');
insert into Actors(id,familyname,givenNames,gender) values (2481,'Hamine','Denavaka','f');
insert into AppearsIn(actor,movie,role) values (2481,36,'Village Woman');
insert into Actors(id,familyname,givenNames,gender) values (2482,'Hammel','Lori','f');
insert into AppearsIn(actor,movie,role) values (2482,58,'Morning Show Hostess');
insert into Actors(id,familyname,givenNames,gender) values (2483,'Hammon','Ashley','f');
insert into AppearsIn(actor,movie,role) values (2483,65,'Arizona Quint');
insert into Actors(id,familyname,givenNames,gender) values (2484,'Han','Bo-bae','f');
insert into AppearsIn(actor,movie,role) values (2484,16,'Yu-sun');
insert into Actors(id,familyname,givenNames,gender) values (2485,'Hardcastle','April','f');
insert into AppearsIn(actor,movie,role) values (2485,64,'Waitress');
insert into Actors(id,familyname,givenNames,gender) values (2486,'Hardin','Diane','f');
insert into AppearsIn(actor,movie,role) values (2486,25,'Interceptor Assistant');
insert into Actors(id,familyname,givenNames,gender) values (2487,'Harding','Charlene','f');
insert into AppearsIn(actor,movie,role) values (2487,49,'Roxi');
insert into Actors(id,familyname,givenNames,gender) values (2488,'Hargrave','Doris','f');
insert into AppearsIn(actor,movie,role) values (2488,63,'Waitress');
insert into Actors(id,familyname,givenNames,gender) values (2489,'Harper','Jessica','f');
insert into AppearsIn(actor,movie,role) values (2489,40,'Anne Lively');
insert into Actors(id,familyname,givenNames,gender) values (2490,'Harper','Tess','f');
insert into AppearsIn(actor,movie,role) values (2490,63,'Loretta Bell');
insert into Actors(id,familyname,givenNames,gender) values (2491,'Harring','Laura','f');
insert into AppearsIn(actor,movie,role) values (2491,49,'Special Appearance/Jane Rabbit');
insert into AppearsIn(actor,movie,role) values (2491,51,'Rita');
insert into AppearsIn(actor,movie,role) values (2491,52,'Jane');
insert into Actors(id,familyname,givenNames,gender) values (2492,'Harrison','Carol','f');
insert into AppearsIn(actor,movie,role) values (2492,47,'Tart');
insert into Actors(id,familyname,givenNames,gender) values (2493,'Harrison','Emma','f');
insert into AppearsIn(actor,movie,role) values (2493,61,'Santa Fe Tart');
insert into Actors(id,familyname,givenNames,gender) values (2494,'Hartnett','Barbara','f');
insert into AppearsIn(actor,movie,role) values (2494,31,'Medic');
insert into Actors(id,familyname,givenNames,gender) values (2495,'Hassell','Sarah-Jane','f');
insert into AppearsIn(actor,movie,role) values (2495,36,'Dancer');
insert into Actors(id,familyname,givenNames,gender) values (2496,'Havens','Amber','f');
insert into AppearsIn(actor,movie,role) values (2496,44,'Flight Attendant');
insert into Actors(id,familyname,givenNames,gender) values (2497,'Hayes','Stacey','f');
insert into AppearsIn(actor,movie,role) values (2497,4,'Ghosts of the Abyss (2003)  (voice)');
insert into Actors(id,familyname,givenNames,gender) values (2498,'Hays','Andrea','f');
insert into AppearsIn(actor,movie,role) values (2498,53,'Heidi');
insert into Actors(id,familyname,givenNames,gender) values (2499,'Healing','Alyson','f');
insert into AppearsIn(actor,movie,role) values (2499,33,'Lost Boy in Play');
insert into Actors(id,familyname,givenNames,gender) values (2500,'Hemmingsen','Anja','f');
insert into AppearsIn(actor,movie,role) values (2500,13,'Epidemic (1987)  &lt;8&gt;');
insert into Actors(id,familyname,givenNames,gender) values (2501,'Hemmingsen','Kirsten','f');
insert into AppearsIn(actor,movie,role) values (2501,13,'Epidemic (1987)  &lt;9&gt;');
insert into Actors(id,familyname,givenNames,gender) values (2502,'Henn','Carrie','f');
insert into AppearsIn(actor,movie,role) values (2502,2,'Rebecca ''Newt'' Jorden');
insert into Actors(id,familyname,givenNames,gender) values (2503,'Henry','Dilva','f');
insert into AppearsIn(actor,movie,role) values (2503,44,'Anchor');
insert into Actors(id,familyname,givenNames,gender) values (2504,'Herlihy','Carmen M.','f');
insert into AppearsIn(actor,movie,role) values (2504,58,'Prospective Gym	Customer');
insert into Actors(id,familyname,givenNames,gender) values (2505,'Heskin','Kam','f');
insert into AppearsIn(actor,movie,role) values (2505,28,'Candy');
insert into Actors(id,familyname,givenNames,gender) values (2506,'Heuring','Lori','f');
insert into AppearsIn(actor,movie,role) values (2506,51,'Lorraine Kesher');
insert into Actors(id,familyname,givenNames,gender) values (2507,'Hibdon','Zuzana','f');
insert into AppearsIn(actor,movie,role) values (2507,44,'Flight Attendant');
insert into Actors(id,familyname,givenNames,gender) values (2508,'Hicks','Andie','f');
insert into AppearsIn(actor,movie,role) values (2508,7,'Dancer');
insert into Actors(id,familyname,givenNames,gender) values (2509,'Hicks','Beryl','f');
insert into AppearsIn(actor,movie,role) values (2509,47,'Fairy');
insert into Actors(id,familyname,givenNames,gender) values (2510,'Hicks','Michele','f');
insert into AppearsIn(actor,movie,role) values (2510,51,'Nicki Pelazza');
insert into Actors(id,familyname,givenNames,gender) values (2511,'Hiller','Colette','f');
insert into AppearsIn(actor,movie,role) values (2511,2,'Cpl. Ferro');
insert into Actors(id,familyname,givenNames,gender) values (2512,'Hiller','Crystal','f');
insert into AppearsIn(actor,movie,role) values (2512,65,'Arizona Quint');
insert into Actors(id,familyname,givenNames,gender) values (2513,'Hiller','Wendy','f');
insert into AppearsIn(actor,movie,role) values (2513,47,'Mothershead');
insert into Actors(id,familyname,givenNames,gender) values (2514,'Hintz','Penny','f');
insert into AppearsIn(actor,movie,role) values (2514,49,'Teacher');
insert into Actors(id,familyname,givenNames,gender) values (2515,'Hodge','Patricia','f');
insert into AppearsIn(actor,movie,role) values (2515,47,'Screaming Mum');
insert into Actors(id,familyname,givenNames,gender) values (2516,'Hoffman','Rebecca','f');
insert into AppearsIn(actor,movie,role) values (2516,33,'Jane in Play');
insert into Actors(id,familyname,givenNames,gender) values (2517,'Hofmann','Domini','f');
insert into AppearsIn(actor,movie,role) values (2517,39,'Screamer');
insert into Actors(id,familyname,givenNames,gender) values (2518,'Holbek Trier','Caecilia','f');
insert into AppearsIn(actor,movie,role) values (2518,13,'Epidemic (1987)  (as Caecilia Holbek)  &lt;10&gt;');
insert into AppearsIn(actor,movie,role) values (2518,14,'Maid');
insert into Actors(id,familyname,givenNames,gender) values (2519,'Holden','Marjean','f');
insert into AppearsIn(actor,movie,role) values (2519,39,'Screamer');
insert into Actors(id,familyname,givenNames,gender) values (2520,'Horowitz','Nuisia','f');
insert into AppearsIn(actor,movie,role) values (2520,43,'Herself - Schindler Mourner');
insert into Actors(id,familyname,givenNames,gender) values (2521,'Horsford','Anna Maria','f');
insert into AppearsIn(actor,movie,role) values (2521,40,'Casey');
insert into Actors(id,familyname,givenNames,gender) values (2522,'Hubbard','Jewel Newlander','f');
insert into AppearsIn(actor,movie,role) values (2522,33,'Peter Pan in Play');
insert into Actors(id,familyname,givenNames,gender) values (2523,'Hughes','Olivia','f');
insert into AppearsIn(actor,movie,role) values (2523,65,'Arizona Quint');
insert into Actors(id,familyname,givenNames,gender) values (2524,'Hughes','Samantha','f');
insert into AppearsIn(actor,movie,role) values (2524,36,'Dancer');
insert into Actors(id,familyname,givenNames,gender) values (2525,'Hunt','Linda','f');
insert into AppearsIn(actor,movie,role) values (2525,46,'Shadout Mapes');
insert into Actors(id,familyname,givenNames,gender) values (2526,'Hunt','Samantha','f');
insert into AppearsIn(actor,movie,role) values (2526,7,'Steerage Band Member');
insert into Actors(id,familyname,givenNames,gender) values (2527,'Hunter','Holly','f');
insert into AppearsIn(actor,movie,role) values (2527,57,'Helene Trend');
insert into AppearsIn(actor,movie,role) values (2527,64,'Penny');
insert into AppearsIn(actor,movie,role) values (2527,65,'Edwina ''Ed'' McDunnough');
insert into Actors(id,familyname,givenNames,gender) values (2528,'Hupp','Jana Marie','f');
insert into AppearsIn(actor,movie,role) values (2528,55,'USO Girl');
insert into Actors(id,familyname,givenNames,gender) values (2529,'Hurtes','Hettie Lynne','f');
insert into AppearsIn(actor,movie,role) values (2529,6,'TV Anchorwoman');
insert into Actors(id,familyname,givenNames,gender) values (2530,'Hutchinson','Kelly','f');
insert into AppearsIn(actor,movie,role) values (2530,28,'Young Female Teller');
insert into Actors(id,familyname,givenNames,gender) values (2531,'Hutchison','Michelle','f');
insert into AppearsIn(actor,movie,role) values (2531,59,'Escort');
insert into Actors(id,familyname,givenNames,gender) values (2532,'Hojfeldt','Solbjorg','f');
insert into AppearsIn(actor,movie,role) values (2532,15,'Ammen');
insert into Actors(id,familyname,givenNames,gender) values (2533,'Israeli','Razia','f');
insert into AppearsIn(actor,movie,role) values (2533,43,'Plaszow Jewish Girl');
insert into Actors(id,familyname,givenNames,gender) values (2534,'Ivey','Dana','f');
insert into AppearsIn(actor,movie,role) values (2534,30,'Miss Millie');
insert into Actors(id,familyname,givenNames,gender) values (2535,'Ivey','Tonya','f');
insert into AppearsIn(actor,movie,role) values (2535,40,'Gap Girl');
insert into AppearsIn(actor,movie,role) values (2535,44,'Godiva Employee');
insert into Actors(id,familyname,givenNames,gender) values (2536,'Jackson','Desreta','f');
insert into AppearsIn(actor,movie,role) values (2536,30,'Young Celie Harris');
insert into Actors(id,familyname,givenNames,gender) values (2537,'Jaiden','Elina','f');
insert into AppearsIn(actor,movie,role) values (2537,28,'Student');
insert into Actors(id,familyname,givenNames,gender) values (2538,null,'Jarah','f');
insert into AppearsIn(actor,movie,role) values (2538,40,'AMEX Polynesian Woman');
insert into Actors(id,familyname,givenNames,gender) values (2539,'Jarova','Ksenia','f');
insert into AppearsIn(actor,movie,role) values (2539,44,'Russian student #2');
insert into Actors(id,familyname,givenNames,gender) values (2540,'Jeong','Seon-kyeong','f');
insert into AppearsIn(actor,movie,role) values (2540,22,'Maria');
insert into Actors(id,familyname,givenNames,gender) values (2541,'Johnston','Dr. Lori','f');
insert into AppearsIn(actor,movie,role) values (2541,4,'Herself');
insert into Actors(id,familyname,givenNames,gender) values (2542,'Jones','Jane','f');
insert into AppearsIn(actor,movie,role) values (2542,53,'School Teacher');
insert into Actors(id,familyname,givenNames,gender) values (2543,'Jones','Robin','f');
insert into AppearsIn(actor,movie,role) values (2543,56,'Checker at Ralph''s');
insert into Actors(id,familyname,givenNames,gender) values (2544,'Josepher','Wendle','f');
insert into AppearsIn(actor,movie,role) values (2544,61,'Miles'' Receptionist');
insert into Actors(id,familyname,givenNames,gender) values (2545,'Judson-Yager','Anne','f');
insert into AppearsIn(actor,movie,role) values (2545,40,'Pre-Crime Public Service Announcer');
insert into Actors(id,familyname,givenNames,gender) values (2546,'Kaczorowski','Nina','f');
insert into AppearsIn(actor,movie,role) values (2546,40,'Virtual Girl');
insert into Actors(id,familyname,givenNames,gender) values (2547,'Kaleiwo','M.S.','f');
insert into AppearsIn(actor,movie,role) values (2547,26,'Kaleiwo');
insert into Actors(id,familyname,givenNames,gender) values (2548,'Kamosa','Adrianna','f');
insert into AppearsIn(actor,movie,role) values (2548,40,'Child');
insert into Actors(id,familyname,givenNames,gender) values (2549,'Kamosa','Elizabeth','f');
insert into AppearsIn(actor,movie,role) values (2549,40,'Child');
insert into Actors(id,familyname,givenNames,gender) values (2550,'Kamosa','Laurel','f');
insert into AppearsIn(actor,movie,role) values (2550,40,'Child');
insert into Actors(id,familyname,givenNames,gender) values (2551,'Kan','Jennifer','f');
insert into AppearsIn(actor,movie,role) values (2551,28,'Female Bank Teller');
insert into Actors(id,familyname,givenNames,gender) values (2552,'Kane','Kris','f');
insert into AppearsIn(actor,movie,role) values (2552,49,'Nikki Grace''s Wardrobe Assistant');
insert into Actors(id,familyname,givenNames,gender) values (2553,'Kang','Hye-jeong','f');
insert into AppearsIn(actor,movie,role) values (2553,17,'Tv announcer');
insert into AppearsIn(actor,movie,role) values (2553,20,'Mi-do');
insert into Actors(id,familyname,givenNames,gender) values (2554,'Katz','Claudia','f');
insert into AppearsIn(actor,movie,role) values (2554,27,'Mecha Robot');
insert into Actors(id,familyname,givenNames,gender) values (2555,'Kay','Dianne','f');
insert into AppearsIn(actor,movie,role) values (2555,25,'Betty Douglas');
insert into Actors(id,familyname,givenNames,gender) values (2556,'Kearns','Janique','f');
insert into AppearsIn(actor,movie,role) values (2556,44,'CBP Officer');
insert into Actors(id,familyname,givenNames,gender) values (2557,'Keeler','Doddie','f');
insert into AppearsIn(actor,movie,role) values (2557,48,'Person Digging in the Alley (long version)');
insert into Actors(id,familyname,givenNames,gender) values (2558,'Kelleher','Victoria','f');
insert into AppearsIn(actor,movie,role) values (2558,40,'Technician');
insert into Actors(id,familyname,givenNames,gender) values (2559,'Kellner','Deborah','f');
insert into AppearsIn(actor,movie,role) values (2559,28,'Debra Jo');
insert into Actors(id,familyname,givenNames,gender) values (2560,'Kells','Janie','f');
insert into AppearsIn(actor,movie,role) values (2560,47,'Horse');
insert into Actors(id,familyname,givenNames,gender) values (2561,'Kelly','Moira','f');
insert into AppearsIn(actor,movie,role) values (2561,53,'Donna Hayward');
insert into Actors(id,familyname,givenNames,gender) values (2562,'Kempner','Brenda','f');
insert into AppearsIn(actor,movie,role) values (2562,47,'2nd Fighting Woman');
insert into Actors(id,familyname,givenNames,gender) values (2563,'Kern','Casey','f');
insert into AppearsIn(actor,movie,role) values (2563,28,'Bank teller');
insert into Actors(id,familyname,givenNames,gender) values (2564,'Kerns','Linda','f');
insert into AppearsIn(actor,movie,role) values (2564,7,'3rd Class Woman');
insert into Actors(id,familyname,givenNames,gender) values (2565,'Kerr','Kristen','f');
insert into AppearsIn(actor,movie,role) values (2565,49,'Lori');
insert into Actors(id,familyname,givenNames,gender) values (2566,'Kidess','Svilena','f');
insert into AppearsIn(actor,movie,role) values (2566,44,'Terminal, The (2004)  (voice) (uncredited)');
insert into Actors(id,familyname,givenNames,gender) values (2567,'Kidman','Nicole','f');
insert into AppearsIn(actor,movie,role) values (2567,12,'Grace Margaret Mulligan');
insert into Actors(id,familyname,givenNames,gender) values (2568,'Kies','Shannon Marie','f');
insert into AppearsIn(actor,movie,role) values (2568,33,'Mermaid');
insert into Actors(id,familyname,givenNames,gender) values (2569,'Kim','Bu-seon','f');
insert into AppearsIn(actor,movie,role) values (2569,17,'So-young Woo');
insert into AppearsIn(actor,movie,role) values (2569,22,'Saminjo (1997)');
insert into Actors(id,familyname,givenNames,gender) values (2570,'Kim','Ok-bin','f');
insert into AppearsIn(actor,movie,role) values (2570,24,'Thirst (2009)');
insert into Actors(id,familyname,givenNames,gender) values (2571,'Kimball','Donna','f');
insert into AppearsIn(actor,movie,role) values (2571,28,'TWA Stewardess');
insert into Actors(id,familyname,givenNames,gender) values (2572,'Kinder','Sandra','f');
insert into AppearsIn(actor,movie,role) values (2572,53,'Irene at Hap''s');
insert into Actors(id,familyname,givenNames,gender) values (2573,'King','Cleo','f');
insert into AppearsIn(actor,movie,role) values (2573,12,'Olivia');
insert into Actors(id,familyname,givenNames,gender) values (2574,'King','Haley','f');
insert into AppearsIn(actor,movie,role) values (2574,27,'Amanda');
insert into Actors(id,familyname,givenNames,gender) values (2575,'Kinski','Nastassja','f');
insert into AppearsIn(actor,movie,role) values (2575,49,'Special Appearance');
insert into Actors(id,familyname,givenNames,gender) values (2576,'Kirk','Julie','f');
insert into AppearsIn(actor,movie,role) values (2576,36,'Dancer');
insert into Actors(id,familyname,givenNames,gender) values (2577,'Kitei','Lynne Dumin','f');
insert into AppearsIn(actor,movie,role) values (2577,65,'Florence Arizona');
insert into Actors(id,familyname,givenNames,gender) values (2578,'Klingler','Rebecca','f');
insert into AppearsIn(actor,movie,role) values (2578,7,'Mother at Stern');
insert into Actors(id,familyname,givenNames,gender) values (2579,'Knight','Lily','f');
insert into AppearsIn(actor,movie,role) values (2579,27,'Voice in the Crowd');
insert into Actors(id,familyname,givenNames,gender) values (2580,'Knut','Anemona','f');
insert into AppearsIn(actor,movie,role) values (2580,43,'Polish Girl');
insert into Actors(id,familyname,givenNames,gender) values (2581,'Koehler','Zoe','f');
insert into AppearsIn(actor,movie,role) values (2581,33,'Lost Boy in Play');
insert into Actors(id,familyname,givenNames,gender) values (2582,'Kokernot','Larissa','f');
insert into AppearsIn(actor,movie,role) values (2582,59,'Hooker #1');
insert into Actors(id,familyname,givenNames,gender) values (2583,'Kolasinska','Ewa','f');
insert into AppearsIn(actor,movie,role) values (2583,43,'Irrational Woman');
insert into Actors(id,familyname,givenNames,gender) values (2584,'Komornicka','Magdalena','f');
insert into AppearsIn(actor,movie,role) values (2584,43,'Goeth''s Girl');
insert into Actors(id,familyname,givenNames,gender) values (2585,'Korzeniowska','Agnieszka','f');
insert into AppearsIn(actor,movie,role) values (2585,43,'Ghetto Girl');
insert into Actors(id,familyname,givenNames,gender) values (2586,'Kossowska','Hanna','f');
insert into AppearsIn(actor,movie,role) values (2586,43,'Ghetto Doctor');
insert into Actors(id,familyname,givenNames,gender) values (2587,'Krukowna','Agnieszka','f');
insert into AppearsIn(actor,movie,role) values (2587,43,'Czurda''s Girl');
insert into Actors(id,familyname,givenNames,gender) values (2588,'Kubaszewska','Alicja','f');
insert into AppearsIn(actor,movie,role) values (2588,43,'Ghetto Girl');
insert into Actors(id,familyname,givenNames,gender) values (2589,'Kupfer','Bettina','f');
insert into AppearsIn(actor,movie,role) values (2589,43,'Regina Perlman');
insert into Actors(id,familyname,givenNames,gender) values (2590,'Kwan','Sandrine','f');
insert into AppearsIn(actor,movie,role) values (2590,44,'Passenger');
insert into Actors(id,familyname,givenNames,gender) values (2591,'Kwon','Yea-young','f');
insert into AppearsIn(actor,movie,role) values (2591,17,'Jenny');
insert into Actors(id,familyname,givenNames,gender) values (2592,'Kyle','Charlotte','f');
insert into AppearsIn(actor,movie,role) values (2592,28,'Party Guest');
insert into Actors(id,familyname,givenNames,gender) values (2593,'Lackey','Elizabeth','f');
insert into AppearsIn(actor,movie,role) values (2593,51,'Carol');
insert into Actors(id,familyname,givenNames,gender) values (2594,'Ladd','Diane','f');
insert into AppearsIn(actor,movie,role) values (2594,49,'Marilyn Levens');
insert into AppearsIn(actor,movie,role) values (2594,54,'Marietta Fortune');
insert into Actors(id,familyname,givenNames,gender) values (2595,'Ladd','Jordan','f');
insert into AppearsIn(actor,movie,role) values (2595,49,'Terri');
insert into Actors(id,familyname,givenNames,gender) values (2596,'Lagerfelt','Caroline','f');
insert into AppearsIn(actor,movie,role) values (2596,40,'Greta van Eyck');
insert into Actors(id,familyname,givenNames,gender) values (2597,'Laird','Deirdre','f');
insert into AppearsIn(actor,movie,role) values (2597,36,'Dancer');
insert into Actors(id,familyname,givenNames,gender) values (2598,'Lamb','Debra','f');
insert into AppearsIn(actor,movie,role) values (2598,54,'Fire Eater at Party');
insert into Actors(id,familyname,givenNames,gender) values (2599,'Lamb','Jennifer','f');
insert into AppearsIn(actor,movie,role) values (2599,56,'Pancake Waitress');
insert into Actors(id,familyname,givenNames,gender) values (2600,'Lamkin','Kathy','f');
insert into AppearsIn(actor,movie,role) values (2600,63,'Desert Aire Manager');
insert into Actors(id,familyname,givenNames,gender) values (2601,'Lampone','Diane','f');
insert into AppearsIn(actor,movie,role) values (2601,31,'Medic');
insert into Actors(id,familyname,givenNames,gender) values (2602,'Lancaster','Sarah','f');
insert into AppearsIn(actor,movie,role) values (2602,28,'Riverbend Woman');
insert into Actors(id,familyname,givenNames,gender) values (2603,'Landers','Audrey','f');
insert into AppearsIn(actor,movie,role) values (2603,25,'USO Girl');
insert into Actors(id,familyname,givenNames,gender) values (2604,'Landis','Laramie','f');
insert into AppearsIn(actor,movie,role) values (2604,7,'Irish Little Grl');
insert into Actors(id,familyname,givenNames,gender) values (2605,'Lange','Hope','f');
insert into AppearsIn(actor,movie,role) values (2605,45,'Mrs. Williams');
insert into Actors(id,familyname,givenNames,gender) values (2606,'Lange','Jean','f');
insert into AppearsIn(actor,movie,role) values (2606,48,'Grandmother');
insert into Actors(id,familyname,givenNames,gender) values (2607,'Latharp','Lechanda','f');
insert into AppearsIn(actor,movie,role) values (2607,30,'Child #2');
insert into Actors(id,familyname,givenNames,gender) values (2608,'Lauren','Mo','f');
insert into AppearsIn(actor,movie,role) values (2608,25,'Girl in Dance Club');
insert into Actors(id,familyname,givenNames,gender) values (2609,'Lechner','Geno','f');
insert into AppearsIn(actor,movie,role) values (2609,43,'Majola');
insert into Actors(id,familyname,givenNames,gender) values (2610,'LeDoux','Michelle Suzanne','f');
insert into AppearsIn(actor,movie,role) values (2610,59,'Victim in Car');
insert into Actors(id,familyname,givenNames,gender) values (2611,'Lee','Kan-hie','f');
insert into AppearsIn(actor,movie,role) values (2611,16,'Park Dong-jin''s ex-wife');
insert into Actors(id,familyname,givenNames,gender) values (2612,'Lee','Seung-Shin','f');
insert into AppearsIn(actor,movie,role) values (2612,17,'Yi-jeong Park');
insert into AppearsIn(actor,movie,role) values (2612,20,'Yoo Hyung-ja');
insert into Actors(id,familyname,givenNames,gender) values (2613,'Lee','Sheryl','f');
insert into AppearsIn(actor,movie,role) values (2613,53,'Laura Palmer');
insert into AppearsIn(actor,movie,role) values (2613,54,'Good Witch');
insert into Actors(id,familyname,givenNames,gender) values (2614,'Lee','Yeong-ae','f');
insert into AppearsIn(actor,movie,role) values (2614,17,'Geum-ja Lee');
insert into AppearsIn(actor,movie,role) values (2614,18,'Maj. Sophie E. Jean');
insert into Actors(id,familyname,givenNames,gender) values (2615,'Leigh','Jennifer Jason','f');
insert into AppearsIn(actor,movie,role) values (2615,60,'Amy Archer');
insert into Actors(id,familyname,givenNames,gender) values (2616,'Leigh','Valli','f');
insert into AppearsIn(actor,movie,role) values (2616,54,'Mr. Reindeer''s Resident Valet #2');
insert into Actors(id,familyname,givenNames,gender) values (2617,'Lenehan','Nancy','f');
insert into AppearsIn(actor,movie,role) values (2617,28,'Carol Strong');
insert into Actors(id,familyname,givenNames,gender) values (2618,'Leonard','Jovonie','f');
insert into AppearsIn(actor,movie,role) values (2618,49,'Dancing Girl #5');
insert into Actors(id,familyname,givenNames,gender) values (2619,'Leong','Susan','f');
insert into AppearsIn(actor,movie,role) values (2619,32,'Amah');
insert into Actors(id,familyname,givenNames,gender) values (2620,'Lewally','Sali','f');
insert into AppearsIn(actor,movie,role) values (2620,39,'Waitress');
insert into Actors(id,familyname,givenNames,gender) values (2621,'Lewis','Marsha','f');
insert into AppearsIn(actor,movie,role) values (2621,49,'Marilyn Levens'' Hair Stylist');
insert into Actors(id,familyname,givenNames,gender) values (2622,'Lim','Ji-Eun','f');
insert into AppearsIn(actor,movie,role) values (2622,16,'Ryu''s Sister');
insert into Actors(id,familyname,givenNames,gender) values (2623,'Lim','Su-gyeong','f');
insert into AppearsIn(actor,movie,role) values (2623,17,'A prison officer');
insert into Actors(id,familyname,givenNames,gender) values (2624,'Lim','Su-jeong','f');
insert into AppearsIn(actor,movie,role) values (2624,21,'Cha Young-goon');
insert into Actors(id,familyname,givenNames,gender) values (2625,'Lind','Gitte','f');
insert into AppearsIn(actor,movie,role) values (2625,13,'Herself');
insert into Actors(id,familyname,givenNames,gender) values (2626,'Lindgren','Tilde','f');
insert into AppearsIn(actor,movie,role) values (2626,12,'Pandora');
insert into Actors(id,familyname,givenNames,gender) values (2627,'Lindsey','Tyrah M.','f');
insert into AppearsIn(actor,movie,role) values (2627,51,'Backup Singer #4');
insert into Actors(id,familyname,givenNames,gender) values (2628,'Lindsley','Blake','f');
insert into AppearsIn(actor,movie,role) values (2628,51,'Backup Singer #2');
insert into Actors(id,familyname,givenNames,gender) values (2629,'Lipiec','Zuzanna','f');
insert into AppearsIn(actor,movie,role) values (2629,43,'Woman');
insert into Actors(id,familyname,givenNames,gender) values (2630,'Lipton','Peggy','f');
insert into AppearsIn(actor,movie,role) values (2630,53,'Norma Jennings');
insert into Actors(id,familyname,givenNames,gender) values (2631,'Lisle','Lydia','f');
insert into AppearsIn(actor,movie,role) values (2631,47,'Merrick''s Mother');
insert into Actors(id,familyname,givenNames,gender) values (2632,'Locke','Jennifer','f');
insert into AppearsIn(actor,movie,role) values (2632,49,'Dancing Girl #6');
insert into Actors(id,familyname,givenNames,gender) values (2633,'Lockhart','Anne','f');
insert into AppearsIn(actor,movie,role) values (2633,31,'Nurse');
insert into Actors(id,familyname,givenNames,gender) values (2634,'Logan','Bellina','f');
insert into AppearsIn(actor,movie,role) values (2634,49,'Linda');
insert into AppearsIn(actor,movie,role) values (2634,54,'Beany Thorn');
insert into Actors(id,familyname,givenNames,gender) values (2635,'Logue','Karina','f');
insert into AppearsIn(actor,movie,role) values (2635,40,'Technician');
insert into Actors(id,familyname,givenNames,gender) values (2636,'Lohmann','Katie','f');
insert into AppearsIn(actor,movie,role) values (2636,27,'Pleasure Mecha');
insert into Actors(id,familyname,givenNames,gender) values (2637,'Longrigg','Francesca','f');
insert into AppearsIn(actor,movie,role) values (2637,32,'British Prisoner');
insert into Actors(id,familyname,givenNames,gender) values (2638,'Lopez','Janet','f');
insert into AppearsIn(actor,movie,role) values (2638,34,'Candle Seller/Peru Villager');
insert into Actors(id,familyname,givenNames,gender) values (2639,'Lowndes','Melissa','f');
insert into AppearsIn(actor,movie,role) values (2639,49,'Marilyn Levens'' Assistant');
insert into Actors(id,familyname,givenNames,gender) values (2640,'Lucas','Cari','f');
insert into AppearsIn(actor,movie,role) values (2640,28,'Student Stewardess');
insert into Actors(id,familyname,givenNames,gender) values (2641,'Lundqvist','Evelina','f');
insert into AppearsIn(actor,movie,role) values (2641,12,'Diana');
insert into Actors(id,familyname,givenNames,gender) values (2642,'LuPone','Patti','f');
insert into AppearsIn(actor,movie,role) values (2642,25,'Lydia Hedberg');
insert into Actors(id,familyname,givenNames,gender) values (2643,'Luther','Nicole','f');
insert into AppearsIn(actor,movie,role) values (2643,34,'Diner Waitress');
insert into Actors(id,familyname,givenNames,gender) values (2644,'Luyben','Kate','f');
insert into AppearsIn(actor,movie,role) values (2644,61,'Santa Fe Tart');
insert into Actors(id,familyname,givenNames,gender) values (2645,'Lynch','Jennifer Chambers','f');
insert into AppearsIn(actor,movie,role) values (2645,48,'Little Girl');
insert into Actors(id,familyname,givenNames,gender) values (2646,'Lynch','Peggy','f');
insert into AppearsIn(actor,movie,role) values (2646,48,'Person Digging in the Alley (long version)');
insert into Actors(id,familyname,givenNames,gender) values (2647,'Lopez','Irene Olga','f');
insert into AppearsIn(actor,movie,role) values (2647,56,'Pilar, Sellers'' Housekeeper');
insert into Actors(id,familyname,givenNames,gender) values (2648,'Lowensohn','Elina','f');
insert into AppearsIn(actor,movie,role) values (2648,43,'Diana Reiter');
insert into Actors(id,familyname,givenNames,gender) values (2649,'Maas','Sybil','f');
insert into AppearsIn(actor,movie,role) values (2649,32,'Mrs. Hug');
insert into Actors(id,familyname,givenNames,gender) values (2650,'Macdonald','Kelly','f');
insert into AppearsIn(actor,movie,role) values (2650,63,'Carla Jean Moss');
insert into Actors(id,familyname,givenNames,gender) values (2651,'Machado','Justina','f');
insert into AppearsIn(actor,movie,role) values (2651,27,'Assistant');
insert into Actors(id,familyname,givenNames,gender) values (2652,'Mackay','Danette','f');
insert into AppearsIn(actor,movie,role) values (2652,44,'CBP Officer');
insert into Actors(id,familyname,givenNames,gender) values (2653,'MacLaine','Karrie','f');
insert into AppearsIn(actor,movie,role) values (2653,28,'Pan Am Stewardess');
insert into Actors(id,familyname,givenNames,gender) values (2654,'MacMillan','Lorna','f');
insert into AppearsIn(actor,movie,role) values (2654,53,'Angel in Red Room');
insert into Actors(id,familyname,givenNames,gender) values (2655,'Macola','Beatrice','f');
insert into AppearsIn(actor,movie,role) values (2655,43,'Ingrid');
insert into Actors(id,familyname,givenNames,gender) values (2656,'Madsen','Virginia','f');
insert into AppearsIn(actor,movie,role) values (2656,46,'Princess Irulan');
insert into Actors(id,familyname,givenNames,gender) values (2657,'Maetlind','Jenna','f');
insert into AppearsIn(actor,movie,role) values (2657,50,'Party Girl');
insert into Actors(id,familyname,givenNames,gender) values (2658,'Maguire','Anna','f');
insert into AppearsIn(actor,movie,role) values (2658,42,'Jean''s Daughter');
insert into Actors(id,familyname,givenNames,gender) values (2659,'Makoff','Rhoda','f');
insert into AppearsIn(actor,movie,role) values (2659,31,'Medic');
insert into Actors(id,familyname,givenNames,gender) values (2660,'Malcomson','Paula','f');
insert into AppearsIn(actor,movie,role) values (2660,27,'Patricia in Mirrored Room');
insert into Actors(id,familyname,givenNames,gender) values (2661,'Malin','Emily','f');
insert into AppearsIn(actor,movie,role) values (2661,65,'Arizona Quint');
insert into Actors(id,familyname,givenNames,gender) values (2662,'Malin','Melanie','f');
insert into AppearsIn(actor,movie,role) values (2662,65,'Arizona Quint');
insert into Actors(id,familyname,givenNames,gender) values (2663,'Mangano','Silvana','f');
insert into AppearsIn(actor,movie,role) values (2663,46,'Rev. Mother Ramallo');
insert into Actors(id,familyname,givenNames,gender) values (2664,'Manley','Jennifer','f');
insert into AppearsIn(actor,movie,role) values (2664,28,'Ashley');
insert into Actors(id,familyname,givenNames,gender) values (2665,'Mann','Aimee','f');
insert into AppearsIn(actor,movie,role) values (2665,56,'Nihilist Woman, Franz'' Girlfriend');
insert into Actors(id,familyname,givenNames,gender) values (2666,'Mao','Caitlin','f');
insert into AppearsIn(actor,movie,role) values (2666,40,'Girl on Metro');
insert into Actors(id,familyname,givenNames,gender) values (2667,'Marino','Mandana','f');
insert into AppearsIn(actor,movie,role) values (2667,7,'Syrian Woman');
insert into Actors(id,familyname,givenNames,gender) values (2668,'Marquardt','Bridget','f');
insert into AppearsIn(actor,movie,role) values (2668,61,'Santa Fe Tart');
insert into Actors(id,familyname,givenNames,gender) values (2669,'Marriott','Sylvia','f');
insert into AppearsIn(actor,movie,role) values (2669,32,'Mrs. Partridge');
insert into Actors(id,familyname,givenNames,gender) values (2670,'Marshall','Penny','f');
insert into AppearsIn(actor,movie,role) values (2670,25,'Miss Fitzroy');
insert into Actors(id,familyname,givenNames,gender) values (2671,'Marstand','Julia','f');
insert into AppearsIn(actor,movie,role) values (2671,36,'Dancer');
insert into Actors(id,familyname,givenNames,gender) values (2672,'Martin','Paula','f');
insert into AppearsIn(actor,movie,role) values (2672,62,'Gawain''s Mama');
insert into Actors(id,familyname,givenNames,gender) values (2673,'Martine','Gaynor','f');
insert into AppearsIn(actor,movie,role) values (2673,36,'Dancer');
insert into Actors(id,familyname,givenNames,gender) values (2674,'Marvel','Elizabeth','f');
insert into AppearsIn(actor,movie,role) values (2674,58,'Sandy Pfarrer');
insert into Actors(id,familyname,givenNames,gender) values (2675,'Masamba','Lelo','f');
insert into AppearsIn(actor,movie,role) values (2675,30,'Olivia');
insert into Actors(id,familyname,givenNames,gender) values (2676,'Mastrantonio','Mary Elizabeth','f');
insert into AppearsIn(actor,movie,role) values (2676,1,'Lindsey Brigman');
insert into Actors(id,familyname,givenNames,gender) values (2677,'Matson','Jill','f');
insert into AppearsIn(actor,movie,role) values (2677,28,'Riverbend Woman');
insert into Actors(id,familyname,givenNames,gender) values (2678,'Max','Masuimi','f');
insert into AppearsIn(actor,movie,role) values (2678,49,'Niko');
insert into Actors(id,familyname,givenNames,gender) values (2679,'McCarthy','Elizabeth','f');
insert into AppearsIn(actor,movie,role) values (2679,53,'Giggling Secretary');
insert into Actors(id,familyname,givenNames,gender) values (2680,'McCool','Kelly','f');
insert into AppearsIn(actor,movie,role) values (2680,27,'Kate, the Holographic Girl');
insert into Actors(id,familyname,givenNames,gender) values (2681,'McCormack','Margaret H.','f');
insert into AppearsIn(actor,movie,role) values (2681,65,'Unpainted Arizona Secretary');
insert into Actors(id,familyname,givenNames,gender) values (2682,'McCoy','Linda','f');
insert into AppearsIn(actor,movie,role) values (2682,60,'Coffee Shop Waitress');
insert into Actors(id,familyname,givenNames,gender) values (2683,'McDonald','Belle','f');
insert into AppearsIn(actor,movie,role) values (2683,37,'Mrs. Posner');
insert into Actors(id,familyname,givenNames,gender) values (2684,'McDonald','Vicki','f');
insert into AppearsIn(actor,movie,role) values (2684,36,'Dancer');
insert into Actors(id,familyname,givenNames,gender) values (2685,'McDormand','Frances','f');
insert into AppearsIn(actor,movie,role) values (2685,55,'Stage Actress');
insert into AppearsIn(actor,movie,role) values (2685,57,'Abby');
insert into AppearsIn(actor,movie,role) values (2685,58,'Linda Litzke');
insert into AppearsIn(actor,movie,role) values (2685,59,'Police Chief Marge Gunderson');
insert into AppearsIn(actor,movie,role) values (2685,65,'Dot');
insert into Actors(id,familyname,givenNames,gender) values (2686,'McMahon','Nina','f');
insert into AppearsIn(actor,movie,role) values (2686,36,'Dancer');
insert into Actors(id,familyname,givenNames,gender) values (2687,'McNair','Kelly','f');
insert into AppearsIn(actor,movie,role) values (2687,28,'Girl #1');
insert into Actors(id,familyname,givenNames,gender) values (2688,'Medin','Harriet','f');
insert into AppearsIn(actor,movie,role) values (2688,6,'Customer');
insert into Actors(id,familyname,givenNames,gender) values (2689,'Mellin','Maggie','f');
insert into AppearsIn(actor,movie,role) values (2689,28,'Teacher');
insert into Actors(id,familyname,givenNames,gender) values (2690,'Merkerson','S. Epatha','f');
insert into AppearsIn(actor,movie,role) values (2690,5,'Tarissa Dyson');
insert into Actors(id,familyname,givenNames,gender) values (2691,'Merrem','Anne','f');
insert into AppearsIn(actor,movie,role) values (2691,5,'Psychiatric');
insert into Actors(id,familyname,givenNames,gender) values (2692,'Messaoudi','Souad','f');
insert into AppearsIn(actor,movie,role) values (2692,41,'Fayah');
insert into Actors(id,familyname,givenNames,gender) values (2693,'Michelle','Diane','f');
insert into AppearsIn(actor,movie,role) values (2693,40,'Iris Hineman/Additional Voice');
insert into Actors(id,familyname,givenNames,gender) values (2694,'Miller','Ann','f');
insert into AppearsIn(actor,movie,role) values (2694,51,'Catherine ''Coco'' Lenoix');
insert into Actors(id,familyname,givenNames,gender) values (2695,'Miller','Lindsey','f');
insert into AppearsIn(actor,movie,role) values (2695,64,'Wharvey Gal');
insert into Actors(id,familyname,givenNames,gender) values (2696,'Milnes','Bernadette','f');
insert into AppearsIn(actor,movie,role) values (2696,47,'1st Fighting Woman');
insert into Actors(id,familyname,givenNames,gender) values (2697,'Minelli','Maria Luisa','f');
insert into AppearsIn(actor,movie,role) values (2697,34,'Sanitarium Nun');
insert into Actors(id,familyname,givenNames,gender) values (2698,'Mobley','Sarena','f');
insert into AppearsIn(actor,movie,role) values (2698,27,'Exotic Girl');
insert into Actors(id,familyname,givenNames,gender) values (2699,'Molinari','Antoinette','f');
insert into AppearsIn(actor,movie,role) values (2699,25,'Mrs. Scioli');
insert into Actors(id,familyname,givenNames,gender) values (2700,'Monroe','Meredith','f');
insert into AppearsIn(actor,movie,role) values (2700,40,'Pre-Crime Public Service Announcer');
insert into Actors(id,familyname,givenNames,gender) values (2701,'Montano','Sumalee','f');
insert into AppearsIn(actor,movie,role) values (2701,40,'Talking Billboard');
insert into Actors(id,familyname,givenNames,gender) values (2702,'Moore','Julianne','f');
insert into AppearsIn(actor,movie,role) values (2702,56,'Maude Lebowski');
insert into AppearsIn(actor,movie,role) values (2702,39,'Dr. Sarah Harding');
insert into Actors(id,familyname,givenNames,gender) values (2703,'Moore','Summer','f');
insert into AppearsIn(actor,movie,role) values (2703,28,'Swimmer');
insert into Actors(id,familyname,givenNames,gender) values (2704,'Morelli','Leah','f');
insert into AppearsIn(actor,movie,role) values (2704,49,'Carolina');
insert into Actors(id,familyname,givenNames,gender) values (2705,'Morgan','Beverly','f');
insert into AppearsIn(actor,movie,role) values (2705,40,'Adulation #3');
insert into Actors(id,familyname,givenNames,gender) values (2706,'Morgan','Bonnie','f');
insert into AppearsIn(actor,movie,role) values (2706,40,'Contortionist');
insert into Actors(id,familyname,givenNames,gender) values (2707,'Morgan','Diana','f');
insert into AppearsIn(actor,movie,role) values (2707,7,'News Reporter');
insert into Actors(id,familyname,givenNames,gender) values (2708,'Morris','Jane','f');
insert into AppearsIn(actor,movie,role) values (2708,8,'Janice');
insert into Actors(id,familyname,givenNames,gender) values (2709,'Morris','Kathryn','f');
insert into AppearsIn(actor,movie,role) values (2709,27,'Teenage Honey');
insert into AppearsIn(actor,movie,role) values (2709,40,'Lara Clarke');
insert into Actors(id,familyname,givenNames,gender) values (2710,'Morton','Samantha','f');
insert into AppearsIn(actor,movie,role) values (2710,40,'Agatha');
insert into Actors(id,familyname,givenNames,gender) values (2711,'Motta','Bess','f');
insert into AppearsIn(actor,movie,role) values (2711,6,'Ginger Ventura');
insert into Actors(id,familyname,givenNames,gender) values (2712,'Mucha','Anna','f');
insert into AppearsIn(actor,movie,role) values (2712,43,'Danka Dresner');
insert into Actors(id,familyname,givenNames,gender) values (2713,'Muellerleile','Marianne','f');
insert into AppearsIn(actor,movie,role) values (2713,6,'Wrong Sarah');
insert into Actors(id,familyname,givenNames,gender) values (2714,'Mulidore','Lisa','f');
insert into AppearsIn(actor,movie,role) values (2714,36,'Dancer');
insert into Actors(id,familyname,givenNames,gender) values (2715,'Murguia','Ana Ofelia','f');
insert into AppearsIn(actor,movie,role) values (2715,46,'Palace maid');
insert into Actors(id,familyname,givenNames,gender) values (2716,'Murray','Carrie','f');
insert into AppearsIn(actor,movie,role) values (2716,30,'Loretta');
insert into Actors(id,familyname,givenNames,gender) values (2717,'Muschallik','Nina','f');
insert into AppearsIn(actor,movie,role) values (2717,42,'Ryan''s Granddaughter');
insert into Actors(id,familyname,givenNames,gender) values (2718,'Myeong','Sun-mi','f');
insert into AppearsIn(actor,movie,role) values (2718,23,'Simpan (1999)');
insert into Actors(id,familyname,givenNames,gender) values (2719,'Myres','April','f');
insert into AppearsIn(actor,movie,role) values (2719,30,'Emma');
insert into Actors(id,familyname,givenNames,gender) values (2720,null,'Nae','f');
insert into AppearsIn(actor,movie,role) values (2720,49,'Street Person #2');
insert into Actors(id,familyname,givenNames,gender) values (2721,'Nah','Hyun-Hee','f');
insert into AppearsIn(actor,movie,role) values (2721,19,'Moon Is the Sun''s Dream (1992)');
insert into Actors(id,familyname,givenNames,gender) values (2722,'Nall','Benita Krista','f');
insert into AppearsIn(actor,movie,role) values (2722,28,'Emergency Nurse');
insert into AppearsIn(actor,movie,role) values (2722,40,'Pre-Crime Public Service Announcer');
insert into Actors(id,familyname,givenNames,gender) values (2723,'Near','Laurel','f');
insert into AppearsIn(actor,movie,role) values (2723,48,'Lady in the Radiator');
insert into Actors(id,familyname,givenNames,gender) values (2724,'Neavill','Martha','f');
insert into AppearsIn(actor,movie,role) values (2724,44,'Swahili Mom');
insert into Actors(id,familyname,givenNames,gender) values (2725,'Nei','Kate','f');
insert into AppearsIn(actor,movie,role) values (2725,27,'Toe Bell Ringing');
insert into Actors(id,familyname,givenNames,gender) values (2726,'Nelson','Diane','f');
insert into AppearsIn(actor,movie,role) values (2726,51,'Heavy-Set Woman killed By Messing');
insert into Actors(id,familyname,givenNames,gender) values (2727,'Neric','Peechee','f');
insert into AppearsIn(actor,movie,role) values (2727,40,'Tourist');
insert into Actors(id,familyname,givenNames,gender) values (2728,'Nething','Pamela','f');
insert into AppearsIn(actor,movie,role) values (2728,39,'Factory Secretary/Screamer');
insert into Actors(id,familyname,givenNames,gender) values (2729,'Neumann','Deborah','f');
insert into AppearsIn(actor,movie,role) values (2729,57,'Debra');
insert into Actors(id,familyname,givenNames,gender) values (2730,'Newman','Jaime Ray','f');
insert into AppearsIn(actor,movie,role) values (2730,28,'Monica');
insert into Actors(id,familyname,givenNames,gender) values (2731,'Nicholls','Phoebe','f');
insert into AppearsIn(actor,movie,role) values (2731,47,'Merrick''s Mother');
insert into Actors(id,familyname,givenNames,gender) values (2732,'Nitzan','Adi','f');
insert into AppearsIn(actor,movie,role) values (2732,43,'Mila Pfefferberg');
insert into Actors(id,familyname,givenNames,gender) values (2733,'Norris','Nita','f');
insert into AppearsIn(actor,movie,role) values (2733,62,'Tea Lady');
insert into Actors(id,familyname,givenNames,gender) values (2734,'Nowak','Beata','f');
insert into AppearsIn(actor,movie,role) values (2734,43,'Rebecca Tannenbaum');
insert into Actors(id,familyname,givenNames,gender) values (2735,'O''Brien','Ellen','f');
insert into AppearsIn(actor,movie,role) values (2735,4,'Passenger');
insert into AppearsIn(actor,movie,role) values (2735,7,'Frozen Woman with Baby');
insert into Actors(id,familyname,givenNames,gender) values (2736,'O''Connor','Frances','f');
insert into AppearsIn(actor,movie,role) values (2736,27,'Monica Swinton');
insert into Actors(id,familyname,givenNames,gender) values (2737,'O''Connor','Isabell','f');
insert into AppearsIn(actor,movie,role) values (2737,61,'Judge Marva Munson');
insert into Actors(id,familyname,givenNames,gender) values (2738,'O''Hurley','Shannon','f');
insert into AppearsIn(actor,movie,role) values (2738,40,'Pre-Crime Public Service Announcer');
insert into Actors(id,familyname,givenNames,gender) values (2739,'O''Kelley','Kim','f');
insert into AppearsIn(actor,movie,role) values (2739,33,'Prostitute');
insert into Actors(id,familyname,givenNames,gender) values (2740,'O''Neil','Tricia','f');
insert into AppearsIn(actor,movie,role) values (2740,7,'Woman');
insert into Actors(id,familyname,givenNames,gender) values (2741,'Ochse','Alyshia','f');
insert into AppearsIn(actor,movie,role) values (2741,44,'Homecoming Queen');
insert into Actors(id,familyname,givenNames,gender) values (2742,'Odums','Lyne','f');
insert into AppearsIn(actor,movie,role) values (2742,62,'Rosalie Funthes');
insert into Actors(id,familyname,givenNames,gender) values (2743,'Olesen','Kirsten','f');
insert into AppearsIn(actor,movie,role) values (2743,15,'Medea');
insert into Actors(id,familyname,givenNames,gender) values (2744,'Oliva','Rachel','f');
insert into AppearsIn(actor,movie,role) values (2744,44,'Passenger');
insert into Actors(id,familyname,givenNames,gender) values (2745,'Oliver','Daphaine','f');
insert into AppearsIn(actor,movie,role) values (2745,30,'Young Olivia');
insert into Actors(id,familyname,givenNames,gender) values (2746,'Oliver','Lucille M.','f');
insert into AppearsIn(actor,movie,role) values (2746,40,'Murder Bystander');
insert into Actors(id,familyname,givenNames,gender) values (2747,'Olofsson','Helga','f');
insert into AppearsIn(actor,movie,role) values (2747,12,'Dahlia');
insert into Actors(id,familyname,givenNames,gender) values (2748,'Ormond','Julia','f');
insert into AppearsIn(actor,movie,role) values (2748,49,'Doris Side');
insert into Actors(id,familyname,givenNames,gender) values (2749,'Ory','Veronique','f');
insert into AppearsIn(actor,movie,role) values (2749,28,'Girl');
insert into Actors(id,familyname,givenNames,gender) values (2750,'Osburn','Julie','f');
insert into AppearsIn(actor,movie,role) values (2750,61,'Stewardess');
insert into Actors(id,familyname,givenNames,gender) values (2751,'Ostaszewska','Maja','f');
insert into AppearsIn(actor,movie,role) values (2751,43,'Frantic Woman');
insert into Actors(id,familyname,givenNames,gender) values (2752,'Ottesen','Susanne','f');
insert into AppearsIn(actor,movie,role) values (2752,13,'Herself');
insert into Actors(id,familyname,givenNames,gender) values (2753,'Overbye Roos','Camilla','f');
insert into AppearsIn(actor,movie,role) values (2753,7,'Helga Dahl');
insert into Actors(id,familyname,givenNames,gender) values (2754,'Owen','Rena','f');
insert into AppearsIn(actor,movie,role) values (2754,27,'Ticket Taker');
insert into Actors(id,familyname,givenNames,gender) values (2755,'Owens','Alexandrea','f');
insert into AppearsIn(actor,movie,role) values (2755,7,'Cora Cartmell');
insert into Actors(id,familyname,givenNames,gender) values (2756,'Paltrow','Gwyneth','f');
insert into AppearsIn(actor,movie,role) values (2756,33,'Young Wendy');
insert into Actors(id,familyname,givenNames,gender) values (2757,'Paluch','Beata','f');
insert into AppearsIn(actor,movie,role) values (2757,43,'Manci Rosner');
insert into Actors(id,familyname,givenNames,gender) values (2758,'Panangala','Dharshana','f');
insert into AppearsIn(actor,movie,role) values (2758,36,'Village Child');
insert into Actors(id,familyname,givenNames,gender) values (2759,'Pankow','Joanne','f');
insert into AppearsIn(actor,movie,role) values (2759,60,'Newsreel Secretary');
insert into Actors(id,familyname,givenNames,gender) values (2760,'Paquin','Anna','f');
insert into AppearsIn(actor,movie,role) values (2760,26,'Queen Isabella II');
insert into Actors(id,familyname,givenNames,gender) values (2761,'Pardo','Barbarella','f');
insert into AppearsIn(actor,movie,role) values (2761,7,'Core extra');
insert into Actors(id,familyname,givenNames,gender) values (2762,'Pareira','Randi','f');
insert into AppearsIn(actor,movie,role) values (2762,33,'Prostitute');
insert into Actors(id,familyname,givenNames,gender) values (2763,'Park','Myeong-shin','f');
insert into AppearsIn(actor,movie,role) values (2763,20,'Oldboy (2003)  &lt;17&gt;');
insert into Actors(id,familyname,givenNames,gender) values (2764,'Parsons','Alibe','f');
insert into AppearsIn(actor,movie,role) values (2764,2,'Med Tech');
insert into Actors(id,familyname,givenNames,gender) values (2765,'Payne','Elizabeth','f');
insert into AppearsIn(actor,movie,role) values (2765,40,'Pre-Crime Public Service Announcer');
insert into Actors(id,familyname,givenNames,gender) values (2766,'Perkins','Kathleen','f');
insert into AppearsIn(actor,movie,role) values (2766,60,'Mrs. Braithwaite');
insert into Actors(id,familyname,givenNames,gender) values (2767,'Peszek','Maria','f');
insert into AppearsIn(actor,movie,role) values (2767,43,'Young worker');
insert into Actors(id,familyname,givenNames,gender) values (2768,'Peterman','Melissa','f');
insert into AppearsIn(actor,movie,role) values (2768,59,'Hooker #2');
insert into Actors(id,familyname,givenNames,gender) values (2769,'Petersen','Else','f');
insert into AppearsIn(actor,movie,role) values (2769,14,'Old Female Assistant');
insert into Actors(id,familyname,givenNames,gender) values (2770,'Pfefferberg','Mila','f');
insert into AppearsIn(actor,movie,role) values (2770,43,'Herself - Schindler Mourner');
insert into Actors(id,familyname,givenNames,gender) values (2771,'Phelps','Laurie Meghan','f');
insert into AppearsIn(actor,movie,role) values (2771,44,'Homeland Security Officer');
insert into Actors(id,familyname,givenNames,gender) values (2772,'Phillips','Sian','f');
insert into AppearsIn(actor,movie,role) values (2772,46,'Rev. Mother Gaius Helen Mohiam');
insert into Actors(id,familyname,givenNames,gender) values (2773,'Phipps-Wilson','V.','f');
insert into AppearsIn(actor,movie,role) values (2773,48,'Landlady (long version)');
insert into Actors(id,familyname,givenNames,gender) values (2774,'Picciano','Marylee','f');
insert into AppearsIn(actor,movie,role) values (2774,28,'Bikini Girl');
insert into Actors(id,familyname,givenNames,gender) values (2775,'Piper','Emma','f');
insert into AppearsIn(actor,movie,role) values (2775,32,'Amy Matthews');
insert into Actors(id,familyname,givenNames,gender) values (2776,'Platten','Edith','f');
insert into AppearsIn(actor,movie,role) values (2776,32,'Paul''s Sister');
insert into Actors(id,familyname,givenNames,gender) values (2777,'Plazinic','Sandra','f');
insert into AppearsIn(actor,movie,role) values (2777,27,'Robot');
insert into Actors(id,familyname,givenNames,gender) values (2778,'Plum','Mette Munk','f');
insert into AppearsIn(actor,movie,role) values (2778,15,'Glauces Stemme');
insert into Actors(id,familyname,givenNames,gender) values (2779,'Poe','Juliet','f');
insert into AppearsIn(actor,movie,role) values (2779,30,'Church Sister');
insert into Actors(id,familyname,givenNames,gender) values (2780,'Pointer','Priscilla','f');
insert into AppearsIn(actor,movie,role) values (2780,45,'Mrs. Beaumont');
insert into Actors(id,familyname,givenNames,gender) values (2781,'Polcyn','Beverly','f');
insert into AppearsIn(actor,movie,role) values (2781,33,'Prostitute');
insert into Actors(id,familyname,givenNames,gender) values (2782,'Pompeo','Ellen','f');
insert into AppearsIn(actor,movie,role) values (2782,28,'Marci');
insert into Actors(id,familyname,givenNames,gender) values (2783,'Pounder','CCH','f');
insert into AppearsIn(actor,movie,role) values (2783,3,'Moha');
insert into Actors(id,familyname,givenNames,gender) values (2784,'Powell','Lyssie','f');
insert into AppearsIn(actor,movie,role) values (2784,51,'Blond in Bed (Corpse) in #17');
insert into Actors(id,familyname,givenNames,gender) values (2785,'Powers','Barbara','f');
insert into AppearsIn(actor,movie,role) values (2785,6,'Ticket Taker at Club Technoir');
insert into Actors(id,familyname,givenNames,gender) values (2786,'Prestininzi','Judy','f');
insert into AppearsIn(actor,movie,role) values (2786,4,'Molly Brown');
insert into AppearsIn(actor,movie,role) values (2786,7,'Praying Woman');
insert into Actors(id,familyname,givenNames,gender) values (2787,'Prevost','Ungenita','f');
insert into AppearsIn(actor,movie,role) values (2787,26,'Tecora Slave');
insert into Actors(id,familyname,givenNames,gender) values (2788,'Queensberry','Ann','f');
insert into AppearsIn(actor,movie,role) values (2788,32,'Mrs. Pym');
insert into Actors(id,familyname,givenNames,gender) values (2789,'Quintana','Ana Maria','f');
insert into AppearsIn(actor,movie,role) values (2789,28,'Hotel Maid');
insert into AppearsIn(actor,movie,role) values (2789,40,'Murder Bystander');
insert into AppearsIn(actor,movie,role) values (2789,44,'Government Inspector');
insert into Actors(id,familyname,givenNames,gender) values (2790,'Quirke','Pauline','f');
insert into AppearsIn(actor,movie,role) values (2790,47,'2nd Whore');
insert into Actors(id,familyname,givenNames,gender) values (2791,'Ra','Mi-ran','f');
insert into AppearsIn(actor,movie,role) values (2791,17,'Oh, Su-hee');
insert into Actors(id,familyname,givenNames,gender) values (2792,'Rainer','Georgia Rae','f');
insert into AppearsIn(actor,movie,role) values (2792,64,'Wharvey Gal');
insert into Actors(id,familyname,givenNames,gender) values (2793,'Ramirez','Claudia','f');
insert into AppearsIn(actor,movie,role) values (2793,46,'Fremen girl');
insert into Actors(id,familyname,givenNames,gender) values (2794,'Ranft','Thea','f');
insert into AppearsIn(actor,movie,role) values (2794,32,'British Prisoner');
insert into Actors(id,familyname,givenNames,gender) values (2795,'Ratzin','Lisa','f');
insert into AppearsIn(actor,movie,role) values (2795,7,'Dancer');
insert into Actors(id,familyname,givenNames,gender) values (2796,'Raven','Elsa','f');
insert into AppearsIn(actor,movie,role) values (2796,7,'Ida Strauss');
insert into Actors(id,familyname,givenNames,gender) values (2797,'Rayburn','Nicole','f');
insert into AppearsIn(actor,movie,role) values (2797,44,'Swatch Employee');
insert into Actors(id,familyname,givenNames,gender) values (2798,'Raye','Allie','f');
insert into AppearsIn(actor,movie,role) values (2798,40,'Hamburger Mom');
insert into Actors(id,familyname,givenNames,gender) values (2799,'Reddall','Dawn','f');
insert into AppearsIn(actor,movie,role) values (2799,36,'Dancer');
insert into Actors(id,familyname,givenNames,gender) values (2800,'Reeder','Ana','f');
insert into AppearsIn(actor,movie,role) values (2800,63,'Poolside Woman');
insert into Actors(id,familyname,givenNames,gender) values (2801,'Reid','Katie','f');
insert into AppearsIn(actor,movie,role) values (2801,45,'Party Girl');
insert into Actors(id,familyname,givenNames,gender) values (2802,'Reid','Tara','f');
insert into AppearsIn(actor,movie,role) values (2802,56,'Bunny Lebowski');
insert into Actors(id,familyname,givenNames,gender) values (2803,'Renea','Michelle','f');
insert into AppearsIn(actor,movie,role) values (2803,49,'Kari');
insert into Actors(id,familyname,givenNames,gender) values (2804,'Renee','Julene','f');
insert into AppearsIn(actor,movie,role) values (2804,3,'Med Tech #1');
insert into AppearsIn(actor,movie,role) values (2804,7,'Dancer');
insert into Actors(id,familyname,givenNames,gender) values (2805,'Renshaw','Jeannine','f');
insert into AppearsIn(actor,movie,role) values (2805,33,'Drama Teacher');
insert into Actors(id,familyname,givenNames,gender) values (2806,'Resendez','Audi','f');
insert into AppearsIn(actor,movie,role) values (2806,34,'Teenage Girl #1');
insert into Actors(id,familyname,givenNames,gender) values (2807,'Rhodes','Joan','f');
insert into AppearsIn(actor,movie,role) values (2807,47,'Cook');
insert into Actors(id,familyname,givenNames,gender) values (2808,'Rhodes','Wendy','f');
insert into AppearsIn(actor,movie,role) values (2808,49,'Salli');
insert into Actors(id,familyname,givenNames,gender) values (2809,'Richard','Emily','f');
insert into AppearsIn(actor,movie,role) values (2809,32,'Mary Graham, Jim''s mother');
insert into Actors(id,familyname,givenNames,gender) values (2810,'Richards','Ariana','f');
insert into AppearsIn(actor,movie,role) values (2810,38,'Lex Murphy');
insert into AppearsIn(actor,movie,role) values (2810,39,'Lex Murphy');
insert into Actors(id,familyname,givenNames,gender) values (2811,'Richardson','Miranda','f');
insert into AppearsIn(actor,movie,role) values (2811,32,'Mrs. Victor');
insert into Actors(id,familyname,givenNames,gender) values (2812,'Ridge','Dale','f');
insert into AppearsIn(actor,movie,role) values (2812,4,'Elizabeth Lines');
insert into Actors(id,familyname,givenNames,gender) values (2813,'Riffel','Rena','f');
insert into AppearsIn(actor,movie,role) values (2813,51,'Laney');
insert into Actors(id,familyname,givenNames,gender) values (2814,'Ritz','Rebecca','f');
insert into AppearsIn(actor,movie,role) values (2814,40,'Adulation #2');
insert into Actors(id,familyname,givenNames,gender) values (2815,'Roberts','Judith','f');
insert into AppearsIn(actor,movie,role) values (2815,48,'Beautiful Girl Across the Hall');
insert into Actors(id,familyname,givenNames,gender) values (2816,'Roberts','Julia','f');
insert into AppearsIn(actor,movie,role) values (2816,33,'Tinkerbell');
insert into Actors(id,familyname,givenNames,gender) values (2817,'Roberts','Pamela','f');
insert into AppearsIn(actor,movie,role) values (2817,40,'Violent Wife');
insert into Actors(id,familyname,givenNames,gender) values (2818,'Roberts','Yvonne','f');
insert into AppearsIn(actor,movie,role) values (2818,53,'First Prostitute');
insert into Actors(id,familyname,givenNames,gender) values (2819,'Robertson','Kimmy','f');
insert into AppearsIn(actor,movie,role) values (2819,53,'Lucy Moran');
insert into Actors(id,familyname,givenNames,gender) values (2820,'Robie','Wendy','f');
insert into AppearsIn(actor,movie,role) values (2820,53,'Nadine Hurley');
insert into Actors(id,familyname,givenNames,gender) values (2821,'Robison','Karin','f');
insert into AppearsIn(actor,movie,role) values (2821,53,'Angel in Train Car');
insert into Actors(id,familyname,givenNames,gender) values (2822,'Rodriguez','Diane','f');
insert into AppearsIn(actor,movie,role) values (2822,5,'Jolanda Salceda');
insert into Actors(id,familyname,givenNames,gender) values (2823,'Rodriguez','Michelle','f');
insert into AppearsIn(actor,movie,role) values (2823,3,'Trudy Chacon');
insert into Actors(id,familyname,givenNames,gender) values (2824,'Roma','Rhea','f');
insert into AppearsIn(actor,movie,role) values (2824,44,'Card Playing Traveler');
insert into Actors(id,familyname,givenNames,gender) values (2825,'Roquette','Suzanne','f');
insert into AppearsIn(actor,movie,role) values (2825,35,'Film Director');
insert into Actors(id,familyname,givenNames,gender) values (2826,'Rosati','Weronika','f');
insert into AppearsIn(actor,movie,role) values (2826,49,'Courtesan');
insert into Actors(id,familyname,givenNames,gender) values (2827,'Rosato','Mary Lou','f');
insert into AppearsIn(actor,movie,role) values (2827,60,'Mussburger''s Secretary');
insert into Actors(id,familyname,givenNames,gender) values (2828,'Rose','Rochelle','f');
insert into AppearsIn(actor,movie,role) values (2828,7,'Countess of Rothes');
insert into Actors(id,familyname,givenNames,gender) values (2829,'Rosen','Julieta','f');
insert into AppearsIn(actor,movie,role) values (2829,46,'Palace maid');
insert into Actors(id,familyname,givenNames,gender) values (2830,'Rosner','Helen','f');
insert into AppearsIn(actor,movie,role) values (2830,43,'Herself - Schindler Mourner');
insert into Actors(id,familyname,givenNames,gender) values (2831,'Rosner','Manci','f');
insert into AppearsIn(actor,movie,role) values (2831,43,'Herself - Schindler Mourner');
insert into Actors(id,familyname,givenNames,gender) values (2832,'Ross','Cali','f');
insert into AppearsIn(actor,movie,role) values (2832,28,'Airline Passenger');
insert into Actors(id,familyname,givenNames,gender) values (2833,'Rossellini','Isabella','f');
insert into AppearsIn(actor,movie,role) values (2833,45,'Dorothy Vallens');
insert into AppearsIn(actor,movie,role) values (2833,54,'Perdita Durango');
insert into Actors(id,familyname,givenNames,gender) values (2834,'Rothstein','Debbie','f');
insert into AppearsIn(actor,movie,role) values (2834,25,'USO Girl (Jitterbugger)');
insert into Actors(id,familyname,givenNames,gender) values (2835,'Rowan','Kelly','f');
insert into AppearsIn(actor,movie,role) values (2835,33,'Peter''s Mother');
insert into Actors(id,familyname,givenNames,gender) values (2836,'Rowe','Shawne','f');
insert into AppearsIn(actor,movie,role) values (2836,54,'Waitress');
insert into Actors(id,familyname,givenNames,gender) values (2837,'Rudrud','Kristin','f');
insert into AppearsIn(actor,movie,role) values (2837,59,'Jean Lundegaard');
insert into Actors(id,familyname,givenNames,gender) values (2838,'Ruiz','Mia M.','f');
insert into AppearsIn(actor,movie,role) values (2838,54,'Mr. Reindeer''s Resident Valet #1');
insert into Actors(id,familyname,givenNames,gender) values (2839,'Rush','Sarah','f');
insert into AppearsIn(actor,movie,role) values (2839,28,'Secretary');
insert into Actors(id,familyname,givenNames,gender) values (2840,'Russell','Nicole','f');
insert into AppearsIn(actor,movie,role) values (2840,65,'Glen and Dot''s Kid');
insert into Actors(id,familyname,givenNames,gender) values (2841,'Russell','Regina','f');
insert into AppearsIn(actor,movie,role) values (2841,33,'Mermaid');
insert into Actors(id,familyname,givenNames,gender) values (2842,'Ryan','Helen','f');
insert into AppearsIn(actor,movie,role) values (2842,47,'Princess Alex');
insert into Actors(id,familyname,givenNames,gender) values (2843,'Rybotycka','Beata','f');
insert into AppearsIn(actor,movie,role) values (2843,43,'Club Singer');
insert into Actors(id,familyname,givenNames,gender) values (2844,'Ryerson','Ann','f');
insert into AppearsIn(actor,movie,role) values (2844,40,'Dr. Katherine James');
insert into Actors(id,familyname,givenNames,gender) values (2845,'Sabljic','Lidia','f');
insert into AppearsIn(actor,movie,role) values (2845,28,'Pan Am Stewardess');
insert into Actors(id,familyname,givenNames,gender) values (2846,'Salazar','Theresa','f');
insert into AppearsIn(actor,movie,role) values (2846,51,'Dancer');
insert into Actors(id,familyname,givenNames,gender) values (2847,'Saldana','Zoe','f');
insert into AppearsIn(actor,movie,role) values (2847,3,'Neytiri');
insert into AppearsIn(actor,movie,role) values (2847,44,'Dolores Torres');
insert into Actors(id,familyname,givenNames,gender) values (2848,'Salla','Jeanine','f');
insert into AppearsIn(actor,movie,role) values (2848,27,'Sentient Machine Therapist');
insert into Actors(id,familyname,givenNames,gender) values (2849,'Salla','Laia','f');
insert into AppearsIn(actor,movie,role) values (2849,27,'Mr. Chan''s Assistant');
insert into Actors(id,familyname,givenNames,gender) values (2850,'Samuels','Thea','f');
insert into AppearsIn(actor,movie,role) values (2850,51,'Dancer');
insert into Actors(id,familyname,givenNames,gender) values (2851,'Sanders','Noell','f');
insert into AppearsIn(actor,movie,role) values (2851,65,'Glen and Dot''s Kid');
insert into Actors(id,familyname,givenNames,gender) values (2852,'Sanz','Margarita','f');
insert into AppearsIn(actor,movie,role) values (2852,46,'Lady Jessica''s maid');
insert into Actors(id,familyname,givenNames,gender) values (2853,'Sasser','Michelle','f');
insert into AppearsIn(actor,movie,role) values (2853,45,'Party Girl');
insert into Actors(id,familyname,givenNames,gender) values (2854,'Schepps','Shawn','f');
insert into AppearsIn(actor,movie,role) values (2854,6,'Nancy');
insert into Actors(id,familyname,givenNames,gender) values (2855,'Schindler','Emilie','f');
insert into AppearsIn(actor,movie,role) values (2855,43,'Herself - Schindler Mourner');
insert into Actors(id,familyname,givenNames,gender) values (2856,'Schockley','Aniijia Rae','f');
insert into AppearsIn(actor,movie,role) values (2856,30,'African Musician');
insert into Actors(id,familyname,givenNames,gender) values (2857,'Schooler','Heidi','f');
insert into AppearsIn(actor,movie,role) values (2857,49,'Lilli');
insert into Actors(id,familyname,givenNames,gender) values (2858,'Schultz','Jacqueline','f');
insert into AppearsIn(actor,movie,role) values (2858,39,'Screamer');
insert into Actors(id,familyname,givenNames,gender) values (2859,'Schwimmer','Rusty','f');
insert into AppearsIn(actor,movie,role) values (2859,26,'Mrs. Pendleton');
insert into Actors(id,familyname,givenNames,gender) values (2860,'Scoble','Lisa','f');
insert into AppearsIn(actor,movie,role) values (2860,47,'Siamese Twin');
insert into Actors(id,familyname,givenNames,gender) values (2861,'Scoble','Teri','f');
insert into AppearsIn(actor,movie,role) values (2861,47,'Siamese Twin');
insert into Actors(id,familyname,givenNames,gender) values (2862,'Scott','Amber','f');
insert into AppearsIn(actor,movie,role) values (2862,33,'Maggie Banning');
insert into Actors(id,familyname,givenNames,gender) values (2863,'Scott','Ashley','f');
insert into AppearsIn(actor,movie,role) values (2863,27,'Gigolo Jane');
insert into Actors(id,familyname,givenNames,gender) values (2864,'Scott','Cynthia Dale','f');
insert into AppearsIn(actor,movie,role) values (2864,2,'Cpl. Dietrich');
insert into Actors(id,familyname,givenNames,gender) values (2865,'Scott','Kimberly','f');
insert into AppearsIn(actor,movie,role) values (2865,1,'Lisa ''One Night'' Standing');
insert into Actors(id,familyname,givenNames,gender) values (2866,'Scott','Klea','f');
insert into AppearsIn(actor,movie,role) values (2866,40,'Pre-Crime Cop');
insert into Actors(id,familyname,givenNames,gender) values (2867,'Scott','Nicola','f');
insert into AppearsIn(actor,movie,role) values (2867,35,'Female Officer at Castle');
insert into Actors(id,familyname,givenNames,gender) values (2868,'Scott','Peggy','f');
insert into AppearsIn(actor,movie,role) values (2868,37,'Polly');
insert into Actors(id,familyname,givenNames,gender) values (2869,'Seadia','Dorit','f');
insert into AppearsIn(actor,movie,role) values (2869,43,'Plaszow Jewish Girl');
insert into Actors(id,familyname,givenNames,gender) values (2870,'Sedwick','Shannon','f');
insert into AppearsIn(actor,movie,role) values (2870,57,'Stripper');
insert into Actors(id,familyname,givenNames,gender) values (2871,'Seibel','Mary','f');
insert into AppearsIn(actor,movie,role) values (2871,65,'Parole Board Member');
insert into Actors(id,familyname,givenNames,gender) values (2872,'Seipp','Michele','f');
insert into AppearsIn(actor,movie,role) values (2872,54,'Girl at Zanzibar');
insert into Actors(id,familyname,givenNames,gender) values (2873,'Sekyi','Rebekkah','f');
insert into AppearsIn(actor,movie,role) values (2873,36,'Dancer');
insert into Actors(id,familyname,givenNames,gender) values (2874,'Seo','Yeong-ju','f');
insert into AppearsIn(actor,movie,role) values (2874,17,'Kim, Yang-hee');
insert into Actors(id,familyname,givenNames,gender) values (2875,'Serasinghe','Iranganie','f');
insert into AppearsIn(actor,movie,role) values (2875,36,'Village Woman');
insert into Actors(id,familyname,givenNames,gender) values (2876,'Serrano','Francesca','f');
insert into AppearsIn(actor,movie,role) values (2876,33,'Lost Boy in Play');
insert into Actors(id,familyname,givenNames,gender) values (2877,'Sevigny','Chloe','f');
insert into AppearsIn(actor,movie,role) values (2877,12,'Liz Henson');
insert into Actors(id,familyname,givenNames,gender) values (2878,'Seymour','Cara','f');
insert into AppearsIn(actor,movie,role) values (2878,11,'Linda Houston');
insert into Actors(id,familyname,givenNames,gender) values (2879,'Shedd','Natalie','f');
insert into AppearsIn(actor,movie,role) values (2879,64,'Wharvey Gal');
insert into Actors(id,familyname,givenNames,gender) values (2880,'Sheffield','Tamie','f');
insert into AppearsIn(actor,movie,role) values (2880,61,'Santa Fe Tart');
insert into Actors(id,familyname,givenNames,gender) values (2881,'Shen','Freda Foh','f');
insert into AppearsIn(actor,movie,role) values (2881,62,'Doughnut Woman');
insert into Actors(id,familyname,givenNames,gender) values (2882,'Shepherd','Jessica','f');
insert into AppearsIn(actor,movie,role) values (2882,59,'Hotel Clerk');
insert into Actors(id,familyname,givenNames,gender) values (2883,'Sherman','Kerry','f');
insert into AppearsIn(actor,movie,role) values (2883,25,'USO Girl');
insert into Actors(id,familyname,givenNames,gender) values (2884,'Shim','Shauna','f');
insert into AppearsIn(actor,movie,role) values (2884,12,'June');
insert into Actors(id,familyname,givenNames,gender) values (2885,'Simmons','Sarah','f');
insert into AppearsIn(actor,movie,role) values (2885,40,'Lamar Burgess'' Secretary');
insert into Actors(id,familyname,givenNames,gender) values (2886,'Simon','Katie','f');
insert into AppearsIn(actor,movie,role) values (2886,30,'Church Sister');
insert into Actors(id,familyname,givenNames,gender) values (2887,'Singleton','Hallie','f');
insert into AppearsIn(actor,movie,role) values (2887,62,'Craft Service');
insert into Actors(id,familyname,givenNames,gender) values (2888,'Slagsvol','Elizabeth','f');
insert into AppearsIn(actor,movie,role) values (2888,63,'Nurse');
insert into Actors(id,familyname,givenNames,gender) values (2889,'Slome','Susan','f');
insert into AppearsIn(actor,movie,role) values (2889,44,'Woman with Cart');
insert into Actors(id,familyname,givenNames,gender) values (2890,'Smalley','Clare','f');
insert into AppearsIn(actor,movie,role) values (2890,36,'Dancer');
insert into Actors(id,familyname,givenNames,gender) values (2891,'Smallwood','Vivian','f');
insert into AppearsIn(actor,movie,role) values (2891,62,'Tea Lady');
insert into Actors(id,familyname,givenNames,gender) values (2892,'Smart','Patsy','f');
insert into AppearsIn(actor,movie,role) values (2892,47,'Distraught Woman');
insert into Actors(id,familyname,givenNames,gender) values (2893,'Smiechowicz','Katarzyna','f');
insert into AppearsIn(actor,movie,role) values (2893,43,'German Girl');
insert into Actors(id,familyname,givenNames,gender) values (2894,'Smiley','Tava','f');
insert into AppearsIn(actor,movie,role) values (2894,4,'Herself');
insert into Actors(id,familyname,givenNames,gender) values (2895,'Smith','Anna Nicole','f');
insert into AppearsIn(actor,movie,role) values (2895,60,'Za-Za');
insert into Actors(id,familyname,givenNames,gender) values (2896,'Smith','Elizabeth Anne','f');
insert into AppearsIn(actor,movie,role) values (2896,40,'Technician');
insert into Actors(id,familyname,givenNames,gender) values (2897,'Smith','Lois','f');
insert into AppearsIn(actor,movie,role) values (2897,40,'Dr. Iris Hineman');
insert into Actors(id,familyname,givenNames,gender) values (2898,'Smith','Maggie','f');
insert into AppearsIn(actor,movie,role) values (2898,33,'Granny Wendy');
insert into Actors(id,familyname,givenNames,gender) values (2899,'Smith','Selden','f');
insert into AppearsIn(actor,movie,role) values (2899,45,'Nurse Cindy');
insert into Actors(id,familyname,givenNames,gender) values (2900,'Sorensen','Angela','f');
insert into AppearsIn(actor,movie,role) values (2900,28,'Party Girl');
insert into Actors(id,familyname,givenNames,gender) values (2901,'Sperber','Wendie Jo','f');
insert into AppearsIn(actor,movie,role) values (2901,25,'Maxine Dexheimer');
insert into Actors(id,familyname,givenNames,gender) values (2902,'Spielberg','Sasha','f');
insert into AppearsIn(actor,movie,role) values (2902,34,'Slugger');
insert into AppearsIn(actor,movie,role) values (2902,44,'Lucy');
insert into Actors(id,familyname,givenNames,gender) values (2903,'Spradling','Charlie','f');
insert into AppearsIn(actor,movie,role) values (2903,54,'Irma');
insert into Actors(id,familyname,givenNames,gender) values (2904,'Steen','Paprika','f');
insert into AppearsIn(actor,movie,role) values (2904,11,'Woman on Night Shift');
insert into Actors(id,familyname,givenNames,gender) values (2905,'Steenburgen','Mary','f');
insert into AppearsIn(actor,movie,role) values (2905,49,'Visitor #2');
insert into Actors(id,familyname,givenNames,gender) values (2906,'Stein','Johanna','f');
insert into AppearsIn(actor,movie,role) values (2906,51,'Woman in #12');
insert into Actors(id,familyname,givenNames,gender) values (2907,'Stein','Mary','f');
insert into AppearsIn(actor,movie,role) values (2907,31,'Medic');
insert into Actors(id,familyname,givenNames,gender) values (2908,'Stephens','Heather','f');
insert into AppearsIn(actor,movie,role) values (2908,50,'Lanie');
insert into Actors(id,familyname,givenNames,gender) values (2909,'Stern','Mrs. Itzhak','f');
insert into AppearsIn(actor,movie,role) values (2909,43,'Herself - Schindler Mourner');
insert into Actors(id,familyname,givenNames,gender) values (2910,'Stewart','Charlotte','f');
insert into AppearsIn(actor,movie,role) values (2910,48,'Mary X');
insert into AppearsIn(actor,movie,role) values (2910,53,'Betty Briggs');
insert into Actors(id,familyname,givenNames,gender) values (2911,'Stewart','Sophia','f');
insert into AppearsIn(actor,movie,role) values (2911,34,'Malt Shop Teen');
insert into Actors(id,familyname,givenNames,gender) values (2912,'Stockton','Rose','f');
insert into AppearsIn(actor,movie,role) values (2912,59,'Valerie');
insert into Actors(id,familyname,givenNames,gender) values (2913,'Stofle','Emily','f');
insert into AppearsIn(actor,movie,role) values (2913,49,'Lanni');
insert into Actors(id,familyname,givenNames,gender) values (2914,'Stole','Mink','f');
insert into AppearsIn(actor,movie,role) values (2914,50,'Forewoman');
insert into Actors(id,familyname,givenNames,gender) values (2915,'Streep','Meryl','f');
insert into AppearsIn(actor,movie,role) values (2915,27,'Blue Mecha');
insert into Actors(id,familyname,givenNames,gender) values (2916,'Strittmatter','Cyd','f');
insert into AppearsIn(actor,movie,role) values (2916,39,'Mrs. Deirdre Bowman');
insert into Actors(id,familyname,givenNames,gender) values (2917,'Strong','Tara','f');
insert into AppearsIn(actor,movie,role) values (2917,40,'Tutorial Voice Over');
insert into Actors(id,familyname,givenNames,gender) values (2918,'Stuart','Gloria','f');
insert into AppearsIn(actor,movie,role) values (2918,7,'Old Rose');
insert into Actors(id,familyname,givenNames,gender) values (2919,'Sukowa','Barbara','f');
insert into AppearsIn(actor,movie,role) values (2919,14,'Katharina Hartmann');
insert into Actors(id,familyname,givenNames,gender) values (2920,'Swinton','Tilda','f');
insert into AppearsIn(actor,movie,role) values (2920,58,'Katie Cox');
insert into Actors(id,familyname,givenNames,gender) values (2921,'Syme','Jennifer','f');
insert into AppearsIn(actor,movie,role) values (2921,50,'Junkie Girl');
insert into Actors(id,familyname,givenNames,gender) values (2922,'Szumilas','Emanuela','f');
insert into AppearsIn(actor,movie,role) values (2922,44,'Daughter');
insert into Actors(id,familyname,givenNames,gender) values (2923,'Szyc','Etl','f');
insert into AppearsIn(actor,movie,role) values (2923,43,'Ghetto Woman');
insert into Actors(id,familyname,givenNames,gender) values (2924,'Taggart','Rita','f');
insert into AppearsIn(actor,movie,role) values (2924,25,'Reporter');
insert into AppearsIn(actor,movie,role) values (2924,51,'Linney James');
insert into Actors(id,familyname,givenNames,gender) values (2925,'Takeda','Margie','f');
insert into AppearsIn(actor,movie,role) values (2925,33,'Lost Boy in Play');
insert into Actors(id,familyname,givenNames,gender) values (2926,null,'Talila','f');
insert into AppearsIn(actor,movie,role) values (2926,14,'Jewish Wife');
insert into Actors(id,familyname,givenNames,gender) values (2927,'Tasco','Maryn','f');
insert into AppearsIn(actor,movie,role) values (2927,62,'Tea Lady');
insert into Actors(id,familyname,givenNames,gender) values (2928,'Tashjian','Janace','f');
insert into AppearsIn(actor,movie,role) values (2928,4,'Edith Russell');
insert into Actors(id,familyname,givenNames,gender) values (2929,'Tate','Mia','f');
insert into AppearsIn(actor,movie,role) values (2929,64,'Siren');
insert into Actors(id,familyname,givenNames,gender) values (2930,'Taylor','Christy','f');
insert into AppearsIn(actor,movie,role) values (2930,64,'Siren');
insert into Actors(id,familyname,givenNames,gender) values (2931,'Taylor','Ethel','f');
insert into AppearsIn(actor,movie,role) values (2931,30,'Church Sister');
insert into Actors(id,familyname,givenNames,gender) values (2932,'Taylor','KoKo','f');
insert into AppearsIn(actor,movie,role) values (2932,54,'Singer at Zanzibar');
insert into Actors(id,familyname,givenNames,gender) values (2933,'Teefy','Maureen','f');
insert into AppearsIn(actor,movie,role) values (2933,25,'USO Girl');
insert into Actors(id,familyname,givenNames,gender) values (2934,'Tenerelli','Jacki','f');
insert into AppearsIn(actor,movie,role) values (2934,28,'Flight Attendant');
insert into Actors(id,familyname,givenNames,gender) values (2935,'Thiam','Lamine','f');
insert into AppearsIn(actor,movie,role) values (2935,26,'Mahmud');
insert into Actors(id,familyname,givenNames,gender) values (2936,'Thomsen','Anne Werner','f');
insert into AppearsIn(actor,movie,role) values (2936,14,'Mrs. Ravenstein');
insert into Actors(id,familyname,givenNames,gender) values (2937,'Thrasher','Katie','f');
insert into AppearsIn(actor,movie,role) values (2937,65,'Glen and Dot''s Kid');
insert into Actors(id,familyname,givenNames,gender) values (2938,'Tosin','Omo Lara','f');
insert into AppearsIn(actor,movie,role) values (2938,26,'Kula');
insert into Actors(id,familyname,givenNames,gender) values (2939,'Towne','Katharine','f');
insert into AppearsIn(actor,movie,role) values (2939,51,'Cynthia Jenzen');
insert into Actors(id,familyname,givenNames,gender) values (2940,'Townsend','Isabelle','f');
insert into AppearsIn(actor,movie,role) values (2940,55,'Beauty');
insert into Actors(id,familyname,givenNames,gender) values (2941,'Traister','Holly','f');
insert into AppearsIn(actor,movie,role) values (2941,44,'Nun');
insert into Actors(id,familyname,givenNames,gender) values (2942,'Travis','Stacey','f');
insert into AppearsIn(actor,movie,role) values (2942,61,'Bonnie Donaly');
insert into Actors(id,familyname,givenNames,gender) values (2943,'Travolta','Margaret','f');
insert into AppearsIn(actor,movie,role) values (2943,28,'Ms. Davenport');
insert into Actors(id,familyname,givenNames,gender) values (2944,'Turner','Anna','f');
insert into AppearsIn(actor,movie,role) values (2944,32,'Mrs. Gilmour');
insert into Actors(id,familyname,givenNames,gender) values (2945,'Turner','Kat','f');
insert into AppearsIn(actor,movie,role) values (2945,49,'Dori');
insert into Actors(id,familyname,givenNames,gender) values (2946,'Turnock','Jenny','f');
insert into AppearsIn(actor,movie,role) values (2946,36,'Dancer');
insert into Actors(id,familyname,givenNames,gender) values (2947,'Undiel','Margaret','f');
insert into AppearsIn(actor,movie,role) values (2947,9,'Laurie');
insert into Actors(id,familyname,givenNames,gender) values (2948,'Valdez','Adriana','f');
insert into AppearsIn(actor,movie,role) values (2948,4,'Helen Churchill Candee');
insert into Actors(id,familyname,givenNames,gender) values (2949,'van Blokland','Tanya','f');
insert into AppearsIn(actor,movie,role) values (2949,44,'Passenger');
insert into Actors(id,familyname,givenNames,gender) values (2950,'Vance','Gayle','f');
insert into AppearsIn(actor,movie,role) values (2950,55,'Geisler''s Secretary');
insert into Actors(id,familyname,givenNames,gender) values (2951,'Vander','Musetta','f');
insert into AppearsIn(actor,movie,role) values (2951,64,'Siren');
insert into Actors(id,familyname,givenNames,gender) values (2952,'Voltaire','Jacqueline','f');
insert into AppearsIn(actor,movie,role) values (2952,46,'Bit Part');
insert into Actors(id,familyname,givenNames,gender) values (2953,'Waddell','Alison','f');
insert into AppearsIn(actor,movie,role) values (2953,7,'Cal''s Crying Girl');
insert into Actors(id,familyname,givenNames,gender) values (2954,'Waddell','Amber','f');
insert into AppearsIn(actor,movie,role) values (2954,7,'Cal''s Crying Girl');
insert into Actors(id,familyname,givenNames,gender) values (2955,'Wagner','Agnieszka','f');
insert into AppearsIn(actor,movie,role) values (2955,43,'Brinnlitz Girl');
insert into Actors(id,familyname,givenNames,gender) values (2956,'Wagner','Jeannine','f');
insert into AppearsIn(actor,movie,role) values (2956,33,'Pianist');
insert into Actors(id,familyname,givenNames,gender) values (2957,'Wainwright','Camille','f');
insert into AppearsIn(actor,movie,role) values (2957,28,'Mary');
insert into Actors(id,familyname,givenNames,gender) values (2958,'Wallace','Dee','f');
insert into AppearsIn(actor,movie,role) values (2958,31,'Mary');
insert into Actors(id,familyname,givenNames,gender) values (2959,'Walters','Ingrid','f');
insert into AppearsIn(actor,movie,role) values (2959,26,'Woman Overboard with Baby');
insert into Actors(id,familyname,givenNames,gender) values (2960,'Warden','Samantha','f');
insert into AppearsIn(actor,movie,role) values (2960,32,'British Prisoner');
insert into Actors(id,familyname,givenNames,gender) values (2961,'Warren','Kiersten','f');
insert into AppearsIn(actor,movie,role) values (2961,61,'Claire O''Mara');
insert into Actors(id,familyname,givenNames,gender) values (2962,'Watts','Naomi','f');
insert into AppearsIn(actor,movie,role) values (2962,49,'Suzie Rabbit');
insert into AppearsIn(actor,movie,role) values (2962,51,'Betty Elms/Diane Selwyn');
insert into AppearsIn(actor,movie,role) values (2962,52,'Suzie');
insert into Actors(id,familyname,givenNames,gender) values (2963,'Weaver','Sigourney','f');
insert into AppearsIn(actor,movie,role) values (2963,2,'Ellen Ripley');
insert into AppearsIn(actor,movie,role) values (2963,3,'Dr. Grace Augustine');
insert into Actors(id,familyname,givenNames,gender) values (2964,'Welby','Ruth','f');
insert into AppearsIn(actor,movie,role) values (2964,36,'Dancer');
insert into Actors(id,familyname,givenNames,gender) values (2965,'Welch','Gillian','f');
insert into AppearsIn(actor,movie,role) values (2965,64,'Soggy Bottom Customer');
insert into Actors(id,familyname,givenNames,gender) values (2966,'Welsh','Pat','f');
insert into AppearsIn(actor,movie,role) values (2966,31,'E.T.');
insert into Actors(id,familyname,givenNames,gender) values (2967,'Westbrook','Terryn','f');
insert into AppearsIn(actor,movie,role) values (2967,49,'Chelsi');
insert into Actors(id,familyname,givenNames,gender) values (2968,'Whitaker','Muriel','f');
insert into AppearsIn(actor,movie,role) values (2968,62,'Tea Lady');
insert into Actors(id,familyname,givenNames,gender) values (2969,'White','Cheryl','f');
insert into AppearsIn(actor,movie,role) values (2969,64,'The Whites');
insert into Actors(id,familyname,givenNames,gender) values (2970,'White','Sharon','f');
insert into AppearsIn(actor,movie,role) values (2970,64,'The Whites');
insert into Actors(id,familyname,givenNames,gender) values (2971,'Wilber','Cynthia','f');
insert into AppearsIn(actor,movie,role) values (2971,44,'Amelia''s Friend');
insert into Actors(id,familyname,givenNames,gender) values (2972,'Wilhoit','Lisa','f');
insert into AppearsIn(actor,movie,role) values (2972,33,'Baby Tinkerbell');
insert into Actors(id,familyname,givenNames,gender) values (2973,'Williams','Carol Ann','f');
insert into AppearsIn(actor,movie,role) values (2973,25,'USO Girl');
insert into Actors(id,familyname,givenNames,gender) values (2974,'Williams','Jenny','f');
insert into AppearsIn(actor,movie,role) values (2974,25,'USO Girl');
insert into Actors(id,familyname,givenNames,gender) values (2975,'Williams','Sherly Acosta','f');
insert into AppearsIn(actor,movie,role) values (2975,26,'Cinque''s Wife');
insert into Actors(id,familyname,givenNames,gender) values (2976,'Wilson','Jane Edith','f');
insert into AppearsIn(actor,movie,role) values (2976,28,'Bar Examiner');
insert into Actors(id,familyname,givenNames,gender) values (2977,'Winfrey','Oprah','f');
insert into AppearsIn(actor,movie,role) values (2977,30,'Sofia');
insert into Actors(id,familyname,givenNames,gender) values (2978,'Wingert','Sally','f');
insert into AppearsIn(actor,movie,role) values (2978,59,'Irate Customer''s Wife');
insert into Actors(id,familyname,givenNames,gender) values (2979,'Winslet','Kate','f');
insert into AppearsIn(actor,movie,role) values (2979,7,'Rose DeWitt Bukater');
insert into Actors(id,familyname,givenNames,gender) values (2980,'Witt','Alicia','f');
insert into AppearsIn(actor,movie,role) values (2980,46,'Alia');
insert into Actors(id,familyname,givenNames,gender) values (2981,'Worthington','Wendy','f');
insert into AppearsIn(actor,movie,role) values (2981,28,'Receptionist');
insert into Actors(id,familyname,givenNames,gender) values (2982,'Wright','Jacqueline','f');
insert into AppearsIn(actor,movie,role) values (2982,58,'Monica');
insert into Actors(id,familyname,givenNames,gender) values (2983,'Wright','Penny','f');
insert into AppearsIn(actor,movie,role) values (2983,47,'Horse');
insert into Actors(id,familyname,givenNames,gender) values (2984,'Wryn','Molly','f');
insert into AppearsIn(actor,movie,role) values (2984,46,'Harah');
insert into Actors(id,familyname,givenNames,gender) values (2985,'Wyler','Crystina','f');
insert into AppearsIn(actor,movie,role) values (2985,8,'Charlene');
insert into Actors(id,familyname,givenNames,gender) values (2986,'Wyrobiec-Bank','Lidia','f');
insert into AppearsIn(actor,movie,role) values (2986,43,'Clara Sternberg');
insert into Actors(id,familyname,givenNames,gender) values (2987,'Yancy','Emily','f');
insert into AppearsIn(actor,movie,role) values (2987,1,'Woman Reporter');
insert into Actors(id,familyname,givenNames,gender) values (2988,'Ye','Lu','f');
insert into AppearsIn(actor,movie,role) values (2988,32,'Merchant');
insert into Actors(id,familyname,givenNames,gender) values (2989,'Yeagley','Susan','f');
insert into AppearsIn(actor,movie,role) values (2989,61,'Tart #1');
insert into Actors(id,familyname,givenNames,gender) values (2990,'Yerushalmi','Esti','f');
insert into AppearsIn(actor,movie,role) values (2990,43,'Plaszow Jewish Girl');
insert into Actors(id,familyname,givenNames,gender) values (2991,'Young','Sean','f');
insert into AppearsIn(actor,movie,role) values (2991,46,'Chani');
insert into Actors(id,familyname,givenNames,gender) values (2992,'Yu','Ho-jeong','f');
insert into AppearsIn(actor,movie,role) values (2992,21,'Il-sun''s mother');
insert into Actors(id,familyname,givenNames,gender) values (2993,'Yun','Jin-seo','f');
insert into AppearsIn(actor,movie,role) values (2993,17,'A prisoner');
insert into AppearsIn(actor,movie,role) values (2993,20,'Lee Soo-ah');
insert into Actors(id,familyname,givenNames,gender) values (2994,'Yun','Su-kyeong','f');
insert into AppearsIn(actor,movie,role) values (2994,20,'Oldboy (2003)  &lt;16&gt;');
insert into Actors(id,familyname,givenNames,gender) values (2995,'Zabawa','Lucyna','f');
insert into AppearsIn(actor,movie,role) values (2995,43,'Ghetto Woman');
insert into Actors(id,familyname,givenNames,gender) values (2996,'Zabriskie','Grace','f');
insert into AppearsIn(actor,movie,role) values (2996,49,'Visitor #1');
insert into AppearsIn(actor,movie,role) values (2996,53,'Sarah Palmer');
insert into AppearsIn(actor,movie,role) values (2996,54,'Juana Durango');
insert into Actors(id,familyname,givenNames,gender) values (2997,'Zalman','Hilary Rose','f');
insert into AppearsIn(actor,movie,role) values (2997,28,'Pan Am Girl');
insert into Actors(id,familyname,givenNames,gender) values (2998,'Zaremba','Dianne','f');
insert into AppearsIn(actor,movie,role) values (2998,34,'College Student');
insert into Actors(id,familyname,givenNames,gender) values (2999,'Zeta-Jones','Catherine','f');
insert into AppearsIn(actor,movie,role) values (2999,61,'Marylin');
insert into AppearsIn(actor,movie,role) values (2999,44,'Amelia Warren');
